21641  1
    1    351   333   300    7
    2    520   501   547    7
    3    263   246   323    7
    4    622   581   589    7
    5    504   511   474    7
    6    146   171   147    7
    7    370   383   417    7
    8    630   589   599    7
    9    195   163   157    7
   10    291   256   286    7
   11    242   218   205    7
   12    444   420   397    7
   13    517   511   552    7
   14    612   590   616    7
   15    862   879   894    7
   16    476   456   500    7
   17    703   680   718    7
   18    686   725   722    7
   19    699   708   666    7
   20    722   725   755    7
   21    963   952   937    7
   22    857   879   839    7
   23    593   579   625    7
   24    497   531   504    7
   25    674   684   657    7
   26    653   640   685    7
   27    696   735   741    7
   28    500   513   476    7
   29    682   695   706    7
   30    667   695   682    7
   31     77    98    81    7
   32    202   228   197    7
   33    383   434   417    7
   34    403   374   448    7
   35    640   624   675    7
   36    289   238   269    7
   37    698   662   694    7
   38    350   321   378    7
   39    448   419   473    7
   40    626   620   647    7
   41    523   489   549    7
   42    191   231   216    7
   43    397   352   391    7
   44    145   178   158    7
   45    339   291   329    7
   46    626   604   595    7
   47    500   456   472    7
   48     11    12    24    7
   49     81    86    65    7
   50    170   180   202    7
   51    192   160   168    7
   52     34    45    26    7
   53    184   188   153    7
   54    158   128   145    7
   55    221   175   211    7
   56     76    97    70    7
   57    273   288   322    7
   58    243   280   232    7
   59    346   389   386    7
   60    415   453   459    7
   61     24    29    40    7
   62    163   136   130    7
   63     61    41    42    7
   64     95    97   123    7
   65    111   142   139    7
   66    454   421   413    7
   67    441   451   399    7
   68    130   106    99    7
   69    577   583   617    7
   70    511   517   479    7
   71    652   654   619    7
   72    646   629   601    7
   73    544   499   490    7
   74    439   441   395    7
   75    365   407   376    7
   76    719   698   728    7
   77    563   540   507    7
   78    688   723   700    7
   79    819   849   854    7
   80    839   879   862    7
   81    691   714   690    7
   82    332   380   368    7
   83    696   741   727    7
   84    747   699   720    7
   85    699   648   681    7
   86    779   759   727    7
   87    634   652   614    7
   88    754   767   733    7
   89    829   804   838    7
   90    703   737   724    7
   91    815   848   838    7
   92    904   919   935    7
   93    964   992   983    7
   94    909   882   917    7
   95    846   895   869    7
   96    710   746   713    7
   97   1018  1014  1002    7
   98   1050  1048  1037    7
   99    939   965   932    7
  100   1035  1048  1042    7
  101   1046  1053  1039    7
  102    902   918   876    7
  103   1061  1052  1057    7
  104   1054  1043  1049    7
  105   1044  1047  1032    7
  106    594   569   555    7
  107    709   729   731    7
  108    262   272   307    7
  109    709   687   706    7
  110    657   637   626    7
  111    702   684   674    7
  112   1023  1028  1008    7
  113   1019  1024  1037    7
  114    771   728   730    7
  115    721   685   675    7
  116    584   550   521    7
  117    874   856   832    7
  118    707   736   716    7
  119    832   831   874    7
  120    769   773   751    7
  121    916   874   870    7
  122    970   957   990    7
  123    744   729   716    7
  124    916   905   874    7
  125    771   750   728    7
  126    113   126   104    7
  127     80    60    71    7
  128    100    98   119    7
  129    144   173   149    7
  130    116   110   137    7
  131     36    45    60    7
  132     89    80    71    7
  133     93    94   122    7
  134    149   120   126    7
  135    191   218   231    7
  136    149   152   120    7
  137    122   137   110    7
  138    202   197   170    7
  139    230   223   196    7
  140    266   303   265    7
  141    217   184   185    7
  142    246   263   208    7
  143    119    98   127    7
  144     86   100   112    7
  145    147   125   146    7
  146    172   170   197    7
  147    138   112   147    7
  148    171   201   180    7
  149    228   230   197    7
  150    208   263   224    7
  151    289   292   255    7
  152    382   378   317    7
  153    378   433   405    7
  154    336   292   289    7
  155    382   317   323    7
  156    382   403   450    7
  157    473   521   448    7
  158    653   603   640    7
  159    537   573   548    7
  160    516   484   550    7
  161    489   516   549    7
  162    484   448   521    7
  163    352   347   391    7
  164    303   325   347    7
  165    537   513   500    7
  166    435   397   391    7
  167    628   644   661    7
  168    526   513   548    7
  169    222   188   220    7
  170    223   230   265    7
  171    352   329   309    7
  172    256   223   265    7
  173    329   291   286    7
  174    220   184   217    7
  175    265   303   309    7
  176    278   292   325    7
  177    318   283   281    7
  178    580   536   551    7
  179    385   431   422    7
  180    346   343   389    7
  181    404   458   409    7
  182    386   354   346    7
  183    487   507   462    7
  184    540   563   575    7
  185    491   452   457    7
  186    330   343   301    7
  187    466   506   525    7
  188    514   470   481    7
  189    496   449   458    7
  190    427   386   389    7
  191    426   467   425    7
  192    192   176   160    7
  193    599   575   615    7
  194    563   507   539    7
  195    376   385   341    7
  196    260   221   258    7
  197    404   409   363    7
  198    282   243   275    7
  199    481   431   449    7
  200    449   431   407    7
  201    316   358   328    7
  202    328   331   287    7
  203     37    29    20    7
  204     68    62    48    7
  205    319   327   280    7
  206    191   216   179    7
  207    297   248   290    7
  208    248   225   210    7
  209    116   137   145    7
  210    122   152   153    7
  211    114    87    96    7
  212    137   169   145    7
  213    184   153   152    7
  214    169   137   153    7
  215    203   168   179    7
  216    114   133   105    7
  217     51    44    62    7
  218     94    80   104    7
  219     93    68    94    7
  220    122   153   137    7
  221    198   182   225    7
  222     90   110   116    7
  223     37    40    29    7
  224     12     5    16    7
  225     56    66    55    7
  226     24    12    29    7
  227    128   114    96    7
  228     69    54    51    7
  229     96    87    69    7
  230    148   176   182    7
  231     74    91   101    7
  232     23    13    11    7
  233     39    56    55    7
  234    190   155   175    7
  235    210   225   182    7
  236    410   375   366    7
  237    219   227   259    7
  238    240   264   279    7
  239    227   240   276    7
  240    297   290   334    7
  241    358   366   328    7
  242    308   264   297    7
  243    304   298   345    7
  244    183   219   211    7
  245    294   342   340    7
  246    335   288   314    7
  247    455   406   447    7
  248    304   314   271    7
  249     22    31    42    7
  250     28    14    22    7
  251    159   123   131    7
  252    131   123    97    7
  253    299   322   342    7
  254    369   335   360    7
  255    316   353   358    7
  256    406   410   366    7
  257     50    63    75    7
  258    226   181   190    7
  259     99    78    67    7
  260     97   109   131    7
  261    294   340   300    7
  262    326   305   361    7
  263    136   106   130    7
  264     47    32    53    7
  265    239   277   305    7
  266    157   130   124    7
  267    270   235   296    7
  268    162   174   135    7
  269    162   136   186    7
  270    296   324   270    7
  271    207   174   162    7
  272    372   337   310    7
  273    367   306   324    7
  274    337   296   268    7
  275    195   157   193    7
  276    156   193   157    7
  277    247   234   199    7
  278    167   159   131    7
  279    607   610   571    7
  280    247   254   294    7
  281    373   369   408    7
  282    437   400   394    7
  283    284   344   310    7
  284    402   361   356    7
  285    377   344   326    7
  286    413   361   402    7
  287    393   351   396    7
  288    483   446   442    7
  289    402   356   393    7
  290    337   395   355    7
  291    418   367   399    7
  292    432   421   461    7
  293    600   605   570    7
  294    499   463   460    7
  295    463   414   460    7
  296    357   414   379    7
  297    535   509   505    7
  298    475   463   505    7
  299    608   556   577    7
  300    505   463   499    7
  301    490   499   460    7
  302    270   306   249    7
  303    544   533   499    7
  304    460   418   451    7
  305    519   486   517    7
  306    441   399   395    7
  307    557   515   529    7
  308    552   511   542    7
  309    480   483   442    7
  310    384   340   342    7
  311    428   436   396    7
  312    524   482   510    7
  313    534   530   574    7
  314    529   502   543    7
  315    402   393   442    7
  316    351   300   340    7
  317    437   482   445    7
  318    543   576   571    7
  319    480   436   468    7
  320    442   393   436    7
  321    394   425   437    7
  322    541   576   543    7
  323    316   276   315    7
  324    599   560   575    7
  325    348   385   390    7
  326    431   481   470    7
  327    527   477   478    7
  328    477   510   467    7
  329    437   467   482    7
  330    625   648   666    7
  331    558   512   538    7
  332    422   390   385    7
  333    532   524   562    7
  334    512   527   478    7
  335    510   527   553    7
  336    558   581   602    7
  337    630   622   589    7
  338    581   538   546    7
  339    656   622   630    7
  340    602   579   558    7
  341    846   803   833    7
  342    697   656   676    7
  343    860   852   825    7
  344    926   942   954    7
  345    900   893   860    7
  346    782   739   747    7
  347   1031  1012  1032    7
  348   1057  1045  1047    7
  349    792   775   756    7
  350    605   576   570    7
  351    679   673   710    7
  352    917   888   901    7
  353    639   600   632    7
  354    570   532   562    7
  355    713   680   679    7
  356    571   576   607    7
  357    705   671   708    7
  358    593   553   579    7
  359    746   710   742    7
  360    605   607   576    7
  361    663   618   638    7
  362    677   664   704    7
  363    629   598   601    7
  364    713   753   718    7
  365    775   805   797    7
  366    862   885   851    7
  367    677   652   634    7
  368    586   554   552    7
  369    617   619   654    7
  370    583   554   586    7
  371    664   634   629    7
  372    614   585   634    7
  373    790   799   767    7
  374    894   885   862    7
  375    828   817   842    7
  376    830   805   839    7
  377    796   761   770    7
  378    858   838   872    7
  379    763   775   797    7
  380    784   778   813    7
  381    792   826   805    7
  382    850   814   834    7
  383    830   839   862    7
  384    839   826   857    7
  385    879   904   894    7
  386    879   857   890    7
  387    945   935   919    7
  388    945   919   914    7
  389    859   881   848    7
  390    881   872   848    7
  391    966   954   942    7
  392    923   956   950    7
  393    954   979   969    7
  394    901   889   921    7
  395    999   980   984    7
  396    956   929   960    7
  397    995   968   975    7
  398    991  1014  1006    7
  399    974   992   964    7
  400   1007  1018  1002    7
  401    960   965   991    7
  402   1033  1025  1015    7
  403    984   991  1006    7
  404    983  1007  1002    7
  405    992   997  1015    7
  406   1061  1057  1063    7
  407   1039  1044  1028    7
  408   1057  1059  1063    7
  409   1057  1047  1059    7
  410   1059  1065  1063    7
  411   1064  1055  1062    7
  412    780   741   735    7
  413   1046  1038  1056    7
  414    995   987   968    7
  415   1031  1032  1047    7
  416   1005   988  1012    7
  417    962   987   974    7
  418   1015  1007   992    7
  419   1019  1001  1024    7
  420    944   949   978    7
  421   1010  1017  1029    7
  422   1017  1019  1035    7
  423   1029  1035  1042    7
  424    918   902   943    7
  425    833   803   779    7
  426    823   779   780    7
  427    940   912   911    7
  428    974   987   997    7
  429    975   944   978    7
  430    655   701   696    7
  431    528   481   496    7
  432    615   649   599    7
  433    656   648   622    7
  434    700   734   701    7
  435    902   899   933    7
  436    701   734   735    7
  437    902   933   943    7
  438    631   660   669    7
  439    731   729   751    7
  440    762   773   785    7
  441    752   774   734    7
  442    772   808   822    7
  443    906   944   938    7
  444    927   941   911    7
  445    752   734   723    7
  446    808   807   847    7
  447    957   927   947    7
  448    844   880   887    7
  449    897   871   892    7
  450    978   949   959    7
  451    959   924   940    7
  452    758   765   736    7
  453    781   749   777    7
  454    794   800   773    7
  455    837   877   845    7
  456    738   743   712    7
  457    800   794   818    7
  458    665   641   659    7
  459    582   604   611    7
  460    661   690   668    7
  461    777   768   802    7
  462    773   762   751    7
  463    687   691   670    7
  464    751   762   731    7
  465    764   793   768    7
  466    653   623   603    7
  467    596   613   572    7
  468    685   640   675    7
  469    603   584   640    7
  470    659   633   637    7
  471    620   613   651    7
  472    745   726   717    7
  473    716   729   706    7
  474    719   728   750    7
  475    685   721   730    7
  476    758   736   726    7
  477    812   788   809    7
  478    820   789   771    7
  479    745   776   758    7
  480    794   773   769    7
  481    812   835   798    7
  482    878   903   883    7
  483    973   998   976    7
  484    873   865   835    7
  485    806   793   785    7
  486    827   800   818    7
  487    865   841   835    7
  488    843   871   837    7
  489    880   877   911    7
  490    837   802   816    7
  491    947   972   957    7
  492    993   988   967    7
  493   1008  1004  1023    7
  494    931   948   898    7
  495   1013  1008  1028    7
  496   1004  1009  1023    7
  497   1059  1064  1065    7
  498   1038  1022  1041    7
  499    955   928   948    7
  500    913   892   883    7
  501    958   973   948    7
  502    934   931   907    7
  503   1030  1009  1022    7
  504   1004   990   982    7
  505   1053  1046  1060    7
  506   1039  1030  1046    7
  507     77   102    98    7
  508    102   127    98    7
  509     52    65    71    7
  510     58    77    81    7
  511    164   200   208    7
  512    134   127   102    7
  513    151   146   119    7
  514    125   147   112    7
  515    125   100   119    7
  516     81    98   100    7
  517    113   112   138    7
  518     89    71    86    7
  519    146   125   119    7
  520    112   100   125    7
  521     81    65    58    7
  522     52    34    46    7
  523     65    52    46    7
  524     71    60    52    7
  525     58    65    46    7
  526     81   100    86    7
  527    113    89   112    7
  528     71    65    86    7
  529     45    52    60    7
  530     30    36    48    7
  531     19    26    36    7
  532     26    45    36    7
  533     34    52    45    7
  534     19    36    30    7
  535     21    30    44    7
  536     15    19    30    7
  537     30    48    44    7
  538     36    60    48    7
  539     72    62    82    7
  540     48    60    68    7
  541    120    94   104    7
  542     68    60    80    7
  543    122    94   120    7
  544     68    80    94    7
  545     93   122   110    7
  546    120   152   122    7
  547    112    89    86    7
  548    104    80    89    7
  549    144   113   138    7
  550    104    89   113    7
  551    144   126   113    7
  552    120   104   126    7
  553    170   172   138    7
  554    172   197   196    7
  555    170   147   180    7
  556    170   138   147    7
  557    196   173   172    7
  558    144   138   172    7
  559    172   173   144    7
  560    185   184   152    7
  561    144   149   126    7
  562    173   185   149    7
  563    149   185   152    7
  564    257   252   285    7
  565    196   185   173    7
  566    223   256   217    7
  567    223   217   185    7
  568    256   291   252    7
  569    252   220   217    7
  570    188   169   153    7
  571    256   252   217    7
  572    364   339   401    7
  573    230   196   197    7
  574    223   185   196    7
  575    215   202   180    7
  576    237   278   266    7
  577    215   237   202    7
  578    266   265   230    7
  579    202   237   228    7
  580    321   269   317    7
  581    246   206   250    7
  582    269   238   224    7
  583    215   238   255    7
  584    215   201   238    7
  585    237   255   278    7
  586    237   215   255    7
  587    127   151   119    7
  588    171   180   147    7
  589    177   171   146    7
  590    201   215   180    7
  591    127   164   151    7
  592    224   201   177    7
  593    177   201   171    7
  594    224   238   201    7
  595    134   164   127    7
  596    177   146   151    7
  597    151   164   177    7
  598    165   206   200    7
  599    134   165   164    7
  600    208   200   246    7
  601    164   165   200    7
  602    177   208   224    7
  603    177   164   208    7
  604    323   246   302    7
  605    200   206   246    7
  606    311   374   302    7
  607    269   263   317    7
  608    269   224   263    7
  609    250   302   246    7
  610    250   311   302    7
  611    362   374   311    7
  612    336   289   350    7
  613    255   238   289    7
  614    383   370   336    7
  615    278   255   292    7
  616    289   321   350    7
  617    289   269   321    7
  618    370   325   336    7
  619    303   278   325    7
  620    383   336   350    7
  621    325   292   336    7
  622    433   378   382    7
  623    321   317   378    7
  624    263   323   317    7
  625    302   374   323    7
  626    419   374   362    7
  627    374   403   323    7
  628    450   489   433    7
  629    450   403   484    7
  630    382   323   403    7
  631    465   405   433    7
  632    405   350   378    7
  633    403   448   484    7
  634    374   419   448    7
  635    516   450   484    7
  636    433   382   450    7
  637    565   521   522    7
  638    521   550   484    7
  639    578   516   550    7
  640    489   450   516    7
  641    522   521   473    7
  642    584   603   550    7
  643    547   501   523    7
  644    434   383   405    7
  645    572   547   523    7
  646    501   465   523    7
  647    549   572   523    7
  648    573   604   582    7
  649    350   405   383    7
  650    433   489   465    7
  651    417   434   472    7
  652    405   465   434    7
  653    523   465   489    7
  654    501   472   465    7
  655    417   472   456    7
  656    434   465   472    7
  657    526   485   513    7
  658    508   491   457    7
  659    501   520   472    7
  660    520   537   500    7
  661    559   537   520    7
  662    500   472   520    7
  663    547   559   520    7
  664    548   513   537    7
  665    559   573   537    7
  666    551   536   508    7
  667    572   587   547    7
  668    595   604   573    7
  669    526   561   551    7
  670    569   525   555    7
  671    526   551   508    7
  672    616   611   633    7
  673    582   561   548    7
  674    582   611   590    7
  675    444   457   420    7
  676    401   339   371    7
  677    513   485   476    7
  678    508   457   485    7
  679    536   491   508    7
  680    536   506   491    7
  681    561   526   548    7
  682    508   485   526    7
  683    352   371   329    7
  684    457   452   401    7
  685    420   401   371    7
  686    332   359   380    7
  687    435   444   397    7
  688    457   401   420    7
  689    417   435   391    7
  690    420   371   397    7
  691    435   417   456    7
  692    391   347   370    7
  693    476   435   456    7
  694    476   485   444    7
  695    476   444   435    7
  696    485   457   444    7
  697    256   265   286    7
  698    230   228   266    7
  699    237   266   228    7
  700    278   303   266    7
  701    391   370   417    7
  702    347   325   370    7
  703    265   309   286    7
  704    303   347   309    7
  705    309   329   286    7
  706    371   339   329    7
  707    359   332   318    7
  708    285   252   291    7
  709    347   352   309    7
  710    397   371   352    7
  711    244   257   281    7
  712    364   320   339    7
  713    281   283   244    7
  714    401   411   364    7
  715    244   222   257    7
  716    291   339   285    7
  717    236   262   275    7
  718    236   203   216    7
  719    307   272   301    7
  720    178   191   158    7
  721    301   295   330    7
  722    272   231   261    7
  723    346   307   343    7
  724    272   295   301    7
  725    343   330   368    7
  726    295   283   332    7
  727    368   389   343    7
  728    330   295   332    7
  729    283   318   332    7
  730    281   285   320    7
  731    281   320   318    7
  732    285   339   320    7
  733    320   359   318    7
  734    438   493   471    7
  735    452   411   401    7
  736    359   320   364    7
  737    411   412   359    7
  738    416   389   368    7
  739    364   411   359    7
  740    452   491   506    7
  741    359   412   380    7
  742    411   452   466    7
  743    438   466   493    7
  744    412   411   466    7
  745    555   506   536    7
  746    466   452   506    7
  747    567   539   518    7
  748    471   440   416    7
  749    627   591   609    7
  750    525   506   555    7
  751    416   438   471    7
  752    466   525   493    7
  753    525   545   493    7
  754    539   507   487    7
  755    660   631   621    7
  756    518   493   545    7
  757    332   368   330    7
  758    380   416   368    7
  759    389   416   440    7
  760    380   412   438    7
  761    380   438   416    7
  762    412   466   438    7
  763    518   471   493    7
  764    518   487   471    7
  765    440   427   389    7
  766    496   507   540    7
  767    458   404   462    7
  768    354   386   404    7
  769    386   427   404    7
  770    487   518   539    7
  771    427   462   404    7
  772    427   440   487    7
  773    427   487   462    7
  774    440   471   487    7
  775    545   567   518    7
  776    606   615   575    7
  777    528   540   575    7
  778    481   449   496    7
  779    589   560   599    7
  780    514   546   495    7
  781    588   606   563    7
  782    606   575   563    7
  783    407   409   449    7
  784    363   365   327    7
  785    409   458   449    7
  786    462   507   458    7
  787    507   496   458    7
  788    540   528   496    7
  789    560   528   575    7
  790    560   514   528    7
  791    279   308   315    7
  792    334   365   376    7
  793    334   376   341    7
  794    407   431   376    7
  795    353   348   390    7
  796    376   431   385    7
  797    363   327   319    7
  798    290   253   280    7
  799    313   346   354    7
  800    307   301   343    7
  801    404   363   354    7
  802    409   407   365    7
  803    327   365   334    7
  804    363   409   365    7
  805    313   282   275    7
  806    280   253   232    7
  807    313   307   346    7
  808    275   262   307    7
  809    319   313   354    7
  810    275   307   313    7
  811    319   280   282    7
  812    327   334   290    7
  813    327   290   280    7
  814    334   341   297    7
  815    308   297   341    7
  816    264   248   297    7
  817    313   319   282    7
  818    354   363   319    7
  819    210   182   176    7
  820    219   259   251    7
  821    192   213   176    7
  822    248   264   225    7
  823    213   248   210    7
  824    253   290   248    7
  825    132   101   117    7
  826    101   132   129    7
  827    133   141   115    7
  828    160   176   141    7
  829    141   148   117    7
  830    141   176   148    7
  831     91   115   117    7
  832    141   117   115    7
  833    179   168   143    7
  834    160   141   133    7
  835    216   203   179    7
  836    160   133   168    7
  837    232   192   203    7
  838    213   210   176    7
  839    232   213   192    7
  840    253   248   213    7
  841    243   232   203    7
  842    253   213   232    7
  843    275   243   236    7
  844    282   280   243    7
  845    262   216   231    7
  846    262   236   216    7
  847    283   261   242    7
  848    272   262   231    7
  849    295   261   283    7
  850    295   272   261    7
  851    205   218   178    7
  852    261   231   218    7
  853    252   257   220    7
  854    244   242   205    7
  855    283   242   244    7
  856    261   218   242    7
  857    281   257   285    7
  858    222   220   257    7
  859    169   178   145    7
  860    169   188   205    7
  861    220   188   184    7
  862    222   205   188    7
  863    169   205   178    7
  864    222   244   205    7
  865    145   128   116    7
  866    158   179   143    7
  867    158   143   128    7
  868    168   133   143    7
  869    158   191   179    7
  870    178   218   191    7
  871    243   203   236    7
  872    192   168   203    7
  873     96    69    72    7
  874     54    73    56    7
  875     90    96    72    7
  876    116   128    96    7
  877    143   114   128    7
  878    143   133   114    7
  879     51    62    72    7
  880     44    48    62    7
  881     90    82   110    7
  882     62    68    82    7
  883     96    90   116    7
  884     72    82    90    7
  885     82    93   110    7
  886     82    68    93    7
  887     15    30    21    7
  888     20    21    33    7
  889      8    15    21    7
  890     20    33    37    7
  891     21    44    33    7
  892      8    21    20    7
  893     16    20    29    7
  894      7     8    20    7
  895     51    37    33    7
  896     40    39    24    7
  897     44    51    33    7
  898     72    69    51    7
  899      5    12     1    7
  900      7    20    16    7
  901     12    16    29    7
  902      5     7    16    7
  903     54    40    37    7
  904     73    87   105    7
  905     51    54    37    7
  906     69    87    73    7
  907     69    73    54    7
  908     88   115    91    7
  909    114   105    87    7
  910    133   115   105    7
  911     40    56    39    7
  912     73   105    88    7
  913     73    88    66    7
  914    105   115    88    7
  915    101    91   117    7
  916     66    88    91    7
  917      1    12     2    7
  918     13     3    11    7
  919      2    12    11    7
  920     23    24    39    7
  921     23    11    24    7
  922     54    56    40    7
  923     73    66    56    7
  924      2    11     3    7
  925     38    25    23    7
  926     25    10    13    7
  927     39    38    23    7
  928     22    41    28    7
  929      3    13     4    7
  930     23    25    13    7
  931     38    43    25    7
  932     55    74    57    7
  933     76    84   109    7
  934     38    57    43    7
  935     92    75   107    7
  936     85    79   103    7
  937     57    38    55    7
  938    140   118   150    7
  939     79    74   101    7
  940     39    55    38    7
  941     66    91    74    7
  942     63    57    79    7
  943     63    43    57    7
  944     57    74    79    7
  945     55    66    74    7
  946    148   132   117    7
  947    103    79   101    7
  948    182   161   148    7
  949    129   103   101    7
  950    154   161   189    7
  951    132   148   161    7
  952    129   154   150    7
  953    240   225   264    7
  954    161   198   189    7
  955    161   182   198    7
  956    198   227   189    7
  957    198   225   240    7
  958    276   240   279    7
  959    227   198   240    7
  960    227   276   259    7
  961    279   315   276    7
  962    258   251   293    7
  963    259   287   251    7
  964    293   287   331    7
  965    259   276   287    7
  966    287   293   251    7
  967    331   338   293    7
  968    161   154   132    7
  969    150   118   129    7
  970    183   154   189    7
  971    129   132   154    7
  972    154   183   150    7
  973    189   227   219    7
  974    211   219   251    7
  975    183   189   219    7
  976    183   175   150    7
  977     76   109    97    7
  978    254   209   229    7
  979    140   150   175    7
  980    258   221   211    7
  981    175   183   211    7
  982    251   258   211    7
  983    271   288   241    7
  984    338   298   293    7
  985    369   360   400    7
  986    298   304   260    7
  987    288   273   241    7
  988    260   226   221    7
  989    187   209   167    7
  990    260   271   226    7
  991    229   209   187    7
  992    226   271   241    7
  993    349   345   388    7
  994    155   142   121    7
  995    229   204   241    7
  996    175   155   140    7
  997    175   221   190    7
  998    155   181   142    7
  999    226   241   204    7
 1000    226   190   221    7
 1001    181   155   190    7
 1002     42    50    64    7
 1003    118    85   103    7
 1004     75    92    64    7
 1005    121   142   111    7
 1006     75    85   107    7
 1007    140   155   121    7
 1008     50    75    64    7
 1009    118   103   129    7
 1010     63    85    75    7
 1011     63    79    85    7
 1012    121   107   140    7
 1013    121    92   107    7
 1014    107   118   140    7
 1015    107    85   118    7
 1016     13    10     4    7
 1017     25    31    17    7
 1018     43    31    25    7
 1019     42    64    61    7
 1020     43    50    31    7
 1021     43    63    50    7
 1022     10     6     4    7
 1023     10    25    17    7
 1024      6    17     9    7
 1025      6    10    17    7
 1026     17    22     9    7
 1027     17    31    22    7
 1028     22    42    41    7
 1029     31    50    42    7
 1030      9    22    14    7
 1031     32    18    28    7
 1032     41    32    28    7
 1033     92    84    64    7
 1034     76    53    61    7
 1035     64    84    61    7
 1036     92   121   111    7
 1037     84   111   109    7
 1038     84    92   111    7
 1039    111   139   109    7
 1040    142   181   166    7
 1041     53    76    70    7
 1042     61    84    76    7
 1043    139   131   109    7
 1044    167   209   199    7
 1045    123   159   156    7
 1046    131   139   167    7
 1047     14    28    18    7
 1048     61    53    41    7
 1049     78   106    83    7
 1050     49    47    67    7
 1051     27    32    47    7
 1052     47    53    70    7
 1053     32    41    53    7
 1054     18    32    27    7
 1055     27    47    35    7
 1056     70    67    47    7
 1057     70    97    95    7
 1058     78    49    67    7
 1059     35    47    49    7
 1060     35    49    59    7
 1061     49    78    59    7
 1062    124   123   156    7
 1063     59    78    83    7
 1064     83   106   108    7
 1065    186   163   212    7
 1066    108   136   135    7
 1067    108   106   136    7
 1068     67    95    99    7
 1069     67    70    95    7
 1070    123   124    95    7
 1071    106    78    99    7
 1072    157   124   156    7
 1073     99    95   124    7
 1074    124   130    99    7
 1075    157   163   130    7
 1076    163   186   136    7
 1077    270   324   306    7
 1078    245   195   233    7
 1079    212   163   195    7
 1080    195   245   212    7
 1081    233   274   284    7
 1082    136   162   135    7
 1083    186   207   162    7
 1084    212   235   186    7
 1085    249   214   207    7
 1086    174   207   214    7
 1087    186   235   207    7
 1088    212   245   268    7
 1089    235   270   207    7
 1090    430   379   414    7
 1091    214   249   267    7
 1092    207   270   249    7
 1093    235   268   296    7
 1094    212   268   235    7
 1095    245   284   310    7
 1096    344   284   326    7
 1097    194   156   159    7
 1098    233   284   245    7
 1099    377   361   413    7
 1100    310   337   268    7
 1101    337   355   296    7
 1102    234   239   194    7
 1103    274   233   239    7
 1104    277   247   300    7
 1105    234   194   199    7
 1106    333   277   300    7
 1107    305   274   239    7
 1108    233   193   239    7
 1109    233   195   193    7
 1110    193   194   239    7
 1111    193   156   194    7
 1112    247   199   209    7
 1113    194   159   199    7
 1114    277   234   247    7
 1115    277   239   234    7
 1116    142   166   139    7
 1117    229   241   273    7
 1118    166   187   139    7
 1119    199   159   167    7
 1120    139   187   167    7
 1121    166   204   187    7
 1122    181   204   166    7
 1123    181   226   204    7
 1124    254   229   273    7
 1125    187   204   229    7
 1126    299   294   254    7
 1127    247   209   254    7
 1128    247   294   300    7
 1129    254   273   299    7
 1130    333   305   277    7
 1131    356   361   305    7
 1132    356   333   393    7
 1133    356   305   333    7
 1134    387   351   340    7
 1135    393   333   351    7
 1136    408   445   453    7
 1137    396   351   387    7
 1138    428   396   387    7
 1139    436   393   396    7
 1140    532   541   498    7
 1141    468   436   428    7
 1142    461   421   454    7
 1143    392   344   377    7
 1144    424   372   392    7
 1145    392   421   432    7
 1146    413   446   454    7
 1147    402   442   446    7
 1148    245   310   268    7
 1149    344   392   372    7
 1150    274   326   284    7
 1151    274   305   326    7
 1152    361   377   326    7
 1153    421   392   377    7
 1154    446   413   402    7
 1155    421   377   413    7
 1156    344   372   310    7
 1157    355   324   296    7
 1158    372   395   337    7
 1159    399   367   355    7
 1160    432   424   392    7
 1161    461   469   432    7
 1162    249   306   267    7
 1163    367   418   414    7
 1164    267   306   312    7
 1165    414   357   367    7
 1166    312   306   357    7
 1167    306   367   357    7
 1168    324   355   367    7
 1169    312   357   379    7
 1170    460   414   418    7
 1171    463   475   430    7
 1172    463   430   414    7
 1173    439   395   424    7
 1174    399   355   395    7
 1175    372   424   395    7
 1176    432   469   424    7
 1177    469   474   424    7
 1178    479   486   441    7
 1179    479   441   439    7
 1180    451   418   399    7
 1181    479   474   511    7
 1182    439   424   474    7
 1183    474   479   439    7
 1184    486   490   451    7
 1185    517   486   479    7
 1186    517   554   519    7
 1187    486   451   441    7
 1188    490   460   451    7
 1189    519   544   490    7
 1190    556   535   505    7
 1191    533   505   499    7
 1192    509   475   505    7
 1193    577   533   544    7
 1194    556   505   533    7
 1195    583   544   554    7
 1196    583   577   544    7
 1197    469   504   474    7
 1198    552   585   586    7
 1199    544   519   554    7
 1200    490   486   519    7
 1201    564   542   531    7
 1202    585   614   586    7
 1203    517   552   554    7
 1204    542   564   585    7
 1205    564   531   568    7
 1206    504   469   497    7
 1207    531   534   568    7
 1208    530   483   515    7
 1209    598   564   568    7
 1210    598   585   564    7
 1211    492   497   454    7
 1212    497   469   461    7
 1213    531   497   534    7
 1214    454   446   492    7
 1215    454   497   461    7
 1216    492   534   497    7
 1217    542   504   531    7
 1218    542   511   504    7
 1219    503   541   543    7
 1220    480   442   436    7
 1221    502   480   468    7
 1222    483   530   492    7
 1223    529   515   480    7
 1224    492   446   483    7
 1225    480   502   529    7
 1226    464   428   423    7
 1227    480   515   483    7
 1228    529   571   557    7
 1229    557   530   515    7
 1230    534   492   530    7
 1231    645   679   680    7
 1232    592   574   557    7
 1233    576   541   570    7
 1234    482   467   510    7
 1235    459   453   498    7
 1236    532   570   541    7
 1237    529   543   571    7
 1238    502   464   503    7
 1239    524   510   553    7
 1240    467   426   477    7
 1241    562   524   553    7
 1242    532   488   524    7
 1243    593   562   553    7
 1244    600   570   562    7
 1245    453   445   488    7
 1246    423   459   464    7
 1247    498   453   488    7
 1248    384   423   387    7
 1249    488   482   524    7
 1250    488   445   482    7
 1251    503   459   498    7
 1252    384   387   340    7
 1253    468   464   502    7
 1254    468   428   464    7
 1255    532   498   488    7
 1256    541   503   498    7
 1257    502   503   543    7
 1258    464   459   503    7
 1259    373   408   415    7
 1260    400   445   408    7
 1261    322   369   373    7
 1262    408   453   415    7
 1263    459   423   415    7
 1264    428   387   423    7
 1265    322   299   273    7
 1266    342   294   299    7
 1267    288   335   322    7
 1268    400   408   369    7
 1269    423   384   415    7
 1270    342   322   373    7
 1271    373   384   342    7
 1272    373   415   384    7
 1273    260   304   271    7
 1274    260   258   298    7
 1275    271   314   288    7
 1276    304   345   349    7
 1277    349   360   314    7
 1278    369   322   335    7
 1279    360   349   394    7
 1280    314   304   349    7
 1281    400   360   394    7
 1282    335   314   360    7
 1283    349   388   394    7
 1284    375   338   331    7
 1285    400   437   445    7
 1286    425   467   437    7
 1287    394   388   425    7
 1288    381   338   375    7
 1289    381   345   338    7
 1290    426   388   381    7
 1291    388   426   425    7
 1292    429   477   426    7
 1293    293   298   258    7
 1294    338   345   298    7
 1295    331   328   366    7
 1296    287   276   316    7
 1297    366   375   331    7
 1298    375   429   381    7
 1299    410   429   375    7
 1300    388   345   381    7
 1301    385   348   341    7
 1302    279   264   308    7
 1303    353   316   315    7
 1304    328   287   316    7
 1305    308   348   315    7
 1306    308   341   348    7
 1307    348   353   315    7
 1308    353   398   358    7
 1309    390   398   353    7
 1310    406   366   358    7
 1311    447   398   443    7
 1312    406   358   398    7
 1313    470   443   422    7
 1314    443   390   422    7
 1315    390   443   398    7
 1316    422   431   470    7
 1317    398   447   406    7
 1318    443   470   495    7
 1319    528   514   481    7
 1320    546   589   581    7
 1321    381   429   426    7
 1322    410   406   455    7
 1323    410   455   429    7
 1324    494   538   512    7
 1325    455   478   429    7
 1326    558   538   581    7
 1327    429   478   477    7
 1328    455   447   494    7
 1329    527   512   558    7
 1330    478   455   512    7
 1331    553   527   579    7
 1332    510   477   527    7
 1333    622   602   581    7
 1334    579   527   558    7
 1335    455   494   512    7
 1336    447   443   495    7
 1337    494   495   538    7
 1338    494   447   495    7
 1339    589   546   560    7
 1340    495   470   514    7
 1341    495   546   538    7
 1342    514   560   546    7
 1343    648   602   622    7
 1344    648   625   602    7
 1345    600   593   632    7
 1346    579   602   625    7
 1347    676   656   630    7
 1348    824   803   846    7
 1349    632   593   625    7
 1350    600   562   593    7
 1351    666   632   625    7
 1352    671   639   632    7
 1353    699   666   648    7
 1354    671   632   666    7
 1355    747   739   699    7
 1356    648   656   681    7
 1357    697   720   681    7
 1358    787   801   834    7
 1359    787   742   760    7
 1360    671   666   708    7
 1361    599   649   630    7
 1362    759   803   786    7
 1363    656   697   681    7
 1364    676   696   727    7
 1365    681   720   699    7
 1366    779   741   780    7
 1367    697   727   720    7
 1368    697   676   727    7
 1369    759   747   720    7
 1370    739   708   699    7
 1371    727   759   720    7
 1372    727   741   779    7
 1373    823   833   779    7
 1374    803   759   779    7
 1375    824   786   803    7
 1376    747   759   786    7
 1377    860   825   824    7
 1378    869   860   824    7
 1379    868   902   876    7
 1380    876   846   833    7
 1381    895   846   876    7
 1382    869   824   846    7
 1383    824   825   782    7
 1384    852   834   801    7
 1385    708   739   760    7
 1386    917   926   946    7
 1387    895   900   869    7
 1388    889   923   921    7
 1389    786   782   747    7
 1390    866   834   852    7
 1391    710   705   742    7
 1392    739   782   760    7
 1393    824   782   786    7
 1394    825   852   801    7
 1395    782   801   760    7
 1396    782   825   801    7
 1397    742   787   778    7
 1398    760   801   787    7
 1399    819   813   849    7
 1400    778   787   814    7
 1401    778   814   813    7
 1402    787   834   814    7
 1403    904   879   890    7
 1404    813   814   850    7
 1405    888   850   866    7
 1406    849   813   850    7
 1407    834   866   850    7
 1408    921   950   942    7
 1409    851   830   862    7
 1410    805   826   839    7
 1411    819   854   826    7
 1412    849   882   884    7
 1413    854   857   826    7
 1414    854   884   890    7
 1415    737   756   775    7
 1416    756   753   792    7
 1417    792   784   819    7
 1418    753   746   784    7
 1419    775   792   805    7
 1420    753   784   792    7
 1421    792   819   826    7
 1422    784   813   819    7
 1423    713   679   710    7
 1424    713   718   680    7
 1425    645   680   638    7
 1426    703   724   683    7
 1427    763   737   775    7
 1428    718   753   756    7
 1429    705   673   671    7
 1430    642   607   605    7
 1431    760   742   708    7
 1432    710   673   705    7
 1433    746   742   778    7
 1434    705   708   742    7
 1435    784   746   778    7
 1436    753   713   746    7
 1437    639   605   600    7
 1438    673   679   642    7
 1439    673   639   671    7
 1440    673   642   639    7
 1441    639   642   605    7
 1442    679   645   642    7
 1443    618   592   638    7
 1444    557   571   592    7
 1445    571   610   592    7
 1446    607   642   645    7
 1447    568   574   601    7
 1448    592   610   638    7
 1449    610   645   638    7
 1450    610   607   645    7
 1451    534   574   568    7
 1452    530   557   574    7
 1453    568   601   598    7
 1454    574   592   618    7
 1455    680   663   638    7
 1456    601   574   618    7
 1457    683   646   663    7
 1458    601   618   646    7
 1459    683   663   703    7
 1460    646   618   663    7
 1461    680   703   663    7
 1462    737   763   724    7
 1463    704   683   724    7
 1464    704   664   683    7
 1465    763   754   724    7
 1466    732   761   725    7
 1467    693   677   711    7
 1468    733   767   748    7
 1469    542   585   552    7
 1470    598   634   585    7
 1471    683   664   646    7
 1472    634   598   629    7
 1473    646   664   629    7
 1474    704   711   677    7
 1475    664   677   634    7
 1476    693   686   654    7
 1477    608   577   617    7
 1478    556   533   577    7
 1479    619   586   614    7
 1480    619   583   586    7
 1481    635   608   650    7
 1482    583   619   617    7
 1483    535   556   566    7
 1484    566   556   597    7
 1485    650   608   617    7
 1486    597   556   608    7
 1487    597   608   635    7
 1488    635   650   678    7
 1489    725   686   693    7
 1490    678   650   686    7
 1491    678   686   722    7
 1492    693   652   677    7
 1493    619   614   652    7
 1494    650   654   686    7
 1495    650   617   654    7
 1496    652   693   654    7
 1497    732   748   770    7
 1498    711   732   693    7
 1499    761   755   725    7
 1500    704   733   711    7
 1501    829   858   853    7
 1502    732   770   761    7
 1503    748   767   783    7
 1504    748   783   770    7
 1505    817   790   797    7
 1506    693   732   725    7
 1507    711   748   732    7
 1508    821   791   796    7
 1509    755   761   791    7
 1510    761   796   791    7
 1511    770   783   804    7
 1512    804   829   796    7
 1513    770   804   796    7
 1514    783   799   815    7
 1515    821   829   853    7
 1516    821   796   829    7
 1517    829   838   858    7
 1518    783   767   799    7
 1519    875   842   851    7
 1520    838   848   872    7
 1521    815   804   783    7
 1522    875   859   842    7
 1523    875   891   859    7
 1524    711   733   748    7
 1525    704   724   733    7
 1526    848   815   828    7
 1527    767   754   790    7
 1528    828   815   799    7
 1529    838   804   815    7
 1530    848   828   859    7
 1531    799   790   817    7
 1532    718   737   703    7
 1533    718   756   737    7
 1534    724   754   733    7
 1535    763   790   754    7
 1536    797   790   763    7
 1537    797   830   817    7
 1538    842   817   851    7
 1539    828   799   817    7
 1540    817   830   851    7
 1541    797   805   830    7
 1542    885   875   851    7
 1543    859   828   842    7
 1544    910   896   885    7
 1545    891   881   859    7
 1546    937   909   917    7
 1547    849   850   882    7
 1548    850   888   882    7
 1549    866   901   888    7
 1550    917   901   926    7
 1551    866   852   889    7
 1552    937   917   946    7
 1553    882   888   917    7
 1554    901   921   926    7
 1555    980   971   956    7
 1556    926   954   946    7
 1557    971   950   956    7
 1558    963   937   946    7
 1559    930   945   914    7
 1560    930   909   937    7
 1561    969   963   946    7
 1562    890   884   914    7
 1563    854   849   884    7
 1564    930   914   909    7
 1565    884   882   909    7
 1566    890   914   919    7
 1567    884   909   914    7
 1568    952   930   937    7
 1569    952   945   930    7
 1570    904   890   919    7
 1571    857   854   890    7
 1572    920   894   904    7
 1573    920   910   894    7
 1574    885   894   910    7
 1575    896   891   875    7
 1576    885   896   875    7
 1577    935   925   904    7
 1578    904   925   920    7
 1579    954   969   946    7
 1580    966   979   954    7
 1581    956   984   980    7
 1582    985   966   971    7
 1583    866   889   901    7
 1584    852   860   893    7
 1585    926   921   942    7
 1586    889   893   923    7
 1587    979   966   985    7
 1588    942   950   966    7
 1589    985   971   994    7
 1590    966   950   971    7
 1591    852   893   889    7
 1592    860   869   900    7
 1593    965   983   991    7
 1594    929   923   893    7
 1595    921   923   950    7
 1596    893   900   929    7
 1597    932   960   929    7
 1598    956   923   929    7
 1599    956   960   984    7
 1600    929   900   932    7
 1601   1006   999   984    7
 1602    994   971   980    7
 1603    994   980   999    7
 1604   1007   983   992    7
 1605    991   984   960    7
 1606   1002   991   983    7
 1607   1002  1014   991    7
 1608   1015  1025  1007    7
 1609    895   932   900    7
 1610    895   918   939    7
 1611    895   939   932    7
 1612    964   983   965    7
 1613    943   964   939    7
 1614    943   974   964    7
 1615    932   965   960    7
 1616    939   964   965    7
 1617    833   868   876    7
 1618    868   823   861    7
 1619    939   918   943    7
 1620    895   876   918    7
 1621    933   962   943    7
 1622    997   992   974    7
 1623   1021  1015   997    7
 1624    987  1010   997    7
 1625   1029  1042  1036    7
 1626   1007  1025  1018    7
 1627   1015  1021  1033    7
 1628   1029  1036  1021    7
 1629   1021  1036  1033    7
 1630   1035  1037  1048    7
 1631   1024  1043  1037    7
 1632   1024  1034  1043    7
 1633   1037  1043  1050    7
 1634   1050  1043  1054    7
 1635   1049  1058  1054    7
 1636   1052  1040  1045    7
 1637   1052  1049  1040    7
 1638   1059  1055  1064    7
 1639   1055  1047  1044    7
 1640   1062  1055  1053    7
 1641   1059  1047  1055    7
 1642   1053  1060  1062    7
 1643   1045  1031  1047    7
 1644   1012   993  1013    7
 1645   1030  1039  1023    7
 1646   1053  1055  1044    7
 1647   1028  1044  1032    7
 1648   1039  1053  1044    7
 1649   1043  1034  1049    7
 1650   1003  1001   978    7
 1651   1034  1040  1049    7
 1652   1034  1016  1026    7
 1653   1052  1045  1057    7
 1654   1040  1026  1045    7
 1655   1058  1052  1061    7
 1656   1058  1049  1052    7
 1657   1026  1005  1031    7
 1658   1016  1024  1003    7
 1659   1005  1012  1031    7
 1660    988   993  1012    7
 1661   1012  1013  1032    7
 1662    993   990  1013    7
 1663    957   972   990    7
 1664    927   922   947    7
 1665    990  1008  1013    7
 1666    990  1004  1008    7
 1667   1013  1028  1032    7
 1668   1023  1039  1028    7
 1669    913   936   922    7
 1670    982  1009  1004    7
 1671    961   982   972    7
 1672    982   990   972    7
 1673    947   961   972    7
 1674    981  1009   982    7
 1675    970   941   957    7
 1676    897   877   871    7
 1677    993   970   990    7
 1678    941   927   957    7
 1679   1003  1024  1001    7
 1680    940   941   967    7
 1681    967   970   993    7
 1682    967   941   970    7
 1683    924   949   908    7
 1684    944   906   908    7
 1685    988   959   967    7
 1686    988  1005   986    7
 1687    986   978   959    7
 1688    975   968   944    7
 1689    988   986   959    7
 1690   1016  1034  1024    7
 1691    986  1003   978    7
 1692    986  1005  1016    7
 1693    986  1016  1003    7
 1694   1005  1026  1016    7
 1695   1045  1026  1031    7
 1696   1040  1034  1026    7
 1697   1021  1010  1029    7
 1698   1021   997  1010    7
 1699   1029  1017  1035    7
 1700   1010   987   995    7
 1701   1035  1019  1037    7
 1702   1017  1001  1019    7
 1703    943   962   974    7
 1704    933   899   938    7
 1705    962   968   987    7
 1706    962   933   938    7
 1707   1001   975   978    7
 1708   1001   995   975    7
 1709   1017   995  1001    7
 1710   1017  1010   995    7
 1711    867   908   906    7
 1712    938   968   962    7
 1713    861   906   899    7
 1714    867   887   908    7
 1715    906   938   899    7
 1716    944   968   938    7
 1717    924   887   912    7
 1718    847   844   887    7
 1719    944   908   949    7
 1720    906   861   867    7
 1721    949   924   959    7
 1722    908   887   924    7
 1723    844   807   811    7
 1724    847   822   808    7
 1725    780   772   822    7
 1726    774   752   781    7
 1727    877   880   845    7
 1728    847   807   844    7
 1729    822   823   780    7
 1730    861   899   868    7
 1731    822   861   823    7
 1732    822   847   867    7
 1733    822   867   861    7
 1734    847   887   867    7
 1735    823   868   833    7
 1736    899   902   868    7
 1737    649   696   676    7
 1738    701   735   696    7
 1739    649   655   696    7
 1740    669   700   701    7
 1741    735   772   780    7
 1742    735   734   772    7
 1743    539   567   588    7
 1744    631   655   606    7
 1745    621   631   588    7
 1746    669   655   631    7
 1747    630   649   676    7
 1748    655   669   701    7
 1749    615   655   649    7
 1750    615   606   655    7
 1751    591   621   567    7
 1752    588   563   539    7
 1753    621   588   567    7
 1754    631   606   588    7
 1755    545   591   567    7
 1756    660   700   669    7
 1757    627   658   621    7
 1758    658   692   688    7
 1759    700   723   734    7
 1760    700   660   688    7
 1761    715   749   723    7
 1762    807   808   774    7
 1763    772   774   808    7
 1764    772   734   774    7
 1765    690   692   668    7
 1766    712   715   692    7
 1767    688   715   723    7
 1768    764   738   740    7
 1769    781   807   774    7
 1770    752   723   749    7
 1771    569   591   545    7
 1772    627   621   591    7
 1773    569   609   591    7
 1774    658   660   621    7
 1775    643   658   627    7
 1776    668   692   658    7
 1777    658   688   660    7
 1778    692   715   688    7
 1779    525   569   545    7
 1780    612   580   590    7
 1781    580   594   555    7
 1782    643   627   609    7
 1783    594   628   609    7
 1784    668   658   643    7
 1785    670   691   661    7
 1786    668   643   661    7
 1787    714   712   690    7
 1788    712   692   690    7
 1789    714   738   712    7
 1790    740   762   764    7
 1791    715   743   749    7
 1792    715   712   743    7
 1793    743   768   777    7
 1794    743   738   768    7
 1795    807   781   811    7
 1796    768   793   802    7
 1797    793   816   802    7
 1798    897   922   927    7
 1799    743   777   749    7
 1800    811   845   844    7
 1801    749   781   752    7
 1802    777   802   811    7
 1803    777   811   781    7
 1804    802   837   811    7
 1805    811   837   845    7
 1806    897   892   922    7
 1807    887   880   912    7
 1808    844   845   880    7
 1809    940   911   941    7
 1810    912   880   911    7
 1811    959   940   967    7
 1812    924   912   940    7
 1813    816   843   837    7
 1814    816   806   836    7
 1815    837   871   877    7
 1816    843   864   871    7
 1817    836   864   843    7
 1818    864   883   892    7
 1819    911   897   927    7
 1820    911   877   897    7
 1821    764   762   785    7
 1822    740   731   762    7
 1823    793   764   785    7
 1824    768   738   764    7
 1825    744   769   751    7
 1826    765   788   798    7
 1827    707   716   695    7
 1828    736   744   716    7
 1829    765   744   736    7
 1830    751   729   744    7
 1831    744   765   769    7
 1832    758   788   765    7
 1833    651   674   647    7
 1834    702   707   684    7
 1835    682   706   687    7
 1836    695   716   706    7
 1837    684   707   695    7
 1838    726   736   707    7
 1839    659   682   665    7
 1840    706   729   709    7
 1841    731   714   709    7
 1842    690   661   691    7
 1843    740   714   731    7
 1844    691   687   709    7
 1845    709   714   691    7
 1846    740   738   714    7
 1847    633   641   616    7
 1848    665   670   644    7
 1849    665   644   641    7
 1850    661   643   628    7
 1851    644   670   661    7
 1852    665   687   670    7
 1853    536   580   555    7
 1854    551   561   590    7
 1855    569   594   609    7
 1856    580   612   594    7
 1857    644   612   641    7
 1858    644   628   612    7
 1859    609   628   643    7
 1860    594   612   628    7
 1861    548   573   582    7
 1862    559   587   595    7
 1863    551   590   580    7
 1864    561   582   590    7
 1865    612   616   641    7
 1866    590   611   616    7
 1867    641   633   659    7
 1868    611   604   637    7
 1869    657   667   637    7
 1870    633   611   637    7
 1871    695   667   684    7
 1872    659   637   667    7
 1873    665   682   687    7
 1874    659   667   682    7
 1875    587   572   613    7
 1876    572   549   596    7
 1877    657   626   647    7
 1878    637   604   626    7
 1879    620   651   647    7
 1880    613   636   651    7
 1881    578   596   549    7
 1882    613   620   587    7
 1883    595   587   620    7
 1884    559   547   587    7
 1885    626   595   620    7
 1886    573   559   595    7
 1887    624   640   584    7
 1888    516   578   549    7
 1889    550   603   578    7
 1890    565   584   521    7
 1891    565   624   584    7
 1892    603   623   578    7
 1893    623   636   596    7
 1894    636   623   662    7
 1895    596   578   623    7
 1896    672   636   662    7
 1897    613   596   636    7
 1898    694   653   685    7
 1899    662   623   653    7
 1900    717   726   702    7
 1901    651   636   672    7
 1902    653   694   662    7
 1903    685   730   694    7
 1904    662   698   672    7
 1905    694   728   698    7
 1906    674   657   647    7
 1907    684   667   657    7
 1908    672   689   651    7
 1909    702   726   707    7
 1910    651   689   674    7
 1911    672   698   689    7
 1912    689   702   674    7
 1913    689   717   702    7
 1914    698   719   689    7
 1915    745   758   726    7
 1916    719   757   717    7
 1917    757   776   745    7
 1918    717   757   745    7
 1919    916   870   915    7
 1920    757   719   750    7
 1921    717   689   719    7
 1922    730   721   766    7
 1923    771   730   766    7
 1924    728   694   730    7
 1925    810   771   766    7
 1926    810   820   771    7
 1927    750   789   757    7
 1928    750   771   789    7
 1929    870   820   863    7
 1930    863   820   810    7
 1931    870   831   820    7
 1932    832   795   831    7
 1933    789   820   831    7
 1934    870   863   915    7
 1935    886   840   856    7
 1936    831   870   874    7
 1937    809   856   840    7
 1938    886   905   907    7
 1939    788   776   809    7
 1940    874   905   856    7
 1941    905   886   856    7
 1942    907   898   873    7
 1943    758   776   788    7
 1944    757   789   795    7
 1945    757   795   776    7
 1946    789   831   795    7
 1947    812   809   840    7
 1948    776   795   809    7
 1949    809   832   856    7
 1950    809   795   832    7
 1951    765   798   769    7
 1952    818   841   827    7
 1953    818   798   835    7
 1954    794   769   798    7
 1955    835   812   840    7
 1956    798   788   812    7
 1957    827   806   800    7
 1958    785   773   800    7
 1959    793   806   816    7
 1960    785   800   806    7
 1961    798   818   794    7
 1962    835   841   818    7
 1963    855   836   827    7
 1964    836   806   827    7
 1965    841   855   827    7
 1966    843   816   836    7
 1967    855   864   836    7
 1968    892   871   864    7
 1969    841   878   855    7
 1970    913   922   892    7
 1971    865   878   841    7
 1972    883   864   855    7
 1973    840   873   835    7
 1974    936   928   955    7
 1975    886   873   840    7
 1976    886   907   873    7
 1977    855   878   883    7
 1978    898   907   931    7
 1979    865   898   878    7
 1980    898   948   928    7
 1981    955   948   976    7
 1982    928   903   898    7
 1983    981   955   976    7
 1984    936   913   928    7
 1985    903   913   883    7
 1986    903   928   913    7
 1987    961   936   955    7
 1988    947   922   936    7
 1989    936   961   947    7
 1990    955   981   961    7
 1991    961   981   982    7
 1992    976  1000   981    7
 1993   1009  1000  1022    7
 1994   1009   981  1000    7
 1995   1046  1030  1038    7
 1996   1023  1009  1030    7
 1997   1046  1056  1060    7
 1998   1022   998  1020    7
 1999   1000   976   998    7
 2000   1030  1022  1038    7
 2001   1000   998  1022    7
 2002   1038  1041  1051    7
 2003   1038  1051  1056    7
 2004    934   977   958    7
 2005   1020   998   996    7
 2006   1027  1020   996    7
 2007   1041  1022  1020    7
 2008   1020  1027  1041    7
 2009    878   898   903    7
 2010    865   873   898    7
 2011    934   958   931    7
 2012    958   948   931    7
 2013    905   951   934    7
 2014    996   998   973    7
 2015    948   973   976    7
 2016    958   996   973    7
 2017    953   951   916    7
 2018    951   977   934    7
 2019    905   934   907    7
 2020    905   916   951    7
 2021    915   953   916    7
 2022    977   996   958    7
 2023    977   951   989    7
 2024    953   989   951    7
 2025    989  1011   977    7
 2026    996  1011  1027    7
 2027    996   977  1011    7
 2028   1644  1645  1606    8
 2029   1146  1191  1155    8
 2030   1237  1206  1235    8
 2031   1173  1206  1205    8
 2032   1370  1399  1387    8
 2033   1156  1154  1116    8
 2034   1214  1207  1250    8
 2035   1504  1482  1477    8
 2036   1461  1440  1452    8
 2037   1338  1365  1344    8
 2038   1283  1286  1312    8
 2039   1379  1388  1365    8
 2040   1319  1293  1285    8
 2041   1466  1498  1476    8
 2042   1551  1539  1525    8
 2043   1582  1564  1553    8
 2044   1553  1564  1544    8
 2045   1667  1691  1676    8
 2046   1498  1509  1527    8
 2047   1166  1133  1135    8
 2048   1143  1182  1144    8
 2049   1185  1201  1223    8
 2050   1625  1607  1637    8
 2051   1252  1208  1234    8
 2052   1244  1213  1221    8
 2053   1271  1239  1240    8
 2054   1328  1304  1295    8
 2055   1327  1349  1346    8
 2056   1340  1307  1341    8
 2057   1505  1494  1488    8
 2058   1098  1131  1097    8
 2059   1156  1189  1154    8
 2060   1091  1093  1123    8
 2061   1117  1114  1081    8
 2062   1336  1329  1300    8
 2063   1376  1387  1405    8
 2064   1467  1474  1453    8
 2065   1492  1484  1518    8
 2066   1160  1114  1117    8
 2067   1515  1539  1535    8
 2068   1462   461  1450    8
 2069   1425  1421  1447    8
 2070   1349  1359  1377    8
 2071   1415  1405  1387    8
 2072   1369  1385  1359    8
 2073    446  1513  1502    8
 2074   1459  1461  1482    8
 2075   1542  1517  1520    8
 2076   1620   394   388    8
 2077   1538  1544  1556    8
 2078   1605  1604  1628    8
 2079   1679  1648  1665    8
 2080   1538  1525  1513    8
 2081   1694  1689  1720    8
 2082   1448  1413  1423    8
 2083   1596  1569  1590    8
 2084   1491  1479   461    8
 2085   1508  1481  1482    8
 2086   1754  1738  1766    8
 2087   1584  1564  1582    8
 2088   1650  1674  1663    8
 2089   1557  1534  1542    8
 2090   1665  1640  1653    8
 2091    400  1592   408    8
 2092   1757  1747  1769    8
 2093   1676  1665  1653    8
 2094   1744  1738  1712    8
 2095   1650  1643  1626    8
 2096   1788  1802  1793    8
 2097   1402  1444  1407    8
 2098   1552  1572  1570    8
 2099   1570  1587  1586    8
 2100   1622  1600  1609    8
 2101    353   358  1649    8
 2102   1587  1612  1597    8
 2103   1316  1353  1328    8
 2104   1529  1546  1512    8
 2105   1545  1559  1529    8
 2106   1574  1588  1562    8
 2107   1675  1697  1688    8
 2108   1609  1613  1626    8
 2109   1716  1722  1741    8
 2110    319  1736   327    8
 2111   1769  1774  1757    8
 2112    319  1747  1736    8
 2113   1737  1734  1709    8
 2114   1783  1769  1776    8
 2115   1204  1243  1229    8
 2116   1164  1208  1190    8
 2117   1164  1159  1124    8
 2118   1130  1171  1172    8
 2119   1175  1183  1213    8
 2120   1253  1213  1244    8
 2121   1180  1166  1135    8
 2122   1180  1135  1138    8
 2123   1289  1309  1278    8
 2124   1213  1183  1221    8
 2125   1258  1289  1278    8
 2126   1262  1264  1234    8
 2127   1436  1472  1475    8
 2128   1313  1285  1278    8
 2129   1381  1352  1350    8
 2130   1428  1382  1383    8
 2131   1287  1276  1252    8
 2132   1252  1225  1208    8
 2133   1243  1225  1252    8
 2134   1287  1293  1317    8
 2135   1267  1302  1284    8
 2136   1276  1287  1314    8
 2137   1267  1254  1229    8
 2138   1262  1234  1231    8
 2139   1264  1252  1234    8
 2140   1287  1252  1264    8
 2141   1276  1243  1252    8
 2142   1269  1232  1254    8
 2143   1306  1269  1284    8
 2144   1232  1191  1217    8
 2145   1340  1303  1307    8
 2146   1324  1302  1343    8
 2147   1306  1341  1307    8
 2148   1380  1343  1351    8
 2149   1373  1407  1374    8
 2150   1341  1306  1324    8
 2151   1178  1206  1173    8
 2152   1240  1201  1199    8
 2153   1280  1265  1297    8
 2154   1265  1223  1239    8
 2155   1295  1316  1328    8
 2156   1316  1295  1280    8
 2157   1128  1094  1131    8
 2158   1139  1098  1137    8
 2159   1182  1178  1144    8
 2160   1144  1103  1143    8
 2161   1240  1239  1201    8
 2162   1155  1158  1111    8
 2163   1128  1093  1094    8
 2164   1157  1198  1192    8
 2165   1192  1212  1163    8
 2166   1112  1154  1148    8
 2167   1167  1122  1163    8
 2168   1078  1079  1107    8
 2169   1069  1089  1068    8
 2170   1102  1074  1075    8
 2171   1148  1108  1112    8
 2172   1136  1099  1095    8
 2173   1078  1109  1077    8
 2174   1101  1076  1104    8
 2175   1219  1259  1228    8
 2176   1404  1423  1390    8
 2177   1327  1301  1311    8
 2178   1089  1129  1087    8
 2179   1275  1247  1277    8
 2180   1071  1092  1096    8
 2181   1096  1092  1134    8
 2182   1070  1096  1090    8
 2183   1181  1188  1220    8
 2184   1174  1179  1215    8
 2185   1132  1096  1141    8
 2186   1298  1277  1301    8
 2187   1249  1216  1220    8
 2188   1129  1174  1170    8
 2189   1356  1323  1344    8
 2190   1282  1250  1242    8
 2191   1165  1114  1160    8
 2192   1288  1255  1250    8
 2193   1117  1081  1084    8
 2194   1274  1299  1310    8
 2195   1298  1301  1322    8
 2196   1242  1274  1282    8
 2197   1299  1275  1298    8
 2198   1299  1320  1330    8
 2199   1445  1419  1427    8
 2200   1358  1337  1346    8
 2201   1320  1299  1298    8
 2202   1371  1346  1366    8
 2203   1322  1301  1327    8
 2204   1321  1294  1329    8
 2205   1367  1376  1395    8
 2206   1251  1222  1257    8
 2207   1151  1107  1118    8
 2208   1357  1376  1348    8
 2209   1426  1406  1414    8
 2210   1241  1226  1196    8
 2211   1195  1230  1187    8
 2212   1272  1300  1266    8
 2213   1329  1348  1321    8
 2214   1342  1312  1321    8
 2215   1249  1277  1247    8
 2216   1167  1196  1156    8
 2217   1226  1260  1224    8
 2218   1202  1236  1233    8
 2219   1305  1273  1291    8
 2220   1212  1241  1196    8
 2221   1291  1256  1261    8
 2222   1212  1256  1241    8
 2223   1318  1292  1304    8
 2224   1256  1273  1241    8
 2225   1353  1363  1328    8
 2226   1227  1261  1256    8
 2227   1227  1198  1233    8
 2228   1420  1395  1405    8
 2229   1348  1329  1357    8
 2230   1369  1367  1389    8
 2231   1376  1405  1395    8
 2232   1308  1272  1279    8
 2233    446   442  1513    8
 2234   1400  1386  1430    8
 2235   1537  1521  1524    8
 2236   1471  1467  1447    8
 2237   1535  1506  1515    8
 2238   1491   461   454    8
 2239    454  1502  1491    8
 2240    446  1502   454    8
 2241   1535  1539  1563    8
 2242   1369  1389  1385    8
 2243   1395  1414  1389    8
 2244   1420  1429  1441    8
 2245   1429  1415  1443    8
 2246   1426  1435   474    8
 2247   1450   461   469    8
 2248   1333  1342  1359    8
 2249   1367  1395  1389    8
 2250   1408  1385  1406    8
 2251   1389  1414  1406    8
 2252   1522  1518  1554    8
 2253   1290  1255  1288    8
 2254   1397  1388  1379    8
 2255   1384  1377  1398    8
 2256    505  1358  1371    8
 2257   1468   469  1479    8
 2258   1439  1458  1427    8
 2259   1439  1410  1424    8
 2260   1511  1484  1481    8
 2261   1438  1409  1419    8
 2262   1554  1566  1522    8
 2263    486  1408   479    8
 2264   1426  1414  1435    8
 2265   1548  1577  1585    8
 2266   1484  1458  1481    8
 2267   1493  1504  1477    8
 2268   1481  1458  1459    8
 2269   1513  1525  1502    8
 2270   1513  1528  1538    8
 2271   1590  1569  1563    8
 2272   1518  1511  1548    8
 2273   1522  1495  1492    8
 2274   1495  1456  1464    8
 2275   1479  1506  1493    8
 2276   1508  1533  1541    8
 2277   1548  1511  1541    8
 2278   1585  1616  1601    8
 2279   1657  1619  1632    8
 2280   1684  1645  1678    8
 2281   1616  1645  1661    8
 2282   1745  1726  1706    8
 2283   1644  1669  1678    8
 2284   1628  1604  1627    8
 2285   1683  1689  1658    8
 2286   1657  1669  1634    8
 2287   1770  1786  1785    8
 2288   1694  1706  1669    8
 2289   1744  1775  1766    8
 2290   1754  1720  1738    8
 2291   1710  1689  1683    8
 2292   1501   442  1487    8
 2293    436  1528   442    8
 2294   1584  1582  1604    8
 2295   1617  1603  1592    8
 2296   1605  1584  1604    8
 2297   1582  1591  1608    8
 2298   1553  1567  1582    8
 2299   1578  1592  1603    8
 2300    408  1592  1578    8
 2301   1597  1586  1587    8
 2302   1627  1608  1621    8
 2303   1591  1578  1603    8
 2304   1653  1630  1646    8
 2305   1610  1592   400    8
 2306   1693  1721  1712    8
 2307   1640  1621  1617    8
 2308   1679  1712  1683    8
 2309   1710  1720  1689    8
 2310   1788  1768  1779    8
 2311   1639  1650  1626    8
 2312   1762  1737  1759    8
 2313   1776  1769  1758    8
 2314    319   313  1747    8
 2315   1758  1769  1747    8
 2316   1790  1774  1783    8
 2317   1772  1776  1763    8
 2318   1690  1717  1709    8
 2319   1610   394  1620    8
 2320   1662  1687  1674    8
 2321   1723  1743  1730    8
 2322   1685  1652  1672    8
 2323    334  1723  1713    8
 2324   1692  1695  1680    8
 2325   1667  1676  1653    8
 2326   1730  1743  1749    8
 2327   1715  1703  1691    8
 2328   1730  1749  1731    8
 2329   1781  1773  1793    8
 2330   1446  1466  1476    8
 2331   1536  1562  1552    8
 2332   1612   375   381    8
 2333   1633  1646  1620    8
 2334   1449  1421  1431    8
 2335   1318  1291  1292    8
 2336   1517  1507  1485    8
 2337   1374  1386  1353    8
 2338   1512  1509  1480    8
 2339   1512  1536  1509    8
 2340   1470  1442  1430    8
 2341   1334  1297  1303    8
 2342   1498  1466  1480    8
 2343   1339  1304  1328    8
 2344   1529  1499  1503    8
 2345   1512  1480  1478    8
 2346   1509  1536  1527    8
 2347   1546  1562  1536    8
 2348   1559  1574  1546    8
 2349   1615  1622  1635    8
 2350   1659  1631  1651    8
 2351    353   348  1692    8
 2352   1490  1454  1444    8
 2353   1613  1631  1639    8
 2354   1624  1625  1655    8
 2355   1624  1611  1595    8
 2356   1490  1543  1526    8
 2357   1343  1302  1314    8
 2358   1437  1422  1392    8
 2359   1314  1302  1276    8
 2360   1636  1638  1598    8
 2361   1530  1545  1503    8
 2362   1428  1417  1382    8
 2363   1382  1417  1381    8
 2364   1422  1396  1380    8
 2365   1486  1472  1437    8
 2366   1579  1568  1595    8
 2367   1540  1497  1531    8
 2368   1381  1392  1352    8
 2369   1594  1540  1580    8
 2370   1313  1350  1319    8
 2371   1629  1573  1594    8
 2372   1598  1618  1583    8
 2373   1673  1629  1641    8
 2374   1602  1598  1561    8
 2375   1673  1666  1629    8
 2376   1555  1598  1583    8
 2377   1671  1638  1636    8
 2378   1637  1656  1625    8
 2379   1655  1651  1624    8
 2380   1718  1704  1696    8
 2381   1702  1722  1699    8
 2382    307  1763  1758    8
 2383   1696  1685  1716    8
 2384    307  1758   313    8
 2385   1711  1724  1728    8
 2386    301  1763   307    8
 2387   1789  1782  1795    8
 2388   1748  1741  1722    8
 2389   1751  1765  1756    8
 2390   1760  1748  1767    8
 2391   1777  1760  1767    8
 2392   1741  1748  1760    8
 2393   1153  1119  1161    8
 2394   1113  1146  1155    8
 2395   1152  1201  1185    8
 2396   1199  1232  1240    8
 2397   1115  1146  1113    8
 2398   1217  1254  1232    8
 2399   1204  1229  1193    8
 2400   1208  1225  1190    8
 2401   1164  1190  1159    8
 2402   1133  1166  1171    8
 2403   1175  1140  1183    8
 2404   1180  1138  1175    8
 2405   1180  1175  1213    8
 2406   1138  1140  1175    8
 2407   1253  1231  1218    8
 2408   1203  1234  1208    8
 2409   1213  1218  1180    8
 2410   1203  1208  1172    8
 2411   1133  1171  1130    8
 2412   1166  1197  1171    8
 2413   1130  1172  1127    8
 2414   1171  1203  1172    8
 2415   1180  1197  1166    8
 2416   1231  1234  1203    8
 2417   1197  1203  1171    8
 2418   1197  1231  1203    8
 2419   1218  1231  1197    8
 2420   1262  1293  1264    8
 2421   1180  1218  1197    8
 2422   1213  1253  1218    8
 2423   1244  1221  1258    8
 2424   1325  1345  1309    8
 2425   1345  1350  1313    8
 2426   1278  1309  1313    8
 2427   1289  1325  1309    8
 2428   1383  1345  1361    8
 2429   1361  1345  1325    8
 2430   1383  1382  1345    8
 2431   1383  1361  1412    8
 2432   1262  1285  1293    8
 2433   1309  1345  1313    8
 2434   1319  1317  1293    8
 2435   1380  1392  1422    8
 2436   1352  1319  1350    8
 2437   1352  1317  1319    8
 2438   1253  1262  1231    8
 2439   1285  1313  1319    8
 2440   1244  1278  1253    8
 2441   1244  1258  1278    8
 2442   1253  1285  1262    8
 2443   1253  1278  1285    8
 2444   1267  1243  1276    8
 2445   1176  1217  1191    8
 2446   1293  1287  1264    8
 2447   1317  1314  1287    8
 2448   1352  1351  1317    8
 2449   1324  1364  1341    8
 2450   1317  1351  1314    8
 2451   1396  1364  1343    8
 2452   1314  1351  1343    8
 2453   1352  1392  1351    8
 2454   1284  1269  1254    8
 2455   1307  1303  1271    8
 2456   1269  1306  1307    8
 2457   1284  1302  1324    8
 2458   1284  1324  1306    8
 2459   1343  1364  1324    8
 2460   1115  1153  1146    8
 2461   1159  1121  1124    8
 2462   1267  1229  1243    8
 2463   1254  1217  1229    8
 2464   1302  1267  1276    8
 2465   1284  1254  1267    8
 2466   1155  1191  1199    8
 2467   1146  1176  1191    8
 2468   1185  1145  1152    8
 2469   1191  1232  1199    8
 2470   1127  1164  1124    8
 2471   1225  1243  1204    8
 2472   1121  1159  1161    8
 2473   1229  1217  1193    8
 2474   1161  1159  1204    8
 2475   1190  1225  1204    8
 2476   1204  1159  1190    8
 2477   1204  1193  1161    8
 2478   1153  1161  1193    8
 2479   1119  1121  1161    8
 2480   1172  1164  1127    8
 2481   1172  1208  1164    8
 2482   1217  1176  1193    8
 2483   1115  1119  1153    8
 2484   1201  1152  1158    8
 2485   1111  1113  1155    8
 2486   1153  1176  1146    8
 2487   1153  1193  1176    8
 2488   1143  1145  1185    8
 2489   1143  1105  1145    8
 2490   1105  1106  1145    8
 2491   1158  1199  1201    8
 2492   1144  1137  1100    8
 2493   1178  1139  1137    8
 2494   1270  1237  1263    8
 2495   1185  1182  1143    8
 2496   1210  1248  1235    8
 2497   1144  1178  1137    8
 2498   1268  1270  1304    8
 2499   1236  1205  1237    8
 2500   1178  1182  1210    8
 2501   1110  1158  1152    8
 2502   1155  1199  1158    8
 2503   1223  1182  1185    8
 2504   1223  1248  1210    8
 2505   1178  1210  1206    8
 2506   1182  1223  1210    8
 2507   1271  1265  1239    8
 2508   1223  1201  1239    8
 2509   1269  1240  1232    8
 2510   1271  1303  1265    8
 2511   1297  1265  1303    8
 2512   1248  1223  1265    8
 2513   1269  1271  1240    8
 2514   1269  1307  1271    8
 2515   1364  1373  1341    8
 2516   1334  1316  1297    8
 2517   1340  1334  1303    8
 2518   1280  1295  1263    8
 2519   1374  1334  1340    8
 2520   1353  1316  1334    8
 2521   1374  1353  1334    8
 2522   1386  1363  1353    8
 2523   1210  1235  1206    8
 2524   1280  1297  1316    8
 2525   1235  1263  1237    8
 2526   1235  1248  1280    8
 2527   1235  1280  1263    8
 2528   1248  1265  1280    8
 2529   1295  1270  1263    8
 2530   1173  1169  1131    8
 2531   1292  1268  1304    8
 2532   1233  1198  1202    8
 2533   1304  1270  1295    8
 2534   1268  1236  1270    8
 2535   1433  1416  1391    8
 2536   1273  1260  1241    8
 2537   1451  1411  1442    8
 2538   1339  1328  1363    8
 2539   1318  1326  1291    8
 2540   1336  1360  1370    8
 2541   1363  1375  1339    8
 2542   1391  1393  1362    8
 2543   1354  1362  1326    8
 2544   1360  1368  1394    8
 2545   1268  1292  1261    8
 2546   1326  1362  1335    8
 2547   1339  1318  1304    8
 2548   1291  1261  1292    8
 2549   1354  1318  1339    8
 2550   1354  1326  1318    8
 2551   1167  1212  1196    8
 2552   1227  1256  1212    8
 2553   1261  1233  1268    8
 2554   1261  1227  1233    8
 2555   1236  1202  1205    8
 2556   1128  1123  1093    8
 2557   1237  1205  1206    8
 2558   1173  1131  1139    8
 2559   1270  1236  1237    8
 2560   1268  1233  1236    8
 2561   1198  1162  1202    8
 2562   1123  1125  1091    8
 2563   1202  1169  1205    8
 2564   1202  1162  1169    8
 2565   1169  1173  1205    8
 2566   1139  1178  1173    8
 2567   1198  1157  1162    8
 2568   1192  1227  1212    8
 2569   1125  1163  1122    8
 2570   1125  1157  1163    8
 2571   1157  1192  1163    8
 2572   1198  1227  1192    8
 2573   1122  1088  1125    8
 2574   1085  1116  1083    8
 2575   1088  1091  1125    8
 2576   1131  1169  1128    8
 2577   1131  1094  1097    8
 2578   1139  1131  1098    8
 2579   1157  1123  1162    8
 2580   1157  1125  1123    8
 2581   1162  1128  1169    8
 2582   1162  1123  1128    8
 2583   1137  1098  1100    8
 2584   1144  1100  1103    8
 2585   1103  1105  1143    8
 2586   1152  1145  1106    8
 2587   1158  1110  1111    8
 2588   1152  1106  1110    8
 2589   1086  1120  1085    8
 2590   1122  1086  1088    8
 2591   1122  1120  1086    8
 2592   1167  1120  1122    8
 2593   1116  1085  1120    8
 2594   1116  1154  1112    8
 2595   1296  1260  1273    8
 2596   1118  1080  1108    8
 2597   1080  1082  1108    8
 2598   1083  1116  1112    8
 2599   1082  1112  1108    8
 2600   1083  1112  1082    8
 2601   1109  1078  1107    8
 2602   1109  1107  1151    8
 2603   1079  1080  1118    8
 2604   1186  1224  1209    8
 2605   1107  1079  1118    8
 2606   1184  1194  1147    8
 2607   1102  1136  1095    8
 2608   1142  1104  1150    8
 2609   1104  1109  1150    8
 2610   1104  1077  1109    8
 2611   1101  1075  1076    8
 2612   1076  1077  1104    8
 2613   1084  1087  1126    8
 2614   1090  1089  1069    8
 2615   1067  1084  1066    8
 2616   1068  1087  1067    8
 2617   1066  1084  1081    8
 2618   1067  1087  1084    8
 2619   1126  1117  1084    8
 2620   1200  1211  1242    8
 2621   1068  1089  1087    8
 2622   1132  1179  1174    8
 2623   1087  1129  1126    8
 2624   1089  1090  1132    8
 2625   1089  1132  1129    8
 2626   1090  1096  1132    8
 2627   1070  1071  1096    8
 2628   1071  1072  1092    8
 2629   1141  1134  1181    8
 2630   1092  1099  1134    8
 2631   1069  1070  1090    8
 2632   1073  1099  1072    8
 2633   1099  1092  1072    8
 2634   1101  1102  1075    8
 2635   1095  1073  1074    8
 2636   1102  1095  1074    8
 2637   1099  1073  1095    8
 2638   1142  1184  1147    8
 2639   1136  1149  1099    8
 2640   1181  1149  1188    8
 2641   1134  1099  1149    8
 2642   1141  1181  1179    8
 2643   1134  1149  1181    8
 2644   1281  1249  1251    8
 2645   1216  1247  1215    8
 2646   1286  1259  1294    8
 2647   1220  1188  1222    8
 2648   1311  1281  1283    8
 2649   1301  1277  1281    8
 2650   1215  1247  1245    8
 2651   1216  1181  1220    8
 2652   1251  1249  1220    8
 2653   1281  1277  1249    8
 2654   1132  1141  1179    8
 2655   1096  1134  1141    8
 2656   1170  1174  1211    8
 2657   1179  1216  1215    8
 2658   1247  1216  1249    8
 2659   1179  1181  1216    8
 2660   1126  1170  1160    8
 2661   1126  1129  1170    8
 2662   1211  1174  1215    8
 2663   1129  1132  1174    8
 2664   1126  1160  1117    8
 2665   1170  1211  1200    8
 2666   1200  1207  1160    8
 2667   1207  1200  1242    8
 2668   1160  1170  1200    8
 2669   1255  1214  1250    8
 2670   1165  1160  1207    8
 2671   1165  1207  1214    8
 2672   1207  1242  1250    8
 2673   1211  1215  1245    8
 2674   1274  1245  1275    8
 2675   1242  1211  1245    8
 2676   1282  1274  1310    8
 2677   1242  1245  1274    8
 2678   1274  1275  1299    8
 2679   1245  1247  1275    8
 2680   1338  1344  1315    8
 2681   1288  1250  1282    8
 2682   1282  1315  1288    8
 2683   1282  1310  1315    8
 2684   1323  1290  1288    8
 2685   1315  1323  1288    8
 2686   1332  1290  1323    8
 2687   1344  1323  1315    8
 2688   1356  1378  1390    8
 2689   1372  1332  1356    8
 2690   1310  1338  1315    8
 2691   1378  1356  1344    8
 2692   1323  1356  1332    8
 2693   1390  1413  1372    8
 2694   1330  1338  1310    8
 2695   1365  1378  1344    8
 2696   1330  1355  1338    8
 2697   1347  1358   509    8
 2698   1355  1365  1338    8
 2699   1355   509  1379    8
 2700   1337  1358  1347    8
 2701    499  1384   490    8
 2702   1347   509  1355    8
 2703    505  1371   499    8
 2704   1320  1298  1322    8
 2705   1275  1277  1298    8
 2706   1347  1320  1337    8
 2707   1347  1355  1330    8
 2708   1299  1330  1310    8
 2709   1320  1347  1330    8
 2710   1311  1283  1312    8
 2711   1281  1251  1283    8
 2712   1281  1311  1301    8
 2713   1333  1359  1349    8
 2714   1337  1322  1346    8
 2715   1337  1320  1322    8
 2716   1333  1327  1311    8
 2717   1346  1322  1327    8
 2718   1312  1333  1311    8
 2719   1312  1342  1333    8
 2720   1346  1349  1366    8
 2721   1327  1333  1349    8
 2722   1367  1342  1348    8
 2723   1369  1359  1342    8
 2724   1342  1367  1369    8
 2725   1348  1376  1367    8
 2726   1286  1294  1321    8
 2727   1300  1329  1294    8
 2728   1342  1321  1348    8
 2729   1286  1283  1257    8
 2730   1279  1296  1308    8
 2731   1387  1376  1357    8
 2732   1187  1230  1219    8
 2733   1266  1294  1259    8
 2734   1222  1188  1177    8
 2735   1230  1266  1259    8
 2736   1238  1209  1246    8
 2737   1300  1294  1266    8
 2738   1222  1228  1257    8
 2739   1219  1230  1259    8
 2740   1251  1257  1283    8
 2741   1228  1259  1257    8
 2742   1312  1286  1321    8
 2743   1257  1259  1286    8
 2744   1149  1136  1177    8
 2745   1142  1101  1104    8
 2746   1228  1222  1194    8
 2747   1251  1220  1222    8
 2748   1147  1136  1102    8
 2749   1177  1188  1149    8
 2750   1177  1147  1194    8
 2751   1102  1101  1147    8
 2752   1147  1177  1136    8
 2753   1194  1222  1177    8
 2754   1184  1142  1150    8
 2755   1147  1101  1142    8
 2756   1109  1151  1150    8
 2757   1186  1148  1154    8
 2758   1187  1184  1150    8
 2759   1228  1194  1184    8
 2760   1151  1187  1150    8
 2761   1151  1195  1187    8
 2762   1118  1168  1151    8
 2763   1224  1260  1246    8
 2764   1184  1219  1228    8
 2765   1184  1187  1219    8
 2766   1238  1195  1209    8
 2767   1186  1168  1148    8
 2768   1230  1238  1266    8
 2769   1246  1260  1279    8
 2770   1151  1168  1195    8
 2771   1118  1108  1148    8
 2772   1272  1238  1246    8
 2773   1195  1168  1209    8
 2774   1266  1238  1272    8
 2775   1230  1195  1238    8
 2776   1189  1186  1154    8
 2777   1168  1118  1148    8
 2778   1120  1156  1116    8
 2779   1196  1189  1156    8
 2780   1120  1167  1156    8
 2781   1163  1212  1167    8
 2782   1224  1186  1189    8
 2783   1209  1168  1186    8
 2784   1209  1224  1246    8
 2785   1226  1241  1260    8
 2786   1189  1226  1224    8
 2787   1189  1196  1226    8
 2788   1291  1273  1256    8
 2789   1291  1326  1305    8
 2790   1308  1300  1272    8
 2791   1296  1273  1305    8
 2792   1296  1279  1260    8
 2793   1272  1246  1279    8
 2794   1335  1331  1296    8
 2795   1370  1387  1357    8
 2796   1335  1368  1331    8
 2797   1336  1300  1308    8
 2798   1329  1336  1357    8
 2799   1335  1296  1305    8
 2800   1308  1331  1336    8
 2801   1368  1393  1403    8
 2802   1336  1370  1357    8
 2803   1394  1368  1403    8
 2804   1336  1331  1360    8
 2805   1308  1296  1331    8
 2806   1326  1335  1305    8
 2807   1362  1368  1335    8
 2808   1331  1368  1360    8
 2809   1460  1432  1446    8
 2810   1362  1393  1368    8
 2811   1362  1354  1391    8
 2812   1432  1403  1393    8
 2813   1393  1416  1432    8
 2814   1399  1394  1421    8
 2815   1370  1360  1394    8
 2816   1387  1399  1415    8
 2817   1370  1394  1399    8
 2818   1471  1447  1449    8
 2819   1394  1403  1431    8
 2820   1457  1449  1431    8
 2821   1421  1394  1431    8
 2822   1432  1457  1431    8
 2823   1425  1415  1399    8
 2824   1476  1460  1446    8
 2825   1431  1403  1432    8
 2826   1485  1457  1460    8
 2827   1494  1483  1471    8
 2828   1485  1460  1476    8
 2829   1457  1432  1460    8
 2830   1498  1500  1476    8
 2831   1488  1473  1457    8
 2832   1476  1500  1485    8
 2833   1498  1527  1520    8
 2834   1500  1517  1485    8
 2835    415  1578  1567    8
 2836   1520  1547  1542    8
 2837   1542  1534  1517    8
 2838   1517  1534  1507    8
 2839   1557  1575   400    8
 2840   1473  1494  1471    8
 2841   1505  1521  1510    8
 2842   1473  1488  1494    8
 2843   1507  1534  1524    8
 2844   1505  1524  1521    8
 2845   1505  1507  1524    8
 2846   1473  1471  1449    8
 2847   1483  1487  1467    8
 2848   1457  1473  1449    8
 2849   1457  1485  1488    8
 2850   1507  1488  1485    8
 2851   1507  1505  1488    8
 2852    461  1462   454    8
 2853   1483  1501  1487    8
 2854   1494  1510  1483    8
 2855   1510  1521   428    8
 2856   1483  1510  1501    8
 2857   1494  1505  1510    8
 2858   1501   436   442    8
 2859   1501  1510   436    8
 2860    436   428  1544    8
 2861    436  1510   428    8
 2862   1491  1506  1479    8
 2863   1493  1477  1468    8
 2864   1525  1515  1502    8
 2865   1535  1563  1569    8
 2866    442  1528  1513    8
 2867    436  1544  1528    8
 2868   1468  1479  1493    8
 2869    469   461  1479    8
 2870   1515  1491  1502    8
 2871   1515  1506  1491    8
 2872   1462  1474   454    8
 2873   1487   442   446    8
 2874    446   454  1474    8
 2875   1441  1435  1420    8
 2876    446  1474  1487    8
 2877   1443  1415  1425    8
 2878   1449  1447  1421    8
 2879   1467  1487  1474    8
 2880   1462  1453  1474    8
 2881   1441  1450  1435    8
 2882   1443  1467  1453    8
 2883   1471  1483  1467    8
 2884   1421  1425  1399    8
 2885   1447  1443  1425    8
 2886   1462  1441  1453    8
 2887   1405  1415  1429    8
 2888   1467  1443  1447    8
 2889   1453  1429  1443    8
 2890   1395  1420  1414    8
 2891   1405  1429  1420    8
 2892   1420  1435  1414    8
 2893   1450   469  1435    8
 2894   1453  1441  1429    8
 2895   1462  1450  1441    8
 2896   1349  1377  1366    8
 2897   1359  1385  1377    8
 2898    486  1398  1408    8
 2899   1377  1385  1398    8
 2900   1408  1406  1426    8
 2901   1385  1389  1406    8
 2902    486   490  1398    8
 2903   1398  1385  1408    8
 2904    469   474  1435    8
 2905    479  1408  1426    8
 2906   1410   490  1424    8
 2907   1384  1398   490    8
 2908   1439  1427  1410    8
 2909   1397  1379   509    8
 2910   1440   486   479    8
 2911   1424   490   486    8
 2912   1346  1371  1358    8
 2913   1366  1384  1371    8
 2914   1410   499   490    8
 2915   1366  1377  1384    8
 2916   1401   499  1410    8
 2917   1371  1384   499    8
 2918   1355  1379  1365    8
 2919    509   505  1401    8
 2920   1419  1397  1401    8
 2921    509  1358   505    8
 2922   1365  1388  1378    8
 2923   1388  1397  1409    8
 2924   1356  1390  1372    8
 2925   1378  1388  1404    8
 2926   1438  1434  1409    8
 2927   1390  1378  1404    8
 2928   1434  1404  1409    8
 2929   1404  1388  1409    8
 2930   1448  1423  1456    8
 2931   1413  1390  1423    8
 2932   1401  1397   509    8
 2933   1419  1409  1397    8
 2934    499  1401   505    8
 2935   1410  1427  1401    8
 2936   1445  1427  1458    8
 2937   1419  1401  1427    8
 2938   1465  1438  1445    8
 2939   1434  1423  1404    8
 2940   1484  1465  1458    8
 2941   1438  1419  1445    8
 2942   1464  1434  1438    8
 2943   1456  1423  1434    8
 2944   1489  1448  1456    8
 2945   1484  1492  1465    8
 2946   1456  1434  1464    8
 2947   1456  1495  1489    8
 2948   1492  1518  1522    8
 2949   1601  1566  1554    8
 2950   1532  1495  1522    8
 2951   1495  1532  1489    8
 2952   1438  1465  1464    8
 2953   1445  1458  1465    8
 2954   1464  1492  1495    8
 2955   1464  1465  1492    8
 2956   1606  1565  1581    8
 2957   1518  1484  1511    8
 2958   1535  1549  1519    8
 2959   1511  1481  1508    8
 2960   1504  1533  1508    8
 2961   1644  1614  1634    8
 2962   1440  1439  1424    8
 2963   1459  1458  1439    8
 2964    486  1440  1424    8
 2965    479   474  1452    8
 2966   1440  1459  1439    8
 2967   1482  1481  1459    8
 2968   1468   474   469    8
 2969    479  1426   474    8
 2970   1461  1452  1477    8
 2971   1440   479  1452    8
 2972   1482  1461  1477    8
 2973   1459  1440  1461    8
 2974   1452  1468  1477    8
 2975   1452   474  1468    8
 2976   1519  1493  1506    8
 2977   1519  1504  1493    8
 2978   1533  1504  1519    8
 2979   1508  1482  1504    8
 2980   1544  1538  1528    8
 2981   1551  1563  1539    8
 2982   1544  1564  1556    8
 2983   1553   428   423    8
 2984   1576  1584  1605    8
 2985   1556  1564  1584    8
 2986   1654  1627  1648    8
 2987   1621  1591  1603    8
 2988   1658  1628  1654    8
 2989   1619  1590  1605    8
 2990   1634  1596  1619    8
 2991   1563  1551  1576    8
 2992   1632  1605  1628    8
 2993   1590  1576  1605    8
 2994   1525  1539  1515    8
 2995   1525  1538  1551    8
 2996   1556  1551  1538    8
 2997   1556  1584  1576    8
 2998   1563  1576  1590    8
 2999   1551  1556  1576    8
 3000   1549  1535  1569    8
 3001   1519  1506  1535    8
 3002   1519  1549  1533    8
 3003   1581  1614  1606    8
 3004   1508  1541  1511    8
 3005   1533  1549  1565    8
 3006   1518  1548  1554    8
 3007   1541  1565  1577    8
 3008   1533  1565  1541    8
 3009   1549  1569  1581    8
 3010   1522  1566  1532    8
 3011   1585  1577  1616    8
 3012   1548  1541  1577    8
 3013   1554  1585  1601    8
 3014   1554  1548  1585    8
 3015   1549  1581  1565    8
 3016   1569  1596  1581    8
 3017   1619  1596  1590    8
 3018   1614  1581  1596    8
 3019   1577  1606  1616    8
 3020   1577  1565  1606    8
 3021   1644  1634  1669    8
 3022   1614  1596  1634    8
 3023   1645  1644  1678    8
 3024   1606  1614  1644    8
 3025   1616  1642  1601    8
 3026   1705  1684  1678    8
 3027   1616  1606  1645    8
 3028   1684  1661  1645    8
 3029   1642  1616  1661    8
 3030   1678  1726  1705    8
 3031   1706  1694  1732    8
 3032   1745  1706  1732    8
 3033   1657  1634  1619    8
 3034   1678  1706  1726    8
 3035   1678  1669  1706    8
 3036   1732  1764  1745    8
 3037   1778  1754  1784    8
 3038   1764  1732  1754    8
 3039   1754  1778  1764    8
 3040   1694  1657  1689    8
 3041   1619  1605  1632    8
 3042   1658  1657  1632    8
 3043   1694  1669  1657    8
 3044   1732  1720  1754    8
 3045   1732  1694  1720    8
 3046   1658  1654  1683    8
 3047   1628  1627  1654    8
 3048   1657  1658  1689    8
 3049   1632  1628  1658    8
 3050   1648  1679  1654    8
 3051   1712  1738  1710    8
 3052   1712  1710  1683    8
 3053   1738  1720  1710    8
 3054   1785  1797  1775    8
 3055   1784  1754  1766    8
 3056   1766  1794  1784    8
 3057   1721  1744  1712    8
 3058   1766  1738  1744    8
 3059   1770  1785  1775    8
 3060   1794  1766  1775    8
 3061   1770  1753  1750    8
 3062   1775  1744  1753    8
 3063   1753  1770  1775    8
 3064   1793  1802  1803    8
 3065   1775  1797  1794    8
 3066   1646  1667  1653    8
 3067   1721  1753  1744    8
 3068   1691  1681  1709    8
 3069   1729  1753  1721    8
 3070   1679  1693  1712    8
 3071   1729  1750  1753    8
 3072   1621  1640  1648    8
 3073   1676  1703  1693    8
 3074   1654  1679  1683    8
 3075   1665  1676  1693    8
 3076   1665  1693  1679    8
 3077   1703  1721  1693    8
 3078   1604  1608  1627    8
 3079   1604  1582  1608    8
 3080   1627  1621  1648    8
 3081   1608  1591  1621    8
 3082   1567  1553   423    8
 3083    428  1521   423    8
 3084    428  1553  1544    8
 3085    423   415  1567    8
 3086   1591  1567  1578    8
 3087   1591  1582  1567    8
 3088   1521  1537   423    8
 3089   1524  1534  1550    8
 3090    415  1550   408    8
 3091   1537  1524  1550    8
 3092   1537   415   423    8
 3093   1537  1550   415    8
 3094    415   408  1578    8
 3095   1586  1560  1570    8
 3096   1653  1640  1630    8
 3097   1621  1603  1617    8
 3098   1630  1640  1617    8
 3099   1665  1648  1640    8
 3100   1586   394  1575    8
 3101   1620  1646  1630    8
 3102   1617  1610  1630    8
 3103   1617  1592  1610    8
 3104   1550  1557   408    8
 3105   1550  1534  1557    8
 3106   1610   400   394    8
 3107   1557  1560  1575    8
 3108   1557   400   408    8
 3109   1575   394   400    8
 3110   1557  1542  1560    8
 3111   1517  1500  1520    8
 3112   1560  1586  1575    8
 3113   1597   381   388    8
 3114   1586   388   394    8
 3115    388  1633  1620    8
 3116   1610  1620  1630    8
 3117    388   381  1633    8
 3118    375  1647   381    8
 3119    381  1647  1633    8
 3120   1633  1660  1646    8
 3121   1664  1670  1690    8
 3122   1664  1681  1660    8
 3123   1709  1715  1691    8
 3124   1690  1709  1681    8
 3125   1734  1750  1729    8
 3126   1660  1667  1646    8
 3127   1660  1681  1667    8
 3128   1676  1691  1703    8
 3129   1667  1681  1691    8
 3130   1734  1715  1709    8
 3131   1734  1729  1715    8
 3132   1703  1729  1721    8
 3133   1703  1715  1729    8
 3134   1762  1770  1750    8
 3135   1762  1786  1770    8
 3136   1785  1799  1797    8
 3137   1717  1737  1709    8
 3138   1752  1731  1749    8
 3139   1781  1762  1759    8
 3140   1750  1734  1762    8
 3141   1801  1786  1781    8
 3142   1799  1785  1786    8
 3143   1786  1801  1799    8
 3144   1793  1803  1801    8
 3145   1734  1737  1762    8
 3146   1735  1731  1752    8
 3147   1768  1773  1752    8
 3148   1735  1717  1714    8
 3149   1801  1781  1793    8
 3150   1786  1762  1781    8
 3151   1707  1713  1730    8
 3152   1779  1792  1788    8
 3153   1768  1752  1749    8
 3154   1759  1737  1735    8
 3155   1743  1761  1749    8
 3156   1788  1793  1773    8
 3157   1759  1773  1781    8
 3158   1759  1752  1773    8
 3159   1768  1788  1773    8
 3160   1792  1802  1788    8
 3161   1749  1761  1768    8
 3162   1774  1790  1779    8
 3163   1792  1800  1802    8
 3164   1792  1790  1800    8
 3165   1796  1783  1789    8
 3166   1790  1792  1779    8
 3167   1798  1790  1783    8
 3168   1798  1800  1790    8
 3169   1783  1796  1798    8
 3170   1740   307  1728    8
 3171   1758  1747   313    8
 3172   1763  1776  1758    8
 3173   1783  1774  1769    8
 3174    301  1772  1763    8
 3175   1789  1783  1776    8
 3176   1747  1757  1736    8
 3177   1761  1779  1768    8
 3178   1779  1761  1774    8
 3179   1743  1736  1757    8
 3180   1757  1761  1743    8
 3181   1757  1774  1761    8
 3182    341  1713  1707    8
 3183   1687  1677  1698    8
 3184    341  1687   334    8
 3185   1736  1743  1723    8
 3186   1719   319  1708    8
 3187   1736  1723   327    8
 3188   1688  1697  1708    8
 3189   1728   313  1719    8
 3190   1708   319   327    8
 3191   1719   313   319    8
 3192   1688  1677  1659    8
 3193    334   327  1723    8
 3194   1655  1675  1651    8
 3195   1708  1698  1688    8
 3196   1688  1698  1677    8
 3197   1708   327  1698    8
 3198   1662  1674  1650    8
 3199   1687   341  1674    8
 3200   1674   341   348    8
 3201   1687  1698   334    8
 3202    341   334  1713    8
 3203   1698   327   334    8
 3204   1650  1663  1643    8
 3205   1674   348  1663    8
 3206    366   358  1670    8
 3207   1663   348   353    8
 3208    341  1707   348    8
 3209   1714  1717  1695    8
 3210   1714  1707  1731    8
 3211   1692   348  1707    8
 3212   1707  1730  1731    8
 3213   1713  1723  1730    8
 3214   1670  1695  1690    8
 3215   1692  1707  1714    8
 3216   1735  1714  1731    8
 3217   1695  1692  1714    8
 3218   1759  1735  1752    8
 3219   1737  1717  1735    8
 3220   1647   375   366    8
 3221   1680  1695  1670    8
 3222    358  1680  1670    8
 3223    353  1692  1680    8
 3224   1664  1690  1681    8
 3225   1695  1717  1690    8
 3226    366   375  1623    8
 3227    366  1664  1647    8
 3228   1660  1647  1664    8
 3229   1660  1633  1647    8
 3230   1612  1599  1623    8
 3231   1649  1663   353    8
 3232    358   366  1635    8
 3233   1670  1664   366    8
 3234   1649   358  1635    8
 3235    353  1680   358    8
 3236   1572  1588  1599    8
 3237   1562  1546  1574    8
 3238   1572  1599  1587    8
 3239   1623  1635   366    8
 3240   1588  1615  1599    8
 3241   1588  1574  1600    8
 3242   1586  1597   388    8
 3243   1587  1599  1612    8
 3244   1597  1612   381    8
 3245   1599  1615  1623    8
 3246   1612  1623   375    8
 3247   1615  1635  1623    8
 3248   1542  1547  1560    8
 3249   1572  1562  1588    8
 3250   1547  1570  1560    8
 3251   1547  1527  1552    8
 3252   1391  1416  1393    8
 3253   1446  1432  1416    8
 3254   1416  1433  1446    8
 3255   1480  1509  1498    8
 3256   1498  1520  1500    8
 3257   1527  1547  1520    8
 3258   1375  1391  1354    8
 3259   1433  1466  1446    8
 3260   1375  1411  1391    8
 3261   1451  1466  1433    8
 3262   1411  1451  1433    8
 3263   1442  1470  1478    8
 3264   1451  1480  1466    8
 3265   1478  1499  1512    8
 3266   1547  1552  1570    8
 3267   1527  1536  1552    8
 3268   1570  1572  1587    8
 3269   1552  1562  1572    8
 3270   1529  1512  1499    8
 3271   1546  1536  1512    8
 3272   1579  1613  1589    8
 3273   1600  1615  1588    8
 3274   1339  1375  1354    8
 3275   1375  1400  1411    8
 3276   1391  1411  1433    8
 3277   1375  1363  1400    8
 3278   1451  1478  1480    8
 3279   1451  1442  1478    8
 3280   1411  1400  1442    8
 3281   1363  1386  1400    8
 3282   1470  1430  1463    8
 3283   1442  1400  1430    8
 3284   1499  1470  1503    8
 3285   1499  1478  1470    8
 3286   1545  1529  1503    8
 3287   1559  1546  1529    8
 3288   1571  1543  1583    8
 3289   1579  1559  1545    8
 3290   1530  1558  1568    8
 3291   1622  1626  1643    8
 3292   1595  1611  1579    8
 3293   1624  1651  1631    8
 3294   1611  1613  1579    8
 3295   1639  1631  1659    8
 3296   1559  1589  1574    8
 3297   1559  1579  1589    8
 3298   1589  1609  1574    8
 3299   1609  1626  1622    8
 3300   1574  1609  1600    8
 3301   1589  1613  1609    8
 3302   1649  1622  1643    8
 3303   1615  1600  1622    8
 3304   1622  1649  1635    8
 3305   1643  1663  1649    8
 3306   1659  1662  1639    8
 3307   1677  1687  1662    8
 3308   1611  1631  1613    8
 3309   1611  1624  1631    8
 3310   1650  1639  1662    8
 3311   1626  1613  1639    8
 3312   1675  1659  1651    8
 3313   1677  1662  1659    8
 3314   1625  1593  1607    8
 3315   1625  1624  1593    8
 3316   1568  1558  1593    8
 3317   1593  1624  1595    8
 3318   1516  1555  1514    8
 3319   1543  1571  1526    8
 3320   1618  1607  1583    8
 3321   1618  1637  1607    8
 3322   1638  1652  1618    8
 3323   1751  1741  1760    8
 3324   1470  1463  1503    8
 3325   1571  1583  1607    8
 3326   1496  1454  1490    8
 3327   1514  1555  1543    8
 3328   1593  1571  1607    8
 3329   1558  1530  1526    8
 3330   1463  1496  1503    8
 3331   1526  1571  1558    8
 3332   1593  1558  1571    8
 3333   1593  1595  1568    8
 3334   1545  1568  1579    8
 3335   1545  1530  1568    8
 3336   1530  1503  1496    8
 3337   1418  1386  1374    8
 3338   1530  1496  1526    8
 3339   1373  1374  1340    8
 3340   1341  1373  1340    8
 3341   1418  1430  1386    8
 3342   1463  1418  1454    8
 3343   1463  1430  1418    8
 3344   1444  1454  1407    8
 3345   1496  1463  1454    8
 3346   1396  1402  1364    8
 3347   1407  1418  1374    8
 3348   1364  1402  1373    8
 3349   1436  1422  1472    8
 3350   1402  1407  1373    8
 3351   1454  1418  1407    8
 3352   1396  1436  1402    8
 3353   1514  1543  1490    8
 3354   1496  1490  1526    8
 3355   1475  1472  1516    8
 3356   1444  1475  1490    8
 3357   1602  1561  1573    8
 3358   1486  1437  1455    8
 3359   1472  1422  1437    8
 3360   1490  1475  1514    8
 3361   1444  1402  1436    8
 3362   1343  1380  1396    8
 3363   1351  1392  1380    8
 3364   1345  1382  1350    8
 3365   1417  1392  1381    8
 3366   1444  1436  1475    8
 3367   1396  1422  1436    8
 3368   1350  1382  1381    8
 3369   1383  1412  1428    8
 3370   1455  1417  1428    8
 3371   1437  1392  1417    8
 3372   1469  1428  1412    8
 3373   1469  1455  1428    8
 3374   1486  1455  1497    8
 3375   1437  1417  1455    8
 3376   1497  1469  1531    8
 3377   1497  1455  1469    8
 3378   1540  1486  1497    8
 3379   1523  1516  1472    8
 3380   1580  1540  1531    8
 3381   1573  1523  1540    8
 3382   1475  1516  1514    8
 3383   1472  1486  1523    8
 3384   1540  1523  1486    8
 3385   1573  1561  1523    8
 3386   1543  1555  1583    8
 3387   1636  1602  1629    8
 3388   1516  1561  1555    8
 3389   1516  1523  1561    8
 3390   1618  1598  1638    8
 3391   1555  1561  1598    8
 3392   1666  1636  1629    8
 3393   1666  1671  1636    8
 3394   1594  1580  1641    8
 3395   1629  1594  1641    8
 3396   1573  1540  1594    8
 3397   1629  1602  1573    8
 3398   1636  1598  1602    8
 3399   1700  1671  1666    8
 3400   1700  1702  1671    8
 3401   1700  1666  1701    8
 3402   1673  1701  1666    8
 3403   1727  1755  1748    8
 3404   1700  1701  1725    8
 3405   1722  1702  1727    8
 3406   1685  1699  1716    8
 3407   1672  1671  1702    8
 3408   1672  1702  1699    8
 3409   1700  1725  1727    8
 3410   1696  1668  1685    8
 3411   1699  1722  1716    8
 3412   1618  1652  1637    8
 3413   1638  1671  1672    8
 3414   1685  1672  1699    8
 3415   1652  1638  1672    8
 3416   1704  1711  1686    8
 3417   1668  1652  1685    8
 3418   1656  1668  1682    8
 3419   1637  1652  1668    8
 3420   1719  1697  1711    8
 3421   1686  1656  1682    8
 3422   1625  1656  1655    8
 3423   1637  1668  1656    8
 3424   1659  1675  1688    8
 3425   1655  1656  1686    8
 3426   1697  1686  1711    8
 3427   1675  1655  1686    8
 3428   1708  1697  1719    8
 3429   1675  1686  1697    8
 3430   1719  1711  1728    8
 3431   1686  1682  1704    8
 3432   1739  1746  1724    8
 3433   1718  1733  1739    8
 3434   1718  1696  1716    8
 3435   1682  1668  1696    8
 3436   1696  1704  1682    8
 3437   1724  1711  1704    8
 3438   1741  1733  1716    8
 3439   1724  1704  1718    8
 3440   1724  1746  1740    8
 3441   1756   295   301    8
 3442   1765   295  1756    8
 3443   1782  1789  1776    8
 3444   1724  1740  1728    8
 3445   1740   301   307    8
 3446   1728   307   313    8
 3447   1740  1746   301    8
 3448   1756   301  1746    8
 3449    295  1772   301    8
 3450   1780  1782  1772    8
 3451   1782  1776  1772    8
 3452    295  1780  1772    8
 3453   1780  1791  1782    8
 3454   1789  1795  1796    8
 3455    283  1787  1780    8
 3456    295   283  1780    8
 3457   1782  1791  1795    8
 3458   1780  1787  1791    8
 3459   1787   283   281    8
 3460   1756  1739  1751    8
 3461   1765   283   295    8
 3462   1765  1771   283    8
 3463   1746  1739  1756    8
 3464   1718  1716  1733    8
 3465   1718  1739  1724    8
 3466   1733  1751  1739    8
 3467   1741  1751  1733    8
 3468   1760  1771  1751    8
 3469   1700  1727  1702    8
 3470   1742  1755  1727    8
 3471   1725  1742  1727    8
 3472   1727  1748  1722    8
 3473   1755  1767  1748    8
 3474   1771  1760  1777    8
 3475    283  1771   281    8
 3476   1765  1751  1771    8
 3477   1771  1777   281    8
 3478   2173  2142  2178    9
 3479   1979  1998  1981    9
 3480   1980  1965  1993    9
 3481   1988  2011  1998    9
 3482   2383  2370  2381    9
 3483   2305  2320  2336    9
 3484   2020  2013  1997    9
 3485   2247  2249  2268    9
 3486   2340  2325  2319    9
 3487   1859  1875  1858    9
 3488   2187  2201  2212    9
 3489   1004  1023  1905    9
 3490   2312  2307  2322    9
 3491   2155  2178  2142    9
 3492   2344  2320  2330    9
 3493   1839  1858  1837    9
 3494   1852  1837  1858    9
 3495   1875  1890  1870    9
 3496   1893  1897  1872    9
 3497   2076  2051  2062    9
 3498   2112  2082  2105    9
 3499   2126  2143  2145    9
 3500   2124  2141  2117    9
 3501   1979  1960  1971    9
 3502   2124  2117  2100    9
 3503   1988  2003  2011    9
 3504    800  2059  2077    9
 3505   1913  1907  1891    9
 3506   1951  1965  1980    9
 3507   2034  2021  2049    9
 3508   1807  1816  1806    9
 3509   1816  1836  1832    9
 3510   2056  2038  2046    9
 3511   2268  2290  2286    9
 3512   1856  1861  1841    9
 3513   2011  2021  1998    9
 3514   2103  2089  2073    9
 3515   2176  2153  2168    9
 3516   2168  2147  2173    9
 3517   2153  2130  2132    9
 3518   2199  2197  2222    9
 3519   2237  2232  2200    9
 3520   2266  2244  2247    9
 3521   2232  2198  2200    9
 3522   2327  2329  2349    9
 3523   2251  2249  2224    9
 3524   2382  2361  2371    9
 3525   2271  2268  2249    9
 3526   2374  2371  2352    9
 3527   2324  2287  2305    9
 3528   2336  2324  2305    9
 3529    476   513  2285    9
 3530    706  2154   682    9
 3531   2163  2177  2148    9
 3532   2366  2354  2370    9
 3533   2239  2242  2217    9
 3534   2161  2148  2177    9
 3535   2022  2011  2003    9
 3536   2238  2205  2212    9
 3537   2103  2142  2123    9
 3538   2180  2196  2166    9
 3539   2248  2231  2241    9
 3540   2300  2310  2292    9
 3541   1916  1912  1896    9
 3542   2217  2242  2234    9
 3543   2225  2231  2248    9
 3544   2246  2275  2269    9
 3545   2293  2308  2320    9
 3546   2338  2351  2332    9
 3547   2108  2116  2091    9
 3548   1848  1834  1852    9
 3549   1870  1858  1875    9
 3550   1875  1896  1890    9
 3551   1977  1956  1987    9
 3552   1887  1880  1865    9
 3553   1942  1916  1920    9
 3554   1890  1912  1910    9
 3555   1875  1859  1877    9
 3556   2087  2054  2064    9
 3557   1976  1986   913    9
 3558   1996  1963  1972    9
 3559   1990  1977  2008    9
 3560   2016  2054  2041    9
 3561   1968  1994  2000    9
 3562   2140  2118  2152    9
 3563   2028  2054  2016    9
 3564   2140  2108  2118    9
 3565   2069  2048  2060    9
 3566   2062  2041  2075    9
 3567   2097  2111   751    9
 3568   2036  2061  2049    9
 3569   1941   961   982    9
 3570   1928  1910  1932    9
 3571   1947  1941  1926    9
 3572    913  2003  1988    9
 3573   2005  2024  2019    9
 3574   2036  2021  2011    9
 3575   1842  1854  1838    9
 3576   1971   936  1988    9
 3577   1004   982  1931    9
 3578   1926  1909  1930    9
 3579   2055  2086  2053    9
 3580   1919  1940  1925    9
 3581    855  2052  2032    9
 3582   2125  2117  2141    9
 3583   2042  2015  2034    9
 3584   1975  1997  1995    9
 3585   2125  2098  2117    9
 3586   2187  2161  2177    9
 3587   2023  2053  2029    9
 3588   1805  1814  1813    9
 3589   2021  2007  1998    9
 3590   1993  1965  1981    9
 3591   1945  1929  1931    9
 3592   1850  1829  1851    9
 3593   1879  1899  1906    9
 3594   1884  1911  1881    9
 3595   1053  1876  1855    9
 3596   1871  1849  1855    9
 3597   1842  1838  1823    9
 3598   1889  1871  1891    9
 3599   1849  1866  1845    9
 3600   1889  1866  1871    9
 3601   1830  1815  1817    9
 3602   1816  1818  1836    9
 3603   1869  1866  1889    9
 3604   1826  1815  1830    9
 3605   1899  1889  1919    9
 3606   1821  1843  1840    9
 3607   2035  2046  2026    9
 3608   1853  1847  1869    9
 3609   1922  1935  1952    9
 3610   1851  1829  1832    9
 3611   1935  1906  1925    9
 3612   1938  1933  1918    9
 3613   1922  1892  1906    9
 3614   1840  1836  1818    9
 3615   1893  1903  1917    9
 3616   1822  1808  1813    9
 3617   1897  1915  1894    9
 3618   1934  1938  1915    9
 3619   2245  2244  2260    9
 3620   2044  2057  2065    9
 3621   2095  2109  2113    9
 3622   2070  2046  2058    9
 3623   2038  2056  2057    9
 3624   2093  2110  2090    9
 3625   2099  2095  2113    9
 3626   1991  2002  2009    9
 3627   1967  1983  1974    9
 3628   1937  1950  1954    9
 3629   2018  2025  2009    9
 3630   1939  1911  1922    9
 3631   2006  1980  1993    9
 3632   1978  1985  2004    9
 3633   2058  2043  2067    9
 3634   1967  1950  1958    9
 3635   2103  2086  2122    9
 3636   1985  1982  2010    9
 3637   1999  1973  1989    9
 3638   2043  2058  2035    9
 3639   2093  2104  2114    9
 3640   2068  2061  2045    9
 3641   2125  2148  2136    9
 3642   2100  2117  2098    9
 3643   2097  2077  2092    9
 3644   2107  2136  2121    9
 3645   2148  2161  2136    9
 3646   2141  2163  2148    9
 3647   2187  2181  2161    9
 3648   2191  2213  2178    9
 3649   2258  2273  2298    9
 3650   2251  2222  2250    9
 3651   2199  2222  2224    9
 3652   2090  2110  2109    9
 3653   2197  2198  2218    9
 3654   2132  2168  2153    9
 3655   2200  2178  2213    9
 3656   2093  2090  2070    9
 3657   2109  2095  2090    9
 3658   2188  2193  2174    9
 3659   2150  2130  2153    9
 3660   2266  2268  2286    9
 3661   2263  2280  2281    9
 3662   2113  2109  2129    9
 3663   2186  2164  2170    9
 3664   2224  2249  2226    9
 3665   2188  2167  2185    9
 3666   2250  2222  2218    9
 3667   2224  2207  2199    9
 3668   2226  2207  2224    9
 3669   2206  2209  2188    9
 3670   2244  2230  2227    9
 3671   2299  2309  2311    9
 3672   2280  2299  2295    9
 3673   2232  2250  2218    9
 3674   2313  2339  2329    9
 3675   2339  2325  2347    9
 3676   2330  2320  2308    9
 3677   2344  2336  2320    9
 3678   2360  2374  2352    9
 3679   2304  2273  2287    9
 3680   2198  2232  2218    9
 3681   2237  2252  2273    9
 3682   2264  2238  2235    9
 3683   2191  2228  2213    9
 3684   2284  2264  2256    9
 3685   2276  2305  2261    9
 3686   2203  2219  2221    9
 3687   2338  2328  2341    9
 3688   2366  2370  2383    9
 3689   2257  2265  2282    9
 3690   2383  2391  2392    9
 3691   2362  2354  2342    9
 3692   2380  2392  2390    9
 3693   2389  2378  2387    9
 3694   2364  2365  2353    9
 3695   2322  2328  2312    9
 3696   2365  2362  2351    9
 3697   2377  2386  2387    9
 3698    266  2356  2367    9
 3699   2192  2201  2177    9
 3700   2285  2278  2296    9
 3701   2318  2302  2312    9
 3702   2307   476   435    9
 3703   2233  2215  2202    9
 3704   2272  2288  2283    9
 3705   2270  2279  2292    9
 3706   2283  2302  2300    9
 3707   2240  2262  2255    9
 3708   2262  2283  2279    9
 3709   2300  2279  2283    9
 3710   2270  2284  2256    9
 3711   2120  2124  2102    9
 3712   2162  2157  2175    9
 3713   2125  2141  2148    9
 3714   2138  2120   729    9
 3715   2097   773  2077    9
 3716   2084   800   773    9
 3717   2111   729   751    9
 3718   2162  2175  2182    9
 3719   2126  2127  2106    9
 3720   2192  2182  2202    9
 3721   2172   659   682    9
 3722    611   633  2208    9
 3723   2283  2262  2272    9
 3724   2203  2202  2190    9
 3725   2253  2236   582    9
 3726   2183  2160  2171    9
 3727    548  2267   513    9
 3728   2216  2231  2204    9
 3729   2083  2076  2101    9
 3730   2134  2154   706    9
 3731   2108  2091  2075    9
 3732   2219   611  2236    9
 3733   2133  2143  2116    9
 3734   2062  2031  2041    9
 3735   2017  2050  2037    9
 3736   2158  2152  2128    9
 3737   2096  2074  2115    9
 3738   2179  2194  2158    9
 3739   2171  2195  2183    9
 3740   2257  2242  2265    9
 3741   2282  2289  2306    9
 3742   2135  2158  2115    9
 3743   2316   391   435    9
 3744   2246  2223  2254    9
 3745   2282  2306  2296    9
 3746   2285  2267  2259    9
 3747   2303  2285  2296    9
 3748    513  2272   548    9
 3749   2303   476  2285    9
 3750   2307  2302  2288    9
 3751   2355  2358  2363    9
 3752   2369  2372  2363    9
 3753   2372  2369  2379    9
 3754   2346  2337   347    9
 3755    435  2303  2316    9
 3756    303   347  2343    9
 3757   2254  2223  2220    9
 3758   2321  2306  2314    9
 3759   2331  2343   347    9
 3760   1834  1837  1852    9
 3761   1859  1858  1839    9
 3762   1865  1848  1852    9
 3763   1880  1900  1882    9
 3764   1852  1858  1870    9
 3765   1870  1865  1852    9
 3766   1844  1864  1842    9
 3767   1910  1904  1887    9
 3768   1885  1882  1909    9
 3769   1831  1834  1848    9
 3770   1842  1864  1854    9
 3771   1846  1848  1862    9
 3772   1886  1885  1908    9
 3773   1831  1846  1828    9
 3774   1887  1865  1870    9
 3775   1844  1846  1863    9
 3776   1831  1848  1846    9
 3777   1846  1862  1863    9
 3778   1848  1865  1862    9
 3779   1865  1880  1862    9
 3780   1923  1928  1946    9
 3781   1923  1900  1904    9
 3782   1885  1863  1882    9
 3783   1862  1882  1863    9
 3784   1862  1880  1882    9
 3785   1900  1909  1882    9
 3786   1905  1924  1004    9
 3787   1923  1909  1900    9
 3788   1908  1885  1909    9
 3789   1946  1930  1923    9
 3790   1947  1966  1959    9
 3791   1880  1904  1900    9
 3792   1928  1953  1946    9
 3793   1909  1923  1930    9
 3794   1904  1928  1923    9
 3795   1910  1928  1904    9
 3796   1910  1912  1932    9
 3797   1956  1932  1936    9
 3798   1953  1928  1932    9
 3799   1890  1887  1870    9
 3800   1904  1880  1887    9
 3801   1887  1890  1910    9
 3802   1875  1877  1896    9
 3803   1896  1912  1890    9
 3804   1898  1896  1877    9
 3805   1898  1916  1896    9
 3806   1920  1916  1898    9
 3807   1942  1936  1916    9
 3808   1936  1912  1916    9
 3809   1963  1936  1942    9
 3810   1932  1912  1936    9
 3811   1944  1942  1920    9
 3812   1963  1956  1936    9
 3813   2028  2037  2064    9
 3814   1972  1963  1942    9
 3815   1977  1953  1956    9
 3816   1953  1932  1956    9
 3817   1944  1972  1942    9
 3818   1987  1956  1963    9
 3819   1968  1972  1944    9
 3820   1996  2016  1987    9
 3821   1972  2000  1996    9
 3822   2016  2041  2008    9
 3823   2096  2128  2118    9
 3824   2017  2037  2000    9
 3825   1968  2000  1972    9
 3826   1994  2017  2000    9
 3827   2115  2158  2128    9
 3828   2028  2064  2054    9
 3829   2037  2050  2074    9
 3830   2075  2041  2054    9
 3831   2031  2008  2041    9
 3832   2076  2062  2091    9
 3833   2051  2031  2062    9
 3834   1963  1996  1987    9
 3835   2000  2037  2028    9
 3836   2016  2008  1987    9
 3837   1992  2014  2005    9
 3838   1996  2028  2016    9
 3839   1996  2000  2028    9
 3840   2031  2012  2008    9
 3841   2031  2051  2030    9
 3842   2024  2014  2039    9
 3843   2012  2031  2030    9
 3844   2051  2039  2030    9
 3845   2019   855   883    9
 3846   2069  2060  2083    9
 3847   2039  2051  2060    9
 3848   2060  2048  2039    9
 3849    883  2032  2022    9
 3850   2069  2059  2048    9
 3851   2077   773   800    9
 3852   1992  2005  1984    9
 3853   2040  2048  2059    9
 3854   2030  2014  2012    9
 3855   2030  2039  2014    9
 3856   2014  2024  2005    9
 3857   2039  2048  2024    9
 3858   1969  1984  1966    9
 3859   2005  2001  1986    9
 3860   1977  1990  1970    9
 3861   2012  2014  1992    9
 3862   2008  1977  1987    9
 3863   2008  2012  1990    9
 3864   1992  1990  2012    9
 3865   1970  1946  1953    9
 3866   1977  1970  1953    9
 3867   1949  1930  1946    9
 3868   1992  1970  1990    9
 3869   1992  1984  1969    9
 3870   1970  1969  1946    9
 3871   1959   936   961    9
 3872   1969  1966  1949    9
 3873   1986  2001   913    9
 3874   1946  1969  1949    9
 3875   1970  1992  1969    9
 3876    982  1924  1941    9
 3877   1947  1930  1949    9
 3878   1908  1926  1924    9
 3879   1908  1909  1926    9
 3880   1023  1895  1039    9
 3881   1914  1023  1004    9
 3882   1971  1948   961    9
 3883   1004  1924   982    9
 3884   1926  1941  1924    9
 3885   1926  1930  1947    9
 3886   1976  1959  1966    9
 3887    961  1941  1959    9
 3888   1966  1947  1949    9
 3889   1959  1941  1947    9
 3890   1959  1976   936    9
 3891   1966  1984  1986    9
 3892   1966  1986  1976    9
 3893   1984  2005  1986    9
 3894   2005  2019  2001    9
 3895   2024  2048  2040    9
 3896   2024  2040  2019    9
 3897   2059   827  2040    9
 3898   2068  2052   800    9
 3899   2052   855   827    9
 3900   2040   855  2019    9
 3901   2040   827   855    9
 3902   2100  2081  2084    9
 3903   2045  2032  2052    9
 3904   1976   913   936    9
 3905    883   855  2032    9
 3906   2001   883   913    9
 3907    883  2022  2003    9
 3908    913   883  2003    9
 3909   2001  2019   883    9
 3910   1981  1961  1979    9
 3911    936   913  1988    9
 3912   2045  2022  2032    9
 3913   2036  2011  2022    9
 3914   2022  2045  2036    9
 3915   2068  2084  2081    9
 3916   2045  2061  2036    9
 3917   2045  2052  2068    9
 3918   2071  2049  2061    9
 3919   2021  2036  2049    9
 3920   2055  2023  2033    9
 3921   2015  2007  2034    9
 3922   1981  2007  1993    9
 3923   1981  1998  2007    9
 3924   2021  2034  2007    9
 3925   2049  2063  2034    9
 3926    961   936  1971    9
 3927   1981  1965  1961    9
 3928   1960  1979  1961    9
 3929   1988  1998  1979    9
 3930   1945  1960  1961    9
 3931   1948   982   961    9
 3932   1979  1971  1988    9
 3933   1960  1948  1971    9
 3934   1948  1945  1931    9
 3935   1940  1965  1951    9
 3936   1945  1948  1960    9
 3937   1931   982  1948    9
 3938   1929  1919  1907    9
 3939   1940  1961  1965    9
 3940   1891  1895  1913    9
 3941   1945  1961  1940    9
 3942   1929  1940  1919    9
 3943   1929  1945  1940    9
 3944   1891  1871  1876    9
 3945   1891  1907  1889    9
 3946   1919  1889  1907    9
 3947   1919  1925  1899    9
 3948   1830  1845  1826    9
 3949   1866  1847  1845    9
 3950   1835  1855  1849    9
 3951   1871  1866  1849    9
 3952   1871  1855  1876    9
 3953   1835  1817  1819    9
 3954   1931  1913  1914    9
 3955   1891  1876  1895    9
 3956   1929  1913  1931    9
 3957   1929  1907  1913    9
 3958   1931  1914  1004    9
 3959   1913  1895  1914    9
 3960   1908  1905  1886    9
 3961   1895  1876  1039    9
 3962   1905  1023  1888    9
 3963   1914  1895  1023    9
 3964   1868  1864  1886    9
 3965   1864  1885  1886    9
 3966   1886  1905  1888    9
 3967   1908  1924  1905    9
 3968   1885  1864  1863    9
 3969   1886  1888  1868    9
 3970   1039  1053  1868    9
 3971   1854  1864  1868    9
 3972   1888  1039  1868    9
 3973   1053  1062  1854    9
 3974   1062  1053  1855    9
 3975   1854  1868  1053    9
 3976   1023  1039  1888    9
 3977   1876  1053  1039    9
 3978   1844  1863  1864    9
 3979   1846  1844  1828    9
 3980   1842  1823  1824    9
 3981   1824  1844  1842    9
 3982   1824  1828  1844    9
 3983   1820  1823  1838    9
 3984   1062  1855  1835    9
 3985   1820  1838  1062    9
 3986   1830  1835  1849    9
 3987   1819  1820  1062    9
 3988   1819  1062  1835    9
 3989   1838  1854  1062    9
 3990   1812  1826  1827    9
 3991   1835  1830  1817    9
 3992   1849  1845  1830    9
 3993   1825  1843  1821    9
 3994   1810  1811  1825    9
 3995   1826  1812  1815    9
 3996   1847  1826  1845    9
 3997   1827  1811  1812    9
 3998   1879  1853  1869    9
 3999   1827  1826  1847    9
 4000   1879  1869  1899    9
 4001   1847  1866  1869    9
 4002   1906  1899  1925    9
 4003   1869  1889  1899    9
 4004   1884  1867  1892    9
 4005   1853  1825  1827    9
 4006   1935  1922  1906    9
 4007   1892  1879  1906    9
 4008   1853  1827  1847    9
 4009   1825  1811  1827    9
 4010   1867  1843  1853    9
 4011   1860  1836  1840    9
 4012   1867  1853  1879    9
 4013   1843  1825  1853    9
 4014   1809  1821  1818    9
 4015   1843  1860  1840    9
 4016   1892  1867  1879    9
 4017   1860  1843  1867    9
 4018   1867  1884  1860    9
 4019   1892  1922  1911    9
 4020   1957  1927  1939    9
 4021   1911  1884  1892    9
 4022   1860  1881  1857    9
 4023   1860  1884  1881    9
 4024   1952  1939  1922    9
 4025   1903  1881  1911    9
 4026   1851  1832  1857    9
 4027   1893  1874  1881    9
 4028   1836  1857  1832    9
 4029   1836  1860  1857    9
 4030   1809  1818  1807    9
 4031   1814  1816  1832    9
 4032   1807  1818  1816    9
 4033   1821  1809  1810    9
 4034   1825  1821  1810    9
 4035   1840  1818  1821    9
 4036   1816  1814  1806    9
 4037   1813  1804  1805    9
 4038   1813  1814  1829    9
 4039   1805  1806  1814    9
 4040   1822  1813  1833    9
 4041   1814  1832  1829    9
 4042   1881  1874  1857    9
 4043   1850  1833  1829    9
 4044   1833  1813  1829    9
 4045   1808  1804  1813    9
 4046   1872  1850  1851    9
 4047   1883  1878  1901    9
 4048   1850  1856  1833    9
 4049   1833  1841  1822    9
 4050   1856  1841  1833    9
 4051   1873  1878  1856    9
 4052   1883  1901  1902    9
 4053   1878  1894  1901    9
 4054   1861  1878  1883    9
 4055   1901  1918  1902    9
 4056   1934  1955  1938    9
 4057   1901  1894  1915    9
 4058   1902  1918  1921    9
 4059   1901  1915  1918    9
 4060   1856  1878  1861    9
 4061   1873  1850  1872    9
 4062   1878  1873  1894    9
 4063   1893  1881  1903    9
 4064   1850  1873  1856    9
 4065   1872  1897  1873    9
 4066   1851  1874  1872    9
 4067   1851  1857  1874    9
 4068   1897  1893  1917    9
 4069   1872  1874  1893    9
 4070   1915  1897  1917    9
 4071   1894  1873  1897    9
 4072   1921  1918  1933    9
 4073   1975  1967  1958    9
 4074   1938  1918  1915    9
 4075   2002  1983  1995    9
 4076   1954  1950  1967    9
 4077   1974  1983  1991    9
 4078   1967  1975  1983    9
 4079   1983  2002  1991    9
 4080   1954  1967  1974    9
 4081   2009  2002  2018    9
 4082   2025  2018  2038    9
 4083   2026  2018  2002    9
 4084   2026  2038  2018    9
 4085   2038  2026  2046    9
 4086   2002  1995  2013    9
 4087   2070  2056  2046    9
 4088   2044  2025  2038    9
 4089   2090  2072  2070    9
 4090   2078  2095  2080    9
 4091   2038  2057  2044    9
 4092   2078  2090  2095    9
 4093   2046  2035  2058    9
 4094   2013  1995  1997    9
 4095   1997  2004  2020    9
 4096   2027  2047  2043    9
 4097   2029  2027  2010    9
 4098   2020  2035  2013    9
 4099   2086  2073  2053    9
 4100   2067  2043  2047    9
 4101   1982  1985  1964    9
 4102   2004  1997  1978    9
 4103   2010  2004  1985    9
 4104   2027  2043  2020    9
 4105   2026  2013  2035    9
 4106   2026  2002  2013    9
 4107   2027  2020  2004    9
 4108   2043  2035  2020    9
 4109   1997  1975  1978    9
 4110   1950  1933  1938    9
 4111   1983  1975  1995    9
 4112   1958  1955  1978    9
 4113   1937  1933  1950    9
 4114   1937  1921  1933    9
 4115   1917  1934  1915    9
 4116   1958  1950  1938    9
 4117   1903  1927  1917    9
 4118   1943  1955  1934    9
 4119   1917  1943  1934    9
 4120   1964  1985  1978    9
 4121   1938  1955  1958    9
 4122   1943  1964  1955    9
 4123   1957  1964  1943    9
 4124   1957  1982  1964    9
 4125   1958  1978  1975    9
 4126   1955  1964  1978    9
 4127   1927  1957  1943    9
 4128   1980  1962  1951    9
 4129   1939  1973  1957    9
 4130   2010  2027  2004    9
 4131   1917  1927  1943    9
 4132   1903  1911  1927    9
 4133   1973  1939  1952    9
 4134   1927  1911  1939    9
 4135   1951  1935  1925    9
 4136   1962  1952  1935    9
 4137   1935  1951  1962    9
 4138   1925  1940  1951    9
 4139   1957  1973  1982    9
 4140   1952  1962  1989    9
 4141   2015  2006  1993    9
 4142   1989  1962  1980    9
 4143   2023  1989  2006    9
 4144   1973  1952  1989    9
 4145   1980  2006  1989    9
 4146   2082  2055  2066    9
 4147   2007  2015  1993    9
 4148   2066  2063  2088    9
 4149   2047  2027  2029    9
 4150   1982  1973  1999    9
 4151   1999  2010  1982    9
 4152   2029  2053  2047    9
 4153   1989  2023  1999    9
 4154   2006  2015  2033    9
 4155   1999  2029  2010    9
 4156   1999  2023  2029    9
 4157   2066  2055  2033    9
 4158   2023  2006  2033    9
 4159   2015  2042  2033    9
 4160   2034  2063  2042    9
 4161   2023  2055  2053    9
 4162   2033  2042  2066    9
 4163   2063  2066  2042    9
 4164   2082  2086  2055    9
 4165   2063  2085  2088    9
 4166   2063  2049  2071    9
 4167   2067  2073  2089    9
 4168   2047  2053  2073    9
 4169   2088  2082  2066    9
 4170   2088  2107  2121    9
 4171   2088  2105  2082    9
 4172   2121  2136  2151    9
 4173   2082  2112  2086    9
 4174   2139  2121  2151    9
 4175   2085  2107  2088    9
 4176   2085  2098  2107    9
 4177   2088  2121  2105    9
 4178   2136  2161  2151    9
 4179   2181  2151  2161    9
 4180   2139  2105  2121    9
 4181   2178  2155  2191    9
 4182   2139  2151  2169    9
 4183   2212  2181  2187    9
 4184   2169  2151  2181    9
 4185   2229  2243  2256    9
 4186   2212  2205  2181    9
 4187   2200  2173  2178    9
 4188   2142  2122  2155    9
 4189   2181  2205  2169    9
 4190   2228  2261  2252    9
 4191   2112  2122  2086    9
 4192   2112  2139  2155    9
 4193   2191  2155  2169    9
 4194   2112  2105  2139    9
 4195   2112  2155  2122    9
 4196   2139  2169  2155    9
 4197   2110  2114  2130    9
 4198   2123  2142  2147    9
 4199   2132  2147  2168    9
 4200   2132  2104  2123    9
 4201   2176  2170  2150    9
 4202   2176  2150  2153    9
 4203   2168  2173  2198    9
 4204   2147  2142  2173    9
 4205   2199  2170  2176    9
 4206   2170  2146  2150    9
 4207   2198  2197  2168    9
 4208   2199  2207  2186    9
 4209   2149  2137  2131    9
 4210   2109  2110  2129    9
 4211   2164  2146  2170    9
 4212   2129  2130  2150    9
 4213   2058  2079  2070    9
 4214   2130  2129  2110    9
 4215   2079  2104  2093    9
 4216   2132  2130  2114    9
 4217   2123  2104  2089    9
 4218   2132  2114  2104    9
 4219   2132  2123  2147    9
 4220   2089  2103  2123    9
 4221   2073  2067  2047    9
 4222   2089  2104  2079    9
 4223   2086  2103  2073    9
 4224   2122  2142  2103    9
 4225   2056  2072  2057    9
 4226   2056  2070  2072    9
 4227   2067  2079  2058    9
 4228   2067  2089  2079    9
 4229   2079  2093  2070    9
 4230   2114  2110  2093    9
 4231   2057  2072  2078    9
 4232   2057  2078  2065    9
 4233   2072  2090  2078    9
 4234   2065  2078  2080    9
 4235   2149  2156  2137    9
 4236   2099  2080  2095    9
 4237   2119  2099  2113    9
 4238   2131  2137  2119    9
 4239   2174  2167  2188    9
 4240   2207  2206  2185    9
 4241   2211  2227  2230    9
 4242   2113  2131  2119    9
 4243   2167  2164  2185    9
 4244   2129  2131  2113    9
 4245   2146  2164  2149    9
 4246   2129  2146  2131    9
 4247   2129  2150  2146    9
 4248   2146  2149  2131    9
 4249   2164  2167  2149    9
 4250   2156  2167  2174    9
 4251   2156  2149  2167    9
 4252   2185  2186  2207    9
 4253   2185  2164  2186    9
 4254   2170  2199  2186    9
 4255   2176  2197  2199    9
 4256   2251  2224  2222    9
 4257   2249  2247  2226    9
 4258   2244  2227  2247    9
 4259   2206  2207  2226    9
 4260   2297  2325  2313    9
 4261   2271  2249  2251    9
 4262   2247  2227  2226    9
 4263   2227  2211  2209    9
 4264   2268  2266  2247    9
 4265   2245  2230  2244    9
 4266   2227  2209  2226    9
 4267   2188  2185  2206    9
 4268   2188  2209  2193    9
 4269   2206  2226  2209    9
 4270   2209  2211  2193    9
 4271   2299  2280  2286    9
 4272   2263  2245  2260    9
 4273   2280  2266  2286    9
 4274   2260  2244  2266    9
 4275   2271  2290  2268    9
 4276   2309  2299  2286    9
 4277   2260  2280  2263    9
 4278   2260  2266  2280    9
 4279   2280  2295  2281    9
 4280   2290  2309  2286    9
 4281   2311  2295  2299    9
 4282   2313  2309  2290    9
 4283   2329  2327  2309    9
 4284   2311  2309  2327    9
 4285   2329  2339  2349    9
 4286   2329  2309  2313    9
 4287   2339  2357  2349    9
 4288   2250  2274  2251    9
 4289   2352  2326  2324    9
 4290   2271  2297  2290    9
 4291   2258  2250  2232    9
 4292   2271  2274  2297    9
 4293   2271  2251  2274    9
 4294   2290  2297  2313    9
 4295   2340  2326  2350    9
 4296   2313  2325  2339    9
 4297   2301  2274  2277    9
 4298   2368  2347  2361    9
 4299   2357  2339  2347    9
 4300   2347  2368  2357    9
 4301   2376  2361  2382    9
 4302   2347  2325  2340    9
 4303   2368  2361  2376    9
 4304   2382  2371  2385    9
 4305   2350  2326  2352    9
 4306   2371  2388  2385    9
 4307   2361  2350  2371    9
 4308   2340  2319  2326    9
 4309   2360  2352  2336    9
 4310   2371  2350  2352    9
 4311   2297  2301  2325    9
 4312   2274  2250  2277    9
 4313   2361  2340  2350    9
 4314   2361  2347  2340    9
 4315   2298  2277  2258    9
 4316   2301  2297  2274    9
 4317   2298  2301  2277    9
 4318   2319  2325  2301    9
 4319   2222  2197  2218    9
 4320   2176  2168  2197    9
 4321   2273  2258  2237    9
 4322   2277  2250  2258    9
 4323   2237  2200  2213    9
 4324   2198  2173  2200    9
 4325   2232  2237  2258    9
 4326   2252  2287  2273    9
 4327   2324  2304  2287    9
 4328   2326  2319  2298    9
 4329   2304  2298  2273    9
 4330   2319  2301  2298    9
 4331   2326  2304  2324    9
 4332   2326  2298  2304    9
 4333   2213  2252  2237    9
 4334   2228  2191  2205    9
 4335   2264  2276  2238    9
 4336   2287  2252  2261    9
 4337   2261  2228  2238    9
 4338   2191  2169  2205    9
 4339   2213  2228  2252    9
 4340   2205  2238  2228    9
 4341   2201  2229  2212    9
 4342   2235  2238  2212    9
 4343   2270  2256  2243    9
 4344   2264  2235  2256    9
 4345   2238  2276  2261    9
 4346   2264  2284  2293    9
 4347   2323  2308  2292    9
 4348   2293  2276  2264    9
 4349   2308  2293  2284    9
 4350   2320  2305  2293    9
 4351   2292  2308  2284    9
 4352   2323  2342  2330    9
 4353   2323  2330  2308    9
 4354   2354  2344  2330    9
 4355   2261  2305  2287    9
 4356   2276  2293  2305    9
 4357   2380  2374  2360    9
 4358   2352  2324  2336    9
 4359   2390  2374  2380    9
 4360   2388  2371  2374    9
 4361   2374  2390  2388    9
 4362   2344  2360  2336    9
 4363   2344  2366  2360    9
 4364   2360  2366  2380    9
 4365   2344  2354  2366    9
 4366   2380  2383  2392    9
 4367   2380  2366  2383    9
 4368   2383  2381  2391    9
 4369   2370  2362  2381    9
 4370   2381  2389  2391    9
 4371   2381  2378  2389    9
 4372   2332  2342  2323    9
 4373   2354  2330  2342    9
 4374   2378  2362  2365    9
 4375   2370  2354  2362    9
 4376   2332  2351  2342    9
 4377   2362  2342  2351    9
 4378   2341  2353  2338    9
 4379   2363  2372  2373    9
 4380   2353  2365  2351    9
 4381   2378  2381  2362    9
 4382   2377  2378  2365    9
 4383   2377  2387  2378    9
 4384   2377  2373  2386    9
 4385   2377  2365  2364    9
 4386   2373  2384  2386    9
 4387   2373  2372  2384    9
 4388   2373  2364  2363    9
 4389   2372  2379  2384    9
 4390   2337  2346  2341    9
 4391    347   303  2346    9
 4392   2355  2363  2364    9
 4393   2358  2369  2363    9
 4394   2322  2337  2328    9
 4395   2346  2358  2355    9
 4396   2341  2355  2353    9
 4397   2341  2346  2355    9
 4398   2355  2364  2353    9
 4399   2373  2377  2364    9
 4400   2283  2288  2302    9
 4401   2272   513  2288    9
 4402    476  2307  2288    9
 4403    435   391  2322    9
 4404    435  2322  2307    9
 4405    391   347  2337    9
 4406   2328  2337  2341    9
 4407   2322   391  2337    9
 4408   2253   548  2272    9
 4409    582  2225  2248    9
 4410   2285   513  2267    9
 4411    476  2288   513    9
 4412   2202  2203  2221    9
 4413    582   548  2253    9
 4414   2262  2253  2272    9
 4415   2262  2240  2253    9
 4416   2253  2240  2236    9
 4417   2255  2243  2233    9
 4418   2318  2312  2328    9
 4419   2302  2307  2312    9
 4420   2332  2318  2338    9
 4421   2300  2302  2318    9
 4422   2328  2338  2318    9
 4423   2353  2351  2338    9
 4424   2292  2310  2323    9
 4425   2300  2318  2310    9
 4426   2310  2332  2323    9
 4427   2310  2318  2332    9
 4428   2270  2243  2255    9
 4429   2256  2235  2229    9
 4430   2279  2270  2255    9
 4431   2292  2284  2270    9
 4432   2262  2279  2255    9
 4433   2300  2292  2279    9
 4434   2163  2182  2192    9
 4435   2202  2221  2233    9
 4436   2212  2229  2235    9
 4437   2215  2243  2229    9
 4438   2240  2221  2236    9
 4439   2240  2255  2233    9
 4440   2240  2233  2221    9
 4441   2243  2215  2233    9
 4442   2124  2144  2141    9
 4443   2192  2202  2215    9
 4444   2144  2162  2163    9
 4445   2190  2202  2182    9
 4446   2229  2201  2215    9
 4447   2177  2163  2192    9
 4448   2177  2201  2187    9
 4449   2192  2215  2201    9
 4450   2071  2081  2098    9
 4451   2084   773  2102    9
 4452   2107  2125  2136    9
 4453   2107  2098  2125    9
 4454   2085  2071  2098    9
 4455   2085  2063  2071    9
 4456   2098  2081  2100    9
 4457   2071  2061  2081    9
 4458   2061  2068  2081    9
 4459   2052   827   800    9
 4460   2100  2102  2124    9
 4461   2100  2084  2102    9
 4462    773   751  2102    9
 4463   2138   706  2157    9
 4464   2141  2144  2163    9
 4465   2124  2120  2138    9
 4466   2163  2162  2182    9
 4467   2144  2138  2157    9
 4468   2124  2138  2144    9
 4469   2175   682   659    9
 4470    729   706  2138    9
 4471   2134  2111  2127    9
 4472   2068   800  2084    9
 4473    827  2059   800    9
 4474   2120   751   729    9
 4475   2120  2102   751    9
 4476   2077  2069  2092    9
 4477   2077  2059  2069    9
 4478   2111  2097  2092    9
 4479    751   773  2097    9
 4480   2165  2154  2145    9
 4481   2111  2092  2106    9
 4482    729  2134   706    9
 4483    729  2111  2134    9
 4484    682  2154  2172    9
 4485   2134  2127  2154    9
 4486   2175   659  2190    9
 4487   2165  2160  2183    9
 4488   2172  2189   659    9
 4489    611   582  2236    9
 4490   2144  2157  2162    9
 4491    706   682  2157    9
 4492   2182  2175  2190    9
 4493   2157   682  2175    9
 4494    659  2203  2190    9
 4495    659  2189   633    9
 4496   2221  2219  2236    9
 4497    633  2189  2208    9
 4498   2203   633  2219    9
 4499   2203   659   633    9
 4500   2183  2204  2189    9
 4501   2231  2216  2241    9
 4502    633   611  2219    9
 4503   2208  2225   611    9
 4504   2204  2183  2195    9
 4505   2189  2172  2165    9
 4506   2189  2204  2208    9
 4507   2195  2210  2216    9
 4508   2184  2210  2195    9
 4509   2184  2166  2196    9
 4510   2195  2216  2204    9
 4511   2210  2217  2234    9
 4512   2166  2159  2140    9
 4513   2184  2195  2171    9
 4514   2143  2171  2160    9
 4515   2159  2184  2171    9
 4516   2165  2145  2160    9
 4517   2154  2127  2145    9
 4518   2189  2165  2183    9
 4519   2172  2154  2165    9
 4520   2111  2106  2127    9
 4521   2092  2069  2083    9
 4522   2127  2126  2145    9
 4523   2101  2091  2116    9
 4524   2092  2083  2106    9
 4525   2060  2051  2076    9
 4526   2106  2101  2126    9
 4527   2106  2083  2101    9
 4528   2087  2108  2075    9
 4529   2091  2062  2075    9
 4530   2101  2076  2091    9
 4531   2083  2060  2076    9
 4532   2143  2126  2116    9
 4533   2126  2101  2116    9
 4534   2159  2133  2140    9
 4535   2159  2171  2143    9
 4536   2159  2143  2133    9
 4537   2160  2145  2143    9
 4538   2116  2108  2133    9
 4539   2087  2064  2096    9
 4540   2096  2118  2087    9
 4541   2128  2152  2118    9
 4542   2108  2087  2118    9
 4543   2075  2054  2087    9
 4544   2037  2074  2064    9
 4545   2074  2094  2115    9
 4546   2064  2074  2096    9
 4547   2050  2094  2074    9
 4548   2135  2179  2158    9
 4549   2096  2115  2128    9
 4550   2094  2135  2115    9
 4551   2194  2223  2214    9
 4552   2220  2223  2194    9
 4553   2158  2180  2152    9
 4554   2214  2246  2239    9
 4555   2166  2140  2152    9
 4556   2133  2108  2140    9
 4557   2180  2166  2152    9
 4558   2184  2159  2166    9
 4559   2184  2196  2217    9
 4560   2180  2194  2214    9
 4561   2184  2217  2210    9
 4562   2196  2214  2217    9
 4563   2158  2194  2180    9
 4564   2179  2220  2194    9
 4565   2180  2214  2196    9
 4566   2223  2246  2214    9
 4567   2254  2275  2246    9
 4568   2294  2275  2254    9
 4569   2239  2269  2265    9
 4570   2356  2345  2359    9
 4571   2275  2291  2269    9
 4572   2275  2294  2291    9
 4573   2317  2291  2294    9
 4574   2291  2289  2269    9
 4575   2291  2317  2314    9
 4576   2278  2282  2296    9
 4577   2334  2335  2348    9
 4578   2214  2239  2217    9
 4579   2246  2269  2239    9
 4580   2239  2265  2242    9
 4581   2269  2289  2265    9
 4582   2259  2241  2257    9
 4583   2216  2210  2234    9
 4584   2234  2241  2216    9
 4585   2234  2242  2257    9
 4586    611  2225   582    9
 4587   2208  2204  2225    9
 4588   2259  2248  2241    9
 4589   2225  2204  2231    9
 4590    548  2248  2267    9
 4591    548   582  2248    9
 4592   2306  2315  2296    9
 4593    435   476  2303    9
 4594   2259  2257  2278    9
 4595   2241  2234  2257    9
 4596   2285  2259  2278    9
 4597   2267  2248  2259    9
 4598   2257  2282  2278    9
 4599   2265  2289  2282    9
 4600    391  2331   347    9
 4601   2333  2321  2334    9
 4602    303  2343  2356    9
 4603   2321  2315  2306    9
 4604   2296  2315  2303    9
 4605   2331   391  2316    9
 4606   2358   303   266    9
 4607   2358  2346   303    9
 4608   2369   266   228    9
 4609   2369  2358   266    9
 4610   2369  2375  2379    9
 4611    303  2356   266    9
 4612   2345  2334  2348    9
 4613    266  2367   228    9
 4614   2369   228  2375    9
 4615   2343  2345  2356    9
 4616   2343  2331  2333    9
 4617   2356  2359  2367    9
 4618   2316  2315  2331    9
 4619   2316  2303  2315    9
 4620   2343  2333  2345    9
 4621   2331  2315  2333    9
 4622   2289  2314  2306    9
 4623   2289  2291  2314    9
 4624   2335  2314  2317    9
 4625   2335  2334  2314    9
 4626   2333  2315  2321    9
 4627   2333  2334  2345    9
 4628   2321  2314  2334    9
 4629   2345  2348  2359    9
 4630   2614  2565  2585    10
 4631   2619  2639  2593    10
 4632   2520  2468  2524    10
 4633   2603  2598  2644    10
 4634   3193  3181  3131    10
 4635   2726  2704  2682    10
 4636   3347  3409  3391    10
 4637   3088  3077  3104    10
 4638   3842  3899  3871    10
 4639   2568  2580  2615    10
 4640   2524  2544  2580    10
 4641   2755  2767  2732    10
 4642   2714  2708  2670    10
 4643   2819  2813  2834    10
 4644   2947  2966  2972    10
 4645   3096  3068  3057    10
 4646   3911  3918  3880    10
 4647   2514  2540  2565    10
 4648   2445  2457  2499    10
 4649   3167  3187  3154    10
 4650   2460  2464  2507    10
 4651   2554  2528  2507    10
 4652   2833  2865  2828    10
 4653   2470  2413  2412    10
 4654   2851  2887  2880    10
 4655   2469  2432  2431    10
 4656   2418  2485  2419    10
 4657   2669  2703  2663    10
 4658   2535  2571  2583    10
 4659   2896  2918  2927    10
 4660   2692  2681  2725    10
 4661   3225  3204  3203    10
 4662   2829  2827  2807    10
 4663   3093  3050  3080    10
 4664   3598  3578  1974    10
 4665   3343  3310  3353    10
 4666   3365  3328  3374    10
 4667   3596  3587  3549    10
 4668   3308  3313  3255    10
 4669   3503  3481  3469    10
 4670   3713  3663  3710    10
 4671   3809  3841  3774    10
 4672   2602  2648  2635    10
 4673   3294  3239  3261    10
 4674   3555  1991  1974    10
 4675   3252  3291  3269    10
 4676   3820  3773  3807    10
 4677   3807  3794  3849    10
 4678   3375  3398  3412    10
 4679   3420  3398  3388    10
 4680   3741  3771  3803    10
 4681   2529  2551  2498    10
 4682   2488  2398  2397    10
 4683   2475  2499  2529    10
 4684   2666  2628  2639    10
 4685   2788  2802  2774    10
 4686   2853  2868  2876    10
 4687   3342  3294  3332    10
 4688   2911  2932  2923    10
 4689   2923  2932  2942    10
 4690   3001  3034  3036    10
 4691   2803  2805  2769    10
 4692   2928  2923  2942    10
 4693   2700  2686  2671    10
 4694   2775  2783  2808    10
 4695   2942  2966  2947    10
 4696   2691  2695  2727    10
 4697   2644  2598  2605    10
 4698   2997  3048  3046    10
 4699   2830  2881  2866    10
 4700   2979  2945  3000    10
 4701   2631  2653  2681    10
 4702   3157  3099  3155    10
 4703   2743  2776  2740    10
 4704   3046  2994  2997    10
 4705   3697  3707  3740    10
 4706   2704  2726  2745    10
 4707   2758  2735  2772    10
 4708   2916  2872  2906    10
 4709   2994  2952  2997    10
 4710   2554  2565  2602    10
 4711   2648  2693  2682    10
 4712   2757  2799  2772    10
 4713   2410  2409  2480    10
 4714   2463  2403  2402    10
 4715   2708  2693  2660    10
 4716   2708  2742  2693    10
 4717   2474  2410  2480    10
 4718   2461  2421  2455    10
 4719   2570  2555  2522    10
 4720   2423  2487  2424    10
 4721   2422  2461  2491    10
 4722   2713  2668  2665    10
 4723   2494  2447  2504    10
 4724   2646  2632  2662    10
 4725   2622  2578  2606    10
 4726   2613  2647  2632    10
 4727   2894  2890  2878    10
 4728   2497  2547  2532    10
 4729   2711  2684  2705    10
 4730   2791  2798  2820    10
 4731   2890  2869  2878    10
 4732   3013  2999  2984    10
 4733   3028  2995  3011    10
 4734   2841  2873  2855    10
 4735   2941  2981  2982    10
 4736   2950  2918  2920    10
 4737   2738  2750  2777    10
 4738   2484  2476  2535    10
 4739   3101  3080  3065    10
 4740   2988  2964  2973    10
 4741   2655  2710  2688    10
 4742   2582  2532  2547    10
 4743   2954  2910  2934    10
 4744   3032  2987  3018    10
 4745   2618  2665  2625    10
 4746   2733  2766  2721    10
 4747   2963  2995  2974    10
 4748   2842  2862  2825    10
 4749   3117  3108  3090    10
 4750   2958  2967  2934    10
 4751   3190  3169  3195    10
 4752   3108  2281  3079    10
 4753   3054  3041  3021    10
 4754   3559  3504  3529    10
 4755   3143  3115  3123    10
 4756   2281  3076  3079    10
 4757   3496  3463  3470    10
 4758   3486  3448  3483    10
 4759   3492  3501  3538    10
 4760   3135  3149  3121    10
 4761   3772  3763  3813    10
 4762   3080  3119  3093    10
 4763   3218  3200  3231    10
 4764   3432  3468  3466    10
 4765   3232  3273  3270    10
 4766   3071  3107  3082    10
 4767   3399  3430  3395    10
 4768   3505  3533  3519    10
 4769   3351  3326  3338    10
 4770   3510  3523  3479    10
 4771   3708  3742  3695    10
 4772   3888  3954  3955    10
 4773   3847  3894  3832    10
 4774   3907  3958  3865    10
 4775   3754  3715  3722    10
 4776   3590  3552  3568    10
 4777   1841  3834  3798    10
 4778   3765  3737  3719    10
 4779   3588  3550  3600    10
 4780   1883  3752  3712    10
 4781   3706  3737  3734    10
 4782   3941  3906  3940    10
 4783   1822  3900  3834    10
 4784   3938  3883  3869    10
 4785   3829  3793  3783    10
 4786   3859  3903  3820    10
 4787   3875  3929  3930    10
 4788   3649  3681  3635    10
 4789   3758  3805  3802    10
 4790   3732  3738  3781    10
 4791   3719  3749  3765    10
 4792   3839  3845  3895    10
 4793   3572  3569  3619    10
 4794   3508  3540  3483    10
 4795   3619  3629  3572    10
 4796   3039  2981  3012    10
 4797   3259  3206  3211    10
 4798   3355  2119  3333    10
 4799   3157  3138  3099    10
 4800   3157  3155  3211    10
 4801   3111  3110  3073    10
 4802   3102  3064  3110    10
 4803   3025  3008  3002    10
 4804   3278  3285  3246    10
 4805   3152  3198  3155    10
 4806   3472  3422  3417    10
 4807   3394  3342  3377    10
 4808   3163  3170  3137    10
 4809   3191  3217  3239    10
 4810   3276  3288  3307    10
 4811   3147  3170  3177    10
 4812   3336  3359  3371    10
 4813   3532  3566  3548    10
 4814   3586  3630  3605    10
 4815   3615  3623  3647    10
 4816   3615  3647  3640    10
 4817   3714  3743  3751    10
 4818   3703  3726  3675    10
 4819   3915  3899  3866    10
 4820   3686  3653  3672    10
 4821   3916  3899  3915    10
 4822   2397  2396  2444    10
 4823   2444  2475  2498    10
 4824   2502  2453  2520    10
 4825   2728  2702  2724    10
 4826   2520  2453  2468    10
 4827   2605  2649  2644    10
 4828   2716  2698  2686    10
 4829   2593  2628  2580    10
 4830   2649  2615  2659    10
 4831   2580  2544  2593    10
 4832   2671  2652  2636    10
 4833   2730  2732  2706    10
 4834   2636  2624  2599    10
 4835   2675  2671  2645    10
 4836   2975  3002  2985    10
 4837   2732  2748  2716    10
 4838   2898  2876  2889    10
 4839   3137  3112  3133    10
 4840   3096  3086  3120    10
 4841   3227  3213  3201    10
 4842   3133  3159  3163    10
 4843   2975  2965  2955    10
 4844   2985  2966  2965    10
 4845   3088  3104  3112    10
 4846   2789  2768  2754    10
 4847   2822  2813  2800    10
 4848   2965  2966  2942    10
 4849   3038  3025  3052    10
 4850   2959  2947  2972    10
 4851   2966  2985  2990    10
 4852   3068  3100  3070    10
 4853   2969  2970  3001    10
 4854   3114  3086  3085    10
 4855   3005  2986  2972    10
 4856   2931  2947  2959    10
 4857   2990  2985  3008    10
 4858   3034  3020  3057    10
 4859   3034  3001  3020    10
 4860   2691  2659  2695    10
 4861   2734  2722  2687    10
 4862   2819  2834  2847    10
 4863   2914  2909  2937    10
 4864   2748  2774  2764    10
 4865   2767  2778  2788    10
 4866   2853  2847  2834    10
 4867   2819  2793  2802    10
 4868   2793  2764  2774    10
 4869   2728  2754  2727    10
 4870   2789  2754  2775    10
 4871   2739  2748  2764    10
 4872   2764  2751  2739    10
 4873   2783  2793  2812    10
 4874   2628  2666  2659    10
 4875   2775  2808  2789    10
 4876   2685  2644  2687    10
 4877   2752  2717  2763    10
 4878   2585  2594  2629    10
 4879   2638  2643  2678    10
 4880   2660  2670  2708    10
 4881   2629  2594  2638    10
 4882   2787  2752  2795    10
 4883   2670  2678  2714    10
 4884   2833  2828  2795    10
 4885   2828  2872  2821    10
 4886   2769  2763  2722    10
 4887   2752  2787  2747    10
 4888   2937  2959  2970    10
 4889   2915  2951  2944    10
 4890   2952  2944  2997    10
 4891   3033  3036  3070    10
 4892   3048  2997  3022    10
 4893   3033  3004  3036    10
 4894   3033  3070  3073    10
 4895   3150  3191  3152    10
 4896   2916  2952  2960    10
 4897   3048  3064  3102    10
 4898   2952  2906  2944    10
 4899   2978  3022  2997    10
 4900   2814  2781  2821    10
 4901   2865  2902  2906    10
 4902   2871  2902  2865    10
 4903   2899  2867  2883    10
 4904   3000  2960  3023    10
 4905   3106  3092  3145    10
 4906   3072  3037  3098    10
 4907   2926  2881  2893    10
 4908   3180  3208  3167    10
 4909   3016  3061  3030    10
 4910   3134  3167  3124    10
 4911   3401  3376  3400    10
 4912   3214  3226  3252    10
 4913   3181  3180  3145    10
 4914   3061  3039  3092    10
 4915   3180  3223  3208    10
 4916   3081  3094  3118    10
 4917   3124  3167  3154    10
 4918   2922  2981  2941    10
 4919   2870  2904  2877    10
 4920   2930  2949  2917    10
 4921   3016  2981  3039    10
 4922   2866  2826  2830    10
 4923   2663  2699  2657    10
 4924   2824  2850  2799    10
 4925   2857  2893  2850    10
 4926   2704  2664  2682    10
 4927   2474  2459  2411    10
 4928   2814  2824  2786    10
 4929   2830  2826  2796    10
 4930   2725  2757  2772    10
 4931   2782  2826  2817    10
 4932   2817  2856  2811    10
 4933   2895  2874  2917    10
 4934   2555  2578  2526    10
 4935   2689  2696  2733    10
 4936   2555  2503  2522    10
 4937   2491  2487  2423    10
 4938   2623  2626  2663    10
 4939   2606  2578  2555    10
 4940   2621  2590  2577    10
 4941   2482  2523  2517    10
 4942   2564  2587  2538    10
 4943   2495  2517  2543    10
 4944   2579  2523  2519    10
 4945   2577  2590  2543    10
 4946   2570  2623  2606    10
 4947   2614  2585  2629    10
 4948   2598  2553  2605    10
 4949   2579  2556  2604    10
 4950   2653  2664  2709    10
 4951   2562  2557  2603    10
 4952   2465  2401  2450    10
 4953   2643  2603  2644    10
 4954   2557  2553  2598    10
 4955   2540  2514  2489    10
 4956   2463  2402  2465    10
 4957   2557  2508  2553    10
 4958   2557  2562  2510    10
 4959   2409  2460  2480    10
 4960   2464  2514  2507    10
 4961   2591  2554  2602    10
 4962   2507  2565  2554    10
 4963   2554  2591  2560    10
 4964   2470  2412  2459    10
 4965   2467  2404  2403    10
 4966   2460  2409  2408    10
 4967   2462  2467  2506    10
 4968   2404  2462  2405    10
 4969   2495  2417  2416    10
 4970   2495  2543  2505    10
 4971   2479  2538  2522    10
 4972   2526  2578  2545    10
 4973   2545  2487  2491    10
 4974   2625  2581  2618    10
 4975   2476  2424  2487    10
 4976   2689  2674  2640    10
 4977   2425  2476  2484    10
 4978   2654  2618  2620    10
 4979   2430  2481  2477    10
 4980   2429  2478  2481    10
 4981   2469  2477  2521    10
 4982   2478  2428  2492    10
 4983   2527  2566  2521    10
 4984   2651  2608  2627    10
 4985   2672  2627  2642    10
 4986   2521  2477  2527    10
 4987   2561  2609  2596    10
 4988   2684  2673  2705    10
 4989   2596  2627  2582    10
 4990   2729  2723  2759    10
 4991   2434  2433  2454    10
 4992   2448  2432  2469    10
 4993   2435  2434  2471    10
 4994   2433  2432  2448    10
 4995   2608  2563  2582    10
 4996   2662  2632  2647    10
 4997   2483  2441  2451    10
 4998   2532  2454  2497    10
 4999   2534  2504  2483    10
 5000   2486  2438  2437    10
 5001   2435  2471  2473    10
 5002   2440  2458  2451    10
 5003   2509  2473  2471    10
 5004   2539  2563  2588    10
 5005   2471  2454  2532    10
 5006   2630  2584  2588    10
 5007   2530  2516  2472    10
 5008   2656  2673  2637    10
 5009   2634  2630  2588    10
 5010   2737  2719  2711    10
 5011   2677  2651  2697    10
 5012   2838  2827  2849    10
 5013   2756  2770  2779    10
 5014   2953  2957  2927    10
 5015   2875  2884  2897    10
 5016   2869  2854  2878    10
 5017   2854  2846  2838    10
 5018   2869  2846  2854    10
 5019   2810  2801  2792    10
 5020   2684  2662  2647    10
 5021   2810  2823  2801    10
 5022   3160  3149  3174    10
 5023   3010  3049  3015    10
 5024   3168  3174  3149    10
 5025   3204  3216  3185    10
 5026   2961  2936  2957    10
 5027   3113  3097  3082    10
 5028   2924  2897  2913    10
 5029   2984  3015  3013    10
 5030   3121  3097  3113    10
 5031   3149  3135  3168    10
 5032   3087  3049  3075    10
 5033   3113  3107  3141    10
 5034   3498  3485  3462    10
 5035   3334  3303  3295    10
 5036   3429  3416  3446    10
 5037   3139  3103  3093    10
 5038   3126  3164  3141    10
 5039   3143  3153  3173    10
 5040   3188  3158  3148    10
 5041   3032  3018  3059    10
 5042   3049  3071  3043    10
 5043   3095  3083  3067    10
 5044   2943  2921  2904    10
 5045   3049  3043  3015    10
 5046   3069  3097  3078    10
 5047   3087  3071  3049    10
 5048   3082  3055  3071    10
 5049   2900  2939  2920    10
 5050   2983  2984  2957    10
 5051   2961  2957  2984    10
 5052   2983  3010  3015    10
 5053   2746  2770  2756    10
 5054   2723  2694  2680    10
 5055   2849  2854  2838    10
 5056   2780  2760  2762    10
 5057   2642  2688  2672    10
 5058   2683  2668  2715    10
 5059   2744  2718  2765    10
 5060   2672  2651  2627    10
 5061   2882  2862  2842    10
 5062   2784  2761  2744    10
 5063   3065  3040  3027    10
 5064   2900  2882  2925    10
 5065   2263  3123  2281    10
 5066   2996  3017  2989    10
 5067   2943  2958  2921    10
 5068   2974  2995  3009    10
 5069   3091  3067  3058    10
 5070   3067  3051  3031    10
 5071   2811  2844  2804    10
 5072   2954  2998  2968    10
 5073   2773  2811  2804    10
 5074   2971  2949  2930    10
 5075   2856  2891  2844    10
 5076   2891  2917  2874    10
 5077   2870  2895  2904    10
 5078   3011  2980  3006    10
 5079   3090  3079  3060    10
 5080   3009  3047  3024    10
 5081   3132  3144  3165    10
 5082   3146  3118  3154    10
 5083   3153  3143  3123    10
 5084   3182  3221  3205    10
 5085   3144  3169  3165    10
 5086   3123  3091  2281    10
 5087   2263  3153  3123    10
 5088   3230  3260  3258    10
 5089   3182  3142  3162    10
 5090   2245  2263  3132    10
 5091   3207  3195  3171    10
 5092   3144  3117  3136    10
 5093   3214  3207  3175    10
 5094   3154  3187  3175    10
 5095   3275  2174  3245    10
 5096   3214  3252  3235    10
 5097   3337  3369  3346    10
 5098   2230  3176  2245    10
 5099   3260  3282  3258    10
 5100   3161  3196  3186    10
 5101   2099  3369  2119    10
 5102   3303  3334  3345    10
 5103   3494  3464  3482    10
 5104   3534  3538  3580    10
 5105   3442  3443  3419    10
 5106   3397  3432  3425    10
 5107   3493  3503  3469    10
 5108   2099  2119  3355    10
 5109   3535  3570  3554    10
 5110   3465  3497  3468    10
 5111   2009  3494  3528    10
 5112   3712  3752  3725    10
 5113   3620  3641  3659    10
 5114   1974  1991  3551    10
 5115   3578  3603  3570    10
 5116   3589  3577  3554    10
 5117   3497  3537  3511    10
 5118   3897  3847  3821    10
 5119   3443  3469  3481    10
 5120   3465  3468  3438    10
 5121   3503  3513  3481    10
 5122   3537  3561  3511    10
 5123   3492  3538  3534    10
 5124   3560  3523  3562    10
 5125   3466  3511  3501    10
 5126   3692  3633  3645    10
 5127   3662  3644  3609    10
 5128   3587  3538  3549    10
 5129   3694  3662  3642    10
 5130   3523  3560  3531    10
 5131   3682  3624  3671    10
 5132   3830  3856  3803    10
 5133   3451  3479  3491    10
 5134   3450  3456  3492    10
 5135   3526  3542  3515    10
 5136   3526  3515  3485    10
 5137   3305  3270  3310    10
 5138   3319  3277  3323    10
 5139   3384  3395  3424    10
 5140   3430  3479  3451    10
 5141   3320  3341  3358    10
 5142   3277  3319  3273    10
 5143   3413  3425  3456    10
 5144   3356  3395  3353    10
 5145   3199  3221  3182    10
 5146   3258  3282  3290    10
 5147   3277  3229  3234    10
 5148   3139  3119  3161    10
 5149   3266  3254  3283    10
 5150   3200  3164  3194    10
 5151   3270  3273  3310    10
 5152   3234  3186  3196    10
 5153   3338  3311  3327    10
 5154   3266  3236  3254    10
 5155   3380  3351  3368    10
 5156   3330  3298  3283    10
 5157   3352  3378  3368    10
 5158   3505  3519  3490    10
 5159   3257  3241  3225    10
 5160   3174  3168  3203    10
 5161   3565  3583  3591    10
 5162   3648  3673  3669    10
 5163   3843  3852  3790    10
 5164   3575  3591  3607    10
 5165   3547  3519  3533    10
 5166   3565  3591  3575    10
 5167   3446  3416  3424    10
 5168   3597  3560  3599    10
 5169   3515  3542  3533    10
 5170   3644  3599  3609    10
 5171   3564  3583  3542    10
 5172   3625  3666  3656    10
 5173   3832  3885  3843    10
 5174   3724  3685  3729    10
 5175   3724  3674  3685    10
 5176   3722  3764  3754    10
 5177   3832  3791  3787    10
 5178   3905  3843  3885    10
 5179   3777  3800  3818    10
 5180   3908  3867  3851    10
 5181   3800  3851  3818    10
 5182   3705  3669  3673    10
 5183   3790  3852  3812    10
 5184   3870  3851  3812    10
 5185   3812  3800  3764    10
 5186   3744  3705  3715    10
 5187   3870  3908  3851    10
 5188   3963  3964  3870    10
 5189   3885  3894  3961    10
 5190   3847  3787  3821    10
 5191   3881  3957  3907    10
 5192   3682  3731  3694    10
 5193   3803  3813  3763    10
 5194   3892  3848  3888    10
 5195   3682  3718  3731    10
 5196   3949  3891  3948    10
 5197   3796  3731  3766    10
 5198   3766  3810  3828    10
 5199   3853  3799  3826    10
 5200   3952  3878  3951    10
 5201   3891  3846  3825    10
 5202   3888  3864  3954    10
 5203   3692  3718  3671    10
 5204   3826  3799  3769    10
 5205   3747  3733  3693    10
 5206   3909  3864  3853    10
 5207   3747  3693  3700    10
 5208   3725  3752  3770    10
 5209   3825  3784  3774    10
 5210   3798  3770  3752    10
 5211   3825  3841  3877    10
 5212   3913  3948  3877    10
 5213   3953  3909  3952    10
 5214   3890  3912  3932    10
 5215   3582  3618  3569    10
 5216   3887  3926  3927    10
 5217   3710  3665  3717    10
 5218   3882  3831  3835    10
 5219   3829  3838  3793    10
 5220   3873  3838  3829    10
 5221   3943  3944  1808    10
 5222   3767  3734  3737    10
 5223   3874  3869  3822    10
 5224   3937  3874  3889    10
 5225   3824  3786  3779    10
 5226   3874  3937  3938    10
 5227   3935  3876  3934    10
 5228   1861  3798  3752    10
 5229   3914  3861  3862    10
 5230   3946  3947  3913    10
 5231   3861  3809  3819    10
 5232   3721  3698  3725    10
 5233   3664  1902  1921    10
 5234   3652  3679  3661    10
 5235   3590  3573  3552    10
 5236   3711  3746  3748    10
 5237   3836  3883  3886    10
 5238   3521  3552  3512    10
 5239   3455  3409  3411    10
 5240   3470  3435  3439    10
 5241   3383  3408  2080    10
 5242   3507  3512  3539    10
 5243   3521  3483  3540    10
 5244   3594  3579  3567    10
 5245   3627  3661  3641    10
 5246   3291  3329  3301    10
 5247   2137  2119  3337    10
 5248   3408  3437  2065    10
 5249   3464  2025  2044    10
 5250   3317  3286  3301    10
 5251   3195  3169  3171    10
 5252   3269  3301  3286    10
 5253   3339  3333  3317    10
 5254   3448  3467  3427    10
 5255   3253  3197  3189    10
 5256   3448  3486  3467    10
 5257   3536  3539  3567    10
 5258   3536  3567  3551    10
 5259   3447  3437  3421    10
 5260   3536  3551  3514    10
 5261   3464  3447  3482    10
 5262   3639  3611  3588    10
 5263   3508  3504  3550    10
 5264   3255  3237  3193    10
 5265   3098  3037  3066    10
 5266   3251  3292  3271    10
 5267   3193  3131  3151    10
 5268   3211  3206  3157    10
 5269   3127  3066  3084    10
 5270   3253  3255  3197    10
 5271   3189  3127  3138    10
 5272   3357  3302  3321    10
 5273   3261  3239  3217    10
 5274   3474  3520  3529    10
 5275   3473  3431  3449    10
 5276   3524  3553  3582    10
 5277   3454  3473  3495    10
 5278   3584  3559  3529    10
 5279   3520  3524  3569    10
 5280   3550  3559  3600    10
 5281   3550  3504  3559    10
 5282   3701  3736  3749    10
 5283   3600  3559  3616    10
 5284   3650  3660  3696    10
 5285   3689  3737  3706    10
 5286   3758  3802  3755    10
 5287   3746  3711  3677    10
 5288   3629  3619  3663    10
 5289   3604  3553  3581    10
 5290   3833  3805  3768    10
 5291   3618  3619  3569    10
 5292   3717  3768  3758    10
 5293   3727  3703  3683    10
 5294   3581  3527  3557    10
 5295   3509  3476  3452    10
 5296   3623  3613  3643    10
 5297   3653  3680  3647    10
 5298   3499  3489  3518    10
 5299   3363  3349  3390    10
 5300   3566  3593  3576    10
 5301   3614  3657  3630    10
 5302   3524  3477  3500    10
 5303   3354  3321  3300    10
 5304   3557  3527  3509    10
 5305   3452  3418  3394    10
 5306   3332  3377  3342    10
 5307   3321  3272  3300    10
 5308   3426  3394  3377    10
 5309   3394  3418  3354    10
 5310   3276  3278  3242    10
 5311   3210  3217  3178    10
 5312   3247  3300  3272    10
 5313   3302  3364  3304    10
 5314   3183  3212  3172    10
 5315   3246  3249  3210    10
 5316   3276  3242  3244    10
 5317   3246  3212  3242    10
 5318   3325  3335  3306    10
 5319   3363  3390  3407    10
 5320   3340  3349  3314    10
 5321   3375  3412  3390    10
 5322   3415  3420  3388    10
 5323   3267  3279  3248    10
 5324   3387  3388  3359    10
 5325   3403  3415  3387    10
 5326   3499  3525  3532    10
 5327   3585  3593  3566    10
 5328   3454  3495  3478    10
 5329   3668  3672  3643    10
 5330   3686  3680  3653    10
 5331   3902  3921  3922    10
 5332   3860  3902  3910    10
 5333   3871  3855  3827    10
 5334   3757  3726  3703    10
 5335   3794  3762  3811    10
 5336   3683  3640  3647    10
 5337   3806  3757  3778    10
 5338   3820  3903  3868    10
 5339   3820  3807  3859    10
 5340   3820  3823  3773    10
 5341   3762  3785  3811    10
 5342   3898  3859  3849    10
 5343   3924  3903  3898    10
 5344   3903  3925  3868    10
 5345   2599  2574  2610    10
 5346   2444  2488  2397    10
 5347   2468  2453  2399    10
 5348   2488  2524  2468    10
 5349   2544  2551  2593    10
 5350   2488  2444  2498    10
 5351   2544  2488  2498    10
 5352   2468  2398  2488    10
 5353   2445  2395  2394    10
 5354   2546  2499  2512    10
 5355   2475  2395  2445    10
 5356   2475  2396  2395    10
 5357   2475  2444  2396    10
 5358   2493  2457  2393    10
 5359   2457  2445  2394    10
 5360   2499  2475  2445    10
 5361   2393  2457  2394    10
 5362   2493  2512  2457    10
 5363   2546  2512  2558    10
 5364   2499  2457  2512    10
 5365   2636  2610  2645    10
 5366   2599  2558  2574    10
 5367   2671  2636  2645    10
 5368   2724  2702  2698    10
 5369   2599  2624  2589    10
 5370   2624  2658  2619    10
 5371   2636  2652  2624    10
 5372   2671  2686  2652    10
 5373   2546  2558  2589    10
 5374   2512  2536  2558    10
 5375   2636  2599  2610    10
 5376   2589  2558  2599    10
 5377   2586  2546  2589    10
 5378   2586  2529  2546    10
 5379   2475  2529  2498    10
 5380   2499  2546  2529    10
 5381   2488  2544  2524    10
 5382   2498  2551  2544    10
 5383   2586  2593  2551    10
 5384   2586  2619  2593    10
 5385   2593  2639  2628    10
 5386   2658  2686  2698    10
 5387   2529  2586  2551    10
 5388   2589  2624  2619    10
 5389   2589  2619  2586    10
 5390   2624  2652  2658    10
 5391   2679  2698  2702    10
 5392   2615  2649  2605    10
 5393   2695  2659  2666    10
 5394   2734  2768  2769    10
 5395   2702  2728  2695    10
 5396   2754  2768  2727    10
 5397   2687  2691  2734    10
 5398   2695  2728  2727    10
 5399   2666  2702  2695    10
 5400   2751  2754  2728    10
 5401   2639  2658  2679    10
 5402   2698  2739  2724    10
 5403   2751  2775  2754    10
 5404   2751  2764  2783    10
 5405   2679  2658  2698    10
 5406   2686  2700  2716    10
 5407   2751  2724  2739    10
 5408   2751  2728  2724    10
 5409   2619  2658  2639    10
 5410   2652  2686  2658    10
 5411   2666  2679  2702    10
 5412   2666  2639  2679    10
 5413   2675  2700  2671    10
 5414   2748  2767  2774    10
 5415   2706  2732  2700    10
 5416   2739  2698  2716    10
 5417   2700  2732  2716    10
 5418   2730  2755  2732    10
 5419   2716  2748  2739    10
 5420   2732  2767  2748    10
 5421   2778  2767  2755    10
 5422   2700  2675  2706    10
 5423   2558  2536  2574    10
 5424   2512  2493  2536    10
 5425   2834  2813  2822    10
 5426   2834  2845  2853    10
 5427   2911  2898  2889    10
 5428   2898  2923  2905    10
 5429   2898  2905  2888    10
 5430   2955  2942  2932    10
 5431   2942  2955  2965    10
 5432   3038  3008  3025    10
 5433   3088  3063  3077    10
 5434   2965  2975  2985    10
 5435   3005  2990  3019    10
 5436   2985  3002  3008    10
 5437   3019  2990  3008    10
 5438   2972  2966  2990    10
 5439   3035  3019  3044    10
 5440   3005  2972  2990    10
 5441   3062  3044  3063    10
 5442   3019  3008  3038    10
 5443   3062  3085  3086    10
 5444   3063  3052  3077    10
 5445   3063  3038  3052    10
 5446   3044  3019  3038    10
 5447   3062  3063  3085    10
 5448   3044  3038  3063    10
 5449   3085  3088  3112    10
 5450   3085  3063  3088    10
 5451   3104  3129  3133    10
 5452   3227  3201  3220    10
 5453   3104  3133  3112    10
 5454   3129  3159  3133    10
 5455   3213  3212  3183    10
 5456   3120  3114  3147    10
 5457   3248  3240  3267    10
 5458   3147  3114  3137    10
 5459   3085  3112  3114    10
 5460   3112  3137  3114    10
 5461   3133  3163  3137    10
 5462   3128  3096  3120    10
 5463   3057  3035  3062    10
 5464   3128  3120  3156    10
 5465   3086  3114  3120    10
 5466   3120  3147  3156    10
 5467   3137  3170  3147    10
 5468   3183  3172  3156    10
 5469   3068  3036  3034    10
 5470   3156  3172  3128    10
 5471   3210  3249  3217    10
 5472   3086  3096  3057    10
 5473   3128  3100  3096    10
 5474   3140  3111  3100    10
 5475   3070  3036  3068    10
 5476   3020  3035  3057    10
 5477   3020  3005  3035    10
 5478   3057  3068  3034    10
 5479   3096  3100  3068    10
 5480   3035  3005  3019    10
 5481   3020  2986  3005    10
 5482   3057  3062  3086    10
 5483   3035  3044  3062    10
 5484   2986  2959  2972    10
 5485   2928  2942  2947    10
 5486   2970  2959  2986    10
 5487   2839  2803  2835    10
 5488   3020  3001  2986    10
 5489   2915  2902  2871    10
 5490   3004  3001  3036    10
 5491   2970  2986  3001    10
 5492   2970  2940  2937    10
 5493   2970  2969  2940    10
 5494   2858  2885  2883    10
 5495   2929  2940  2969    10
 5496   2885  2909  2883    10
 5497   2929  2969  2951    10
 5498   2928  2931  2907    10
 5499   2836  2808  2812    10
 5500   2883  2909  2914    10
 5501   2907  2905  2928    10
 5502   2937  2931  2959    10
 5503   2909  2885  2907    10
 5504   2914  2937  2940    10
 5505   2909  2931  2937    10
 5506   2909  2907  2931    10
 5507   2885  2861  2886    10
 5508   2931  2928  2947    10
 5509   2905  2923  2928    10
 5510   2907  2886  2905    10
 5511   2876  2868  2889    10
 5512   2876  2898  2888    10
 5513   2911  2923  2898    10
 5514   2886  2861  2864    10
 5515   2888  2886  2864    10
 5516   2864  2876  2888    10
 5517   2864  2847  2853    10
 5518   2840  2861  2836    10
 5519   2840  2864  2861    10
 5520   2905  2886  2888    10
 5521   2907  2885  2886    10
 5522   2812  2819  2840    10
 5523   2847  2864  2840    10
 5524   2845  2834  2822    10
 5525   2847  2840  2819    10
 5526   2868  2853  2845    10
 5527   2876  2864  2853    10
 5528   2767  2788  2774    10
 5529   2778  2800  2788    10
 5530   2788  2800  2813    10
 5531   2774  2802  2793    10
 5532   2788  2813  2802    10
 5533   2836  2812  2840    10
 5534   2802  2813  2819    10
 5535   2751  2783  2775    10
 5536   2764  2793  2783    10
 5537   2783  2812  2808    10
 5538   2793  2819  2812    10
 5539   2885  2858  2861    10
 5540   2858  2831  2836    10
 5541   2852  2858  2883    10
 5542   2836  2861  2858    10
 5543   2836  2831  2808    10
 5544   2789  2815  2803    10
 5545   2858  2852  2831    10
 5546   2867  2879  2839    10
 5547   2831  2815  2808    10
 5548   2831  2852  2815    10
 5549   2835  2803  2815    10
 5550   2789  2808  2815    10
 5551   2568  2615  2605    10
 5552   2615  2628  2659    10
 5553   2553  2568  2605    10
 5554   2580  2628  2615    10
 5555   2649  2687  2644    10
 5556   2649  2659  2691    10
 5557   2594  2600  2638    10
 5558   2603  2557  2598    10
 5559   2644  2685  2643    10
 5560   2687  2722  2685    10
 5561   2638  2600  2643    10
 5562   2518  2506  2467    10
 5563   2600  2603  2643    10
 5564   2600  2559  2562    10
 5565   2540  2489  2500    10
 5566   2464  2407  2489    10
 5567   2629  2660  2614    10
 5568   2635  2591  2602    10
 5569   2670  2660  2629    10
 5570   2602  2565  2614    10
 5571   2635  2648  2682    10
 5572   2602  2614  2648    10
 5573   2648  2660  2693    10
 5574   2648  2614  2660    10
 5575   2685  2678  2643    10
 5576   2670  2629  2638    10
 5577   2638  2678  2670    10
 5578   2685  2722  2717    10
 5579   2717  2714  2678    10
 5580   2747  2742  2708    10
 5581   2714  2747  2708    10
 5582   2747  2781  2742    10
 5583   2752  2747  2714    10
 5584   2787  2781  2747    10
 5585   2742  2781  2771    10
 5586   2828  2865  2872    10
 5587   2814  2821  2860    10
 5588   2781  2787  2821    10
 5589   2717  2752  2714    10
 5590   2763  2795  2752    10
 5591   2787  2828  2821    10
 5592   2787  2795  2828    10
 5593   2839  2805  2803    10
 5594   2795  2763  2805    10
 5595   2865  2833  2871    10
 5596   2795  2805  2833    10
 5597   2685  2717  2678    10
 5598   2722  2763  2717    10
 5599   2803  2769  2768    10
 5600   2805  2763  2769    10
 5601   2734  2691  2727    10
 5602   2687  2649  2691    10
 5603   2768  2734  2727    10
 5604   2769  2722  2734    10
 5605   2789  2803  2768    10
 5606   2815  2852  2835    10
 5607   2883  2867  2852    10
 5608   2839  2833  2805    10
 5609   2852  2867  2835    10
 5610   2883  2914  2899    10
 5611   2867  2839  2835    10
 5612   2871  2833  2839    10
 5613   2871  2879  2915    10
 5614   2871  2839  2879    10
 5615   2899  2915  2879    10
 5616   2951  2978  2944    10
 5617   2899  2929  2915    10
 5618   2969  3004  2991    10
 5619   2867  2899  2879    10
 5620   2914  2940  2929    10
 5621   2915  2929  2951    10
 5622   2899  2914  2929    10
 5623   2951  2969  2991    10
 5624   2969  3001  3004    10
 5625   3111  3070  3100    10
 5626   3022  3064  3048    10
 5627   3128  3140  3100    10
 5628   3178  3217  3191    10
 5629   3172  3140  3128    10
 5630   3172  3212  3210    10
 5631   3111  3073  3070    10
 5632   3110  3064  3073    10
 5633   3111  3150  3110    10
 5634   3111  3140  3150    10
 5635   3022  2991  3033    10
 5636   2978  2951  2991    10
 5637   3064  3033  3073    10
 5638   2991  3004  3033    10
 5639   3099  3048  3102    10
 5640   3099  3046  3048    10
 5641   3110  3152  3102    10
 5642   3110  3150  3152    10
 5643   3102  3155  3099    10
 5644   3102  3152  3155    10
 5645   3250  3189  3206    10
 5646   3084  3046  3099    10
 5647   3198  3211  3155    10
 5648   3206  3138  3157    10
 5649   3138  3084  3099    10
 5650   3084  3023  3046    10
 5651   3127  3084  3138    10
 5652   3066  3023  3084    10
 5653   2860  2916  2908    10
 5654   2979  3000  3037    10
 5655   2994  3023  2960    10
 5656   2994  3046  3023    10
 5657   2960  2952  2994    10
 5658   2944  2902  2915    10
 5659   2991  3022  2978    10
 5660   3033  3064  3022    10
 5661   2916  2906  2952    10
 5662   2872  2865  2906    10
 5663   2997  2944  2978    10
 5664   2906  2902  2944    10
 5665   2814  2860  2857    10
 5666   2821  2872  2860    10
 5667   2908  2916  2960    10
 5668   2860  2872  2916    10
 5669   2824  2814  2857    10
 5670   2771  2781  2814    10
 5671   2850  2824  2857    10
 5672   2799  2757  2786    10
 5673   2850  2830  2799    10
 5674   2850  2881  2830    10
 5675   2850  2893  2881    10
 5676   2857  2860  2908    10
 5677   2908  2945  2893    10
 5678   2903  2941  2948    10
 5679   2945  2908  2960    10
 5680   2893  2857  2908    10
 5681   3000  2945  2960    10
 5682   2926  2893  2945    10
 5683   3066  3000  3023    10
 5684   2922  2962  2981    10
 5685   3066  3037  3000    10
 5686   3066  3127  3098    10
 5687   3206  3189  3138    10
 5688   3151  3131  3098    10
 5689   3197  3151  3127    10
 5690   3072  3012  3037    10
 5691   3127  3151  3098    10
 5692   3197  3255  3193    10
 5693   3012  2979  3037    10
 5694   2926  2945  2979    10
 5695   3131  3072  3098    10
 5696   3131  3145  3092    10
 5697   2962  3012  2981    10
 5698   3012  3072  3039    10
 5699   3092  3039  3072    10
 5700   3089  3124  3094    10
 5701   3131  3092  3072    10
 5702   3145  3134  3106    10
 5703   3089  3030  3061    10
 5704   3030  2982  3016    10
 5705   3124  3089  3134    10
 5706   3061  3092  3106    10
 5707   2948  2982  2992    10
 5708   2941  2903  2901    10
 5709   2981  3016  2982    10
 5710   3039  3061  3016    10
 5711   2859  2901  2903    10
 5712   2881  2926  2922    10
 5713   2948  2941  2982    10
 5714   2962  2926  2979    10
 5715   2901  2922  2941    10
 5716   2901  2866  2922    10
 5717   2926  2962  2922    10
 5718   2979  3012  2962    10
 5719   2772  2796  2758    10
 5720   2772  2830  2796    10
 5721   2922  2866  2881    10
 5722   2901  2859  2866    10
 5723   2782  2817  2776    10
 5724   2826  2866  2859    10
 5725   2856  2859  2903    10
 5726   2817  2826  2859    10
 5727   2741  2782  2743    10
 5728   2796  2826  2782    10
 5729   2667  2712  2669    10
 5730   2782  2776  2743    10
 5731   2699  2743  2740    10
 5732   2703  2741  2743    10
 5733   2669  2712  2703    10
 5734   2741  2758  2782    10
 5735   2667  2692  2712    10
 5736   2681  2709  2725    10
 5737   2712  2741  2703    10
 5738   2712  2735  2758    10
 5739   2782  2758  2796    10
 5740   2741  2712  2758    10
 5741   2709  2745  2757    10
 5742   2745  2786  2757    10
 5743   2725  2772  2735    10
 5744   2799  2830  2772    10
 5745   2693  2742  2726    10
 5746   2786  2824  2799    10
 5747   2771  2786  2745    10
 5748   2771  2814  2786    10
 5749   2664  2635  2682    10
 5750   2682  2693  2726    10
 5751   2771  2726  2742    10
 5752   2771  2745  2726    10
 5753   2650  2631  2681    10
 5754   2704  2745  2709    10
 5755   2692  2725  2735    10
 5756   2709  2757  2725    10
 5757   2577  2601  2621    10
 5758   2601  2579  2631    10
 5759   2681  2653  2709    10
 5760   2653  2617  2664    10
 5761   2709  2664  2704    10
 5762   2653  2604  2617    10
 5763   2617  2591  2635    10
 5764   2569  2604  2556    10
 5765   2664  2617  2635    10
 5766   2515  2569  2511    10
 5767   2621  2601  2650    10
 5768   2519  2466  2470    10
 5769   2601  2631  2650    10
 5770   2604  2653  2631    10
 5771   2667  2621  2650    10
 5772   2633  2590  2621    10
 5773   2621  2667  2633    10
 5774   2650  2692  2667    10
 5775   2663  2626  2669    10
 5776   2633  2667  2669    10
 5777   2712  2692  2735    10
 5778   2650  2681  2692    10
 5779   2633  2626  2590    10
 5780   2633  2669  2626    10
 5781   2699  2663  2703    10
 5782   2623  2587  2626    10
 5783   2538  2587  2570    10
 5784   2564  2626  2587    10
 5785   2657  2623  2663    10
 5786   2606  2555  2570    10
 5787   2479  2485  2538    10
 5788   2543  2590  2564    10
 5789   2577  2552  2601    10
 5790   2577  2543  2517    10
 5791   2485  2505  2538    10
 5792   2590  2626  2564    10
 5793   2456  2495  2416    10
 5794   2505  2564  2538    10
 5795   2482  2517  2456    10
 5796   2552  2577  2517    10
 5797   2419  2485  2479    10
 5798   2452  2495  2505    10
 5799   2452  2505  2485    10
 5800   2543  2564  2505    10
 5801   2503  2455  2522    10
 5802   2417  2452  2418    10
 5803   2456  2416  2415    10
 5804   2418  2452  2485    10
 5805   2417  2495  2452    10
 5806   2482  2456  2415    10
 5807   2517  2495  2456    10
 5808   2414  2482  2415    10
 5809   2466  2519  2523    10
 5810   2413  2470  2466    10
 5811   2511  2519  2470    10
 5812   2482  2414  2466    10
 5813   2474  2411  2410    10
 5814   2459  2412  2411    10
 5815   2414  2413  2466    10
 5816   2528  2560  2515    10
 5817   2515  2511  2459    10
 5818   2459  2511  2470    10
 5819   2459  2474  2515    10
 5820   2480  2528  2474    10
 5821   2569  2617  2604    10
 5822   2556  2519  2511    10
 5823   2523  2482  2466    10
 5824   2556  2579  2519    10
 5825   2552  2517  2523    10
 5826   2515  2560  2569    10
 5827   2604  2631  2579    10
 5828   2552  2579  2601    10
 5829   2552  2523  2579    10
 5830   2474  2528  2515    10
 5831   2591  2617  2560    10
 5832   2511  2569  2556    10
 5833   2560  2617  2569    10
 5834   2507  2528  2480    10
 5835   2554  2560  2528    10
 5836   2548  2594  2585    10
 5837   2507  2514  2565    10
 5838   2464  2489  2514    10
 5839   2506  2559  2548    10
 5840   2462  2506  2500    10
 5841   2510  2465  2508    10
 5842   2548  2540  2500    10
 5843   2585  2565  2540    10
 5844   2540  2548  2585    10
 5845   2500  2506  2548    10
 5846   2594  2559  2600    10
 5847   2594  2548  2559    10
 5848   2600  2562  2603    10
 5849   2559  2506  2518    10
 5850   2580  2568  2524    10
 5851   2553  2508  2502    10
 5852   2520  2568  2553    10
 5853   2520  2524  2568    10
 5854   2557  2510  2508    10
 5855   2402  2401  2465    10
 5856   2553  2502  2520    10
 5857   2508  2465  2450    10
 5858   2518  2510  2562    10
 5859   2467  2403  2463    10
 5860   2463  2518  2467    10
 5861   2562  2559  2518    10
 5862   2489  2406  2446    10
 5863   2502  2450  2453    10
 5864   2502  2508  2450    10
 5865   2510  2463  2465    10
 5866   2510  2518  2463    10
 5867   2468  2399  2398    10
 5868   2453  2400  2399    10
 5869   2450  2400  2453    10
 5870   2450  2401  2400    10
 5871   2467  2462  2404    10
 5872   2446  2406  2405    10
 5873   2489  2407  2406    10
 5874   2500  2446  2462    10
 5875   2462  2446  2405    10
 5876   2500  2489  2446    10
 5877   2408  2407  2464    10
 5878   2480  2460  2507    10
 5879   2460  2408  2464    10
 5880   2476  2425  2424    10
 5881   2427  2449  2492    10
 5882   2427  2426  2449    10
 5883   2422  2491  2423    10
 5884   2419  2479  2420    10
 5885   2455  2420  2479    10
 5886   2455  2421  2420    10
 5887   2422  2421  2461    10
 5888   2522  2455  2479    10
 5889   2503  2461  2455    10
 5890   2503  2526  2461    10
 5891   2545  2525  2487    10
 5892   2571  2525  2545    10
 5893   2496  2542  2531    10
 5894   2526  2545  2491    10
 5895   2640  2622  2661    10
 5896   2578  2592  2545    10
 5897   2620  2583  2571    10
 5898   2461  2526  2491    10
 5899   2503  2555  2526    10
 5900   2538  2570  2522    10
 5901   2587  2623  2570    10
 5902   2657  2606  2623    10
 5903   2657  2622  2606    10
 5904   2696  2661  2657    10
 5905   2620  2571  2592    10
 5906   2640  2661  2689    10
 5907   2622  2657  2661    10
 5908   2743  2699  2703    10
 5909   2696  2657  2699    10
 5910   2696  2689  2661    10
 5911   2665  2668  2625    10
 5912   2740  2773  2733    10
 5913   2696  2740  2733    10
 5914   2545  2592  2571    10
 5915   2578  2622  2592    10
 5916   2592  2640  2620    10
 5917   2592  2622  2640    10
 5918   2640  2674  2620    10
 5919   2701  2721  2749    10
 5920   2620  2674  2654    10
 5921   2689  2733  2721    10
 5922   2674  2721  2701    10
 5923   2674  2689  2721    10
 5924   2674  2701  2654    10
 5925   2721  2766  2749    10
 5926   2843  2892  2863    10
 5927   2715  2668  2713    10
 5928   2572  2527  2533    10
 5929   2618  2583  2620    10
 5930   2701  2665  2654    10
 5931   2701  2713  2665    10
 5932   2533  2478  2492    10
 5933   2542  2535  2583    10
 5934   2665  2618  2654    10
 5935   2581  2583  2618    10
 5936   2571  2535  2525    10
 5937   2583  2581  2542    10
 5938   2531  2542  2581    10
 5939   2496  2426  2484    10
 5940   2525  2476  2487    10
 5941   2525  2535  2476    10
 5942   2542  2484  2535    10
 5943   2426  2425  2484    10
 5944   2426  2496  2449    10
 5945   2484  2542  2496    10
 5946   2496  2531  2449    10
 5947   2573  2625  2616    10
 5948   2531  2492  2449    10
 5949   2616  2625  2668    10
 5950   2430  2429  2481    10
 5951   2492  2531  2533    10
 5952   2533  2481  2478    10
 5953   2477  2431  2430    10
 5954   2481  2527  2477    10
 5955   2572  2616  2607    10
 5956   2607  2566  2572    10
 5957   2561  2596  2547    10
 5958   2481  2533  2527    10
 5959   2531  2581  2573    10
 5960   2527  2572  2566    10
 5961   2573  2581  2625    10
 5962   2533  2573  2572    10
 5963   2533  2531  2573    10
 5964   2683  2641  2668    10
 5965   2572  2573  2616    10
 5966   2753  2797  2750    10
 5967   2710  2750  2738    10
 5968   2710  2683  2715    10
 5969   2609  2566  2607    10
 5970   2806  2825  2784    10
 5971   2688  2642  2655    10
 5972   2641  2607  2616    10
 5973   2641  2683  2655    10
 5974   2668  2641  2616    10
 5975   2655  2642  2609    10
 5976   2641  2655  2607    10
 5977   2642  2596  2609    10
 5978   2607  2655  2609    10
 5979   2683  2710  2655    10
 5980   2738  2688  2710    10
 5981   2718  2697  2672    10
 5982   2718  2672  2688    10
 5983   2697  2651  2672    10
 5984   2744  2720  2697    10
 5985   2680  2656  2630    10
 5986   2513  2561  2547    10
 5987   2642  2627  2596    10
 5988   2677  2634  2651    10
 5989   2588  2563  2608    10
 5990   2596  2582  2547    10
 5991   2563  2539  2509    10
 5992   2541  2486  2490    10
 5993   2486  2437  2490    10
 5994   2521  2561  2513    10
 5995   2566  2609  2561    10
 5996   2608  2582  2627    10
 5997   2563  2532  2582    10
 5998   2433  2448  2454    10
 5999   2513  2547  2497    10
 6000   2561  2521  2566    10
 6001   2513  2469  2521    10
 6002   2509  2471  2532    10
 6003   2473  2436  2435    10
 6004   2563  2509  2532    10
 6005   2539  2473  2509    10
 6006   2490  2437  2436    10
 6007   2471  2434  2454    10
 6008   2497  2448  2513    10
 6009   2497  2454  2448    10
 6010   2448  2469  2513    10
 6011   2431  2477  2469    10
 6012   2427  2492  2428    10
 6013   2428  2478  2429    10
 6014   2473  2490  2436    10
 6015   2539  2490  2473    10
 6016   2486  2530  2472    10
 6017   2486  2472  2438    10
 6018   2550  2534  2576    10
 6019   2539  2541  2490    10
 6020   2541  2588  2584    10
 6021   2472  2439  2438    10
 6022   2472  2516  2458    10
 6023   2501  2516  2549    10
 6024   2439  2458  2440    10
 6025   2439  2472  2458    10
 6026   2440  2451  2441    10
 6027   2458  2516  2501    10
 6028   2442  2483  2447    10
 6029   2451  2501  2483    10
 6030   2483  2442  2441    10
 6031   2447  2494  2443    10
 6032   2447  2443  2442    10
 6033   2537  2494  2504    10
 6034   2632  2611  2595    10
 6035   2632  2646  2611    10
 6036   2719  2731  2707    10
 6037   2719  2737  2746    10
 6038   2676  2662  2690    10
 6039   2711  2736  2737    10
 6040   2736  2711  2705    10
 6041   2690  2707  2676    10
 6042   2694  2729  2705    10
 6043   2595  2613  2632    10
 6044   2613  2597  2637    10
 6045   2690  2662  2684    10
 6046   2647  2673  2684    10
 6047   2711  2690  2684    10
 6048   2676  2646  2662    10
 6049   2719  2690  2711    10
 6050   2719  2707  2690    10
 6051   2611  2575  2595    10
 6052   2534  2483  2501    10
 6053   2595  2575  2550    10
 6054   2575  2537  2550    10
 6055   2447  2483  2504    10
 6056   2550  2537  2504    10
 6057   2576  2534  2549    10
 6058   2451  2458  2501    10
 6059   2549  2534  2501    10
 6060   2550  2504  2534    10
 6061   2597  2613  2576    10
 6062   2595  2550  2576    10
 6063   2576  2613  2595    10
 6064   2576  2549  2597    10
 6065   2647  2613  2637    10
 6066   2549  2516  2567    10
 6067   2584  2567  2530    10
 6068   2612  2597  2567    10
 6069   2567  2597  2549    10
 6070   2637  2673  2647    10
 6071   2584  2530  2541    10
 6072   2567  2516  2530    10
 6073   2486  2541  2530    10
 6074   2539  2588  2541    10
 6075   2608  2634  2588    10
 6076   2612  2567  2584    10
 6077   2680  2630  2634    10
 6078   2612  2584  2630    10
 6079   2651  2634  2608    10
 6080   2677  2680  2634    10
 6081   2720  2680  2677    10
 6082   2694  2673  2656    10
 6083   2612  2637  2597    10
 6084   2612  2656  2637    10
 6085   2630  2656  2612    10
 6086   2680  2694  2656    10
 6087   2736  2705  2729    10
 6088   2705  2673  2694    10
 6089   2736  2729  2762    10
 6090   2723  2680  2720    10
 6091   2697  2720  2677    10
 6092   2759  2785  2762    10
 6093   2761  2759  2723    10
 6094   2729  2694  2723    10
 6095   2809  2807  2780    10
 6096   2762  2729  2759    10
 6097   2762  2760  2736    10
 6098   2762  2785  2780    10
 6099   2816  2829  2809    10
 6100   2792  2801  2779    10
 6101   2785  2809  2780    10
 6102   2827  2838  2810    10
 6103   2841  2829  2816    10
 6104   2855  2849  2829    10
 6105   2816  2809  2785    10
 6106   2829  2807  2809    10
 6107   2880  2848  2851    10
 6108   2894  2875  2897    10
 6109   2820  2798  2825    10
 6110   2927  2957  2936    10
 6111   2924  2913  2936    10
 6112   2896  2880  2918    10
 6113   2884  2896  2913    10
 6114   2918  2953  2927    10
 6115   2878  2875  2894    10
 6116   2875  2854  2849    10
 6117   2938  2919  2924    10
 6118   2913  2927  2936    10
 6119   2841  2855  2829    10
 6120   2884  2913  2897    10
 6121   2873  2884  2855    10
 6122   2873  2896  2884    10
 6123   2829  2849  2827    10
 6124   2855  2875  2849    10
 6125   2854  2875  2878    10
 6126   2855  2884  2875    10
 6127   2964  2956  2938    10
 6128   2919  2897  2924    10
 6129   2912  2919  2933    10
 6130   2894  2897  2919    10
 6131   2938  2933  2919    10
 6132   2919  2912  2894    10
 6133   2894  2912  2890    10
 6134   2770  2780  2792    10
 6135   2838  2846  2823    10
 6136   2807  2792  2780    10
 6137   2807  2827  2810    10
 6138   2807  2810  2792    10
 6139   2838  2823  2810    10
 6140   2760  2737  2736    10
 6141   2760  2770  2746    10
 6142   2780  2770  2760    10
 6143   2792  2779  2770    10
 6144   2719  2746  2731    10
 6145   2737  2760  2746    10
 6146   2731  2746  2756    10
 6147   2938  2956  2933    10
 6148   3042  3053  3026    10
 6149   3130  3149  3160    10
 6150   3105  3097  3121    10
 6151   3130  3121  3149    10
 6152   3185  3160  3174    10
 6153   3069  3078  3053    10
 6154   3042  3069  3053    10
 6155   3097  3105  3078    10
 6156   3130  3105  3121    10
 6157   2999  3029  3014    10
 6158   3014  3003  2988    10
 6159   2988  3003  2976    10
 6160   2936  2946  2924    10
 6161   2946  2964  2938    10
 6162   2956  2964  2976    10
 6163   3014  3042  3026    10
 6164   3003  3014  3026    10
 6165   3029  3055  3042    10
 6166   2999  3014  2988    10
 6167   2999  3013  3029    10
 6168   2973  2964  2946    10
 6169   2938  2924  2946    10
 6170   2961  2973  2946    10
 6171   2988  2976  2964    10
 6172   2999  2973  2984    10
 6173   2946  2936  2961    10
 6174   2984  2973  2961    10
 6175   2999  2988  2973    10
 6176   3043  3013  3015    10
 6177   3029  3042  3014    10
 6178   3043  3029  3013    10
 6179   3069  3082  3097    10
 6180   3043  3055  3029    10
 6181   3043  3071  3055    10
 6182   3164  3179  3141    10
 6183   3141  3135  3113    10
 6184   3055  3069  3042    10
 6185   3055  3082  3069    10
 6186   3121  3113  3135    10
 6187   3082  3107  3113    10
 6188   3126  3141  3107    10
 6189   3179  3168  3141    10
 6190   3141  3168  3135    10
 6191   3179  3203  3168    10
 6192   3071  3087  3107    10
 6193   3158  3188  3194    10
 6194   3158  3164  3126    10
 6195   3218  3254  3236    10
 6196   3116  3158  3126    10
 6197   3148  3139  3186    10
 6198   3116  3087  3075    10
 6199   3126  3107  3087    10
 6200   3148  3116  3103    10
 6201   3126  3087  3116    10
 6202   3103  3075  3059    10
 6203   3103  3116  3075    10
 6204   3139  3093  3119    10
 6205   3103  3059  3093    10
 6206   3116  3148  3158    10
 6207   3103  3139  3148    10
 6208   3205  3161  3166    10
 6209   3186  3188  3148    10
 6210   3243  3205  3221    10
 6211   3161  3119  3125    10
 6212   3125  3101  3142    10
 6213   3122  3115  3143    10
 6214   3122  3162  3142    10
 6215   3173  3199  3162    10
 6216   3122  3101  3083    10
 6217   3142  3166  3125    10
 6218   3101  3122  3142    10
 6219   3083  3095  3122    10
 6220   3040  3080  3050    10
 6221   3101  3125  3080    10
 6222   3161  3125  3166    10
 6223   3119  3080  3125    10
 6224   3007  2998  3040    10
 6225   3065  3083  3101    10
 6226   3027  3017  3051    10
 6227   3031  3024  3058    10
 6228   3083  3065  3051    10
 6229   3080  3040  3065    10
 6230   2996  2989  2967    10
 6231   2939  2977  2950    10
 6232   2958  2996  2967    10
 6233   3051  3065  3027    10
 6234   3017  3027  2989    10
 6235   3040  3050  3007    10
 6236   2998  3027  3040    10
 6237   2998  2989  3027    10
 6238   3018  2977  3007    10
 6239   2950  2920  2939    10
 6240   3018  3007  3050    10
 6241   2977  2939  2968    10
 6242   3059  3018  3050    10
 6243   3032  3049  3010    10
 6244   3093  3059  3050    10
 6245   3032  3010  2987    10
 6246   2984  2983  3015    10
 6247   2987  2977  3018    10
 6248   3075  3032  3059    10
 6249   3075  3049  3032    10
 6250   2953  2983  2957    10
 6251   2953  2950  2987    10
 6252   2983  2987  3010    10
 6253   2983  2953  2987    10
 6254   2987  2950  2977    10
 6255   2953  2918  2950    10
 6256   2954  2934  2967    10
 6257   2920  2918  2887    10
 6258   2882  2910  2925    10
 6259   2968  3007  2977    10
 6260   2920  2887  2900    10
 6261   2765  2784  2744    10
 6262   2848  2816  2820    10
 6263   2862  2900  2887    10
 6264   2841  2848  2873    10
 6265   2887  2918  2880    10
 6266   2913  2896  2927    10
 6267   2873  2880  2896    10
 6268   2848  2820  2851    10
 6269   2816  2791  2820    10
 6270   2873  2848  2880    10
 6271   2841  2816  2848    10
 6272   2720  2761  2723    10
 6273   2761  2791  2759    10
 6274   2785  2791  2816    10
 6275   2785  2759  2791    10
 6276   2718  2744  2697    10
 6277   2784  2798  2761    10
 6278   2744  2761  2720    10
 6279   2798  2791  2761    10
 6280   2851  2825  2862    10
 6281   2798  2784  2825    10
 6282   2825  2851  2820    10
 6283   2862  2887  2851    10
 6284   2777  2818  2806    10
 6285   2882  2900  2862    10
 6286   2688  2738  2718    10
 6287   2806  2784  2765    10
 6288   2738  2777  2765    10
 6289   2842  2825  2806    10
 6290   2718  2738  2765    10
 6291   2710  2715  2750    10
 6292   2713  2753  2715    10
 6293   2934  2921  2958    10
 6294   2765  2777  2806    10
 6295   2843  2797  2832    10
 6296   2806  2818  2842    10
 6297   2777  2750  2797    10
 6298   2818  2863  2842    10
 6299   2753  2750  2715    10
 6300   2818  2797  2843    10
 6301   2877  2921  2892    10
 6302   2863  2882  2842    10
 6303   2863  2892  2910    10
 6304   2863  2910  2882    10
 6305   2892  2921  2934    10
 6306   2968  2925  2954    10
 6307   2939  2900  2925    10
 6308   3007  2968  2998    10
 6309   2939  2925  2968    10
 6310   2989  2954  2967    10
 6311   2910  2892  2934    10
 6312   2998  2954  2989    10
 6313   2925  2910  2954    10
 6314   2943  2974  2958    10
 6315   3024  3031  2996    10
 6316   3006  3041  3011    10
 6317   3047  3076  3058    10
 6318   2996  2993  3024    10
 6319   2993  2958  2974    10
 6320   2935  2943  2904    10
 6321   2943  2963  2974    10
 6322   2993  2974  3009    10
 6323   2943  2935  2963    10
 6324   2832  2877  2843    10
 6325   2904  2921  2877    10
 6326   3024  2993  3009    10
 6327   2996  2958  2993    10
 6328   2790  2797  2753    10
 6329   2818  2777  2797    10
 6330   2892  2843  2877    10
 6331   2863  2818  2843    10
 6332   2749  2753  2713    10
 6333   2749  2790  2753    10
 6334   2794  2790  2749    10
 6335   2832  2797  2790    10
 6336   2701  2749  2713    10
 6337   2766  2794  2749    10
 6338   2804  2837  2794    10
 6339   2844  2874  2837    10
 6340   2794  2832  2790    10
 6341   2837  2874  2870    10
 6342   2832  2870  2877    10
 6343   2832  2794  2837    10
 6344   2832  2837  2870    10
 6345   2794  2766  2804    10
 6346   2733  2773  2766    10
 6347   2776  2811  2773    10
 6348   2773  2804  2766    10
 6349   2844  2837  2804    10
 6350   2699  2740  2696    10
 6351   2776  2773  2740    10
 6352   2817  2811  2776    10
 6353   2817  2859  2856    10
 6354   2891  2856  2903    10
 6355   2844  2811  2856    10
 6356   2844  2891  2874    10
 6357   2903  2948  2930    10
 6358   2895  2917  2935    10
 6359   2971  2948  2992    10
 6360   2891  2930  2917    10
 6361   2891  2903  2930    10
 6362   2904  2895  2935    10
 6363   2870  2874  2895    10
 6364   2917  2949  2935    10
 6365   2930  2948  2971    10
 6366   2949  2963  2935    10
 6367   2949  2980  2963    10
 6368   3006  2980  2971    10
 6369   2995  2963  2980    10
 6370   3021  2971  2992    10
 6371   2980  2949  2971    10
 6372   3021  3006  2971    10
 6373   3047  3079  3076    10
 6374   3030  3021  2992    10
 6375   3081  3109  3074    10
 6376   2982  3030  2992    10
 6377   3061  3106  3089    10
 6378   3118  3109  3081    10
 6379   3021  3030  3056    10
 6380   3021  3056  3054    10
 6381   3117  3144  3132    10
 6382   3041  3081  3074    10
 6383   3118  3124  3154    10
 6384   3060  3028  3045    10
 6385   3006  3021  3041    10
 6386   3089  3094  3056    10
 6387   3081  3041  3054    10
 6388   3074  3045  3041    10
 6389   2995  2980  3011    10
 6390   2995  3028  3009    10
 6391   3090  3074  3109    10
 6392   3028  3047  3009    10
 6393   3058  3067  3031    10
 6394   3017  3031  3051    10
 6395   3017  2996  3031    10
 6396   3024  3047  3058    10
 6397   3028  3060  3047    10
 6398   3076  3091  3058    10
 6399   3083  3051  3067    10
 6400   3011  3045  3028    10
 6401   3011  3041  3045    10
 6402   3074  3060  3045    10
 6403   3079  3047  3060    10
 6404   2263  2281  3108    10
 6405   3123  3115  3091    10
 6406   2281  3091  3076    10
 6407   3115  3095  3091    10
 6408   3091  3095  3067    10
 6409   3115  3122  3095    10
 6410   3162  3143  3173    10
 6411   3162  3122  3143    10
 6412   2230  2245  3165    10
 6413   3153  2263  2245    10
 6414   3108  3132  2263    10
 6415   3108  3117  3132    10
 6416   2230  3165  3190    10
 6417   2245  3132  3165    10
 6418   3144  3136  3169    10
 6419   3109  3118  3146    10
 6420   3136  3171  3169    10
 6421   3136  3146  3171    10
 6422   3079  3090  3108    10
 6423   3060  3074  3090    10
 6424   3109  3117  3090    10
 6425   3109  3136  3117    10
 6426   3030  3089  3056    10
 6427   3106  3134  3089    10
 6428   3054  3094  3081    10
 6429   3054  3056  3094    10
 6430   3124  3118  3094    10
 6431   3154  3175  3146    10
 6432   3171  3146  3175    10
 6433   3136  3109  3146    10
 6434   3167  3208  3187    10
 6435   3386  3366  3406    10
 6436   3235  3252  3269    10
 6437   3329  3344  3361    10
 6438   3226  3271  3252    10
 6439   3289  3274  3237    10
 6440   3224  3219  3195    10
 6441   3214  3175  3187    10
 6442   3256  3269  3286    10
 6443   3252  3271  3291    10
 6444   3256  3275  3245    10
 6445   3171  3175  3207    10
 6446   3226  3214  3187    10
 6447   3235  3207  3214    10
 6448   3235  3224  3207    10
 6449   3190  3165  3169    10
 6450   3219  3190  3195    10
 6451   2211  2193  3230    10
 6452   3224  3245  3219    10
 6453   3228  3230  3258    10
 6454   3256  3245  3224    10
 6455   2193  3219  3245    10
 6456   3299  2156  3275    10
 6457   2156  2174  3275    10
 6458   3207  3224  3195    10
 6459   3235  3256  3224    10
 6460   3269  3256  3235    10
 6461   3286  3275  3256    10
 6462   3339  3317  3301    10
 6463   3333  2137  3299    10
 6464   3286  3299  3275    10
 6465   3316  3315  3287    10
 6466   3317  3299  3286    10
 6467   3317  3333  3299    10
 6468   3299  2137  2156    10
 6469   3333  2119  2137    10
 6470   3339  3355  3333    10
 6471   3381  3414  3402    10
 6472   3361  3355  3339    10
 6473   2080  3419  3392    10
 6474   3383  2099  3355    10
 6475   3392  3414  3381    10
 6476   3301  3329  3339    10
 6477   3421  3401  3435    10
 6478   3361  3383  3355    10
 6479   3389  3376  3401    10
 6480   3269  3291  3301    10
 6481   3386  3400  3372    10
 6482   3339  3329  3361    10
 6483   3291  3271  3312    10
 6484   3291  3312  3329    10
 6485   3265  3251  3223    10
 6486   3312  3344  3329    10
 6487   3312  3331  3344    10
 6488   3406  3427  3386    10
 6489   3400  3376  3372    10
 6490   3344  3376  3361    10
 6491   3344  3372  3376    10
 6492   3447  3421  3435    10
 6493   3421  3408  3389    10
 6494   3361  3389  3383    10
 6495   3361  3376  3389    10
 6496   3408  3421  3437    10
 6497   3389  3401  3421    10
 6498   3447  3435  3463    10
 6499   3401  3400  3435    10
 6500   3482  3447  3463    10
 6501   3464  3437  3447    10
 6502   3427  3439  3400    10
 6503   3435  3400  3439    10
 6504   3435  3470  3463    10
 6505   3507  3539  3536    10
 6506   3463  3496  3482    10
 6507   3470  3507  3496    10
 6508   3467  3512  3507    10
 6509   3512  3552  3539    10
 6510   3579  3551  3567    10
 6511   3496  3507  3536    10
 6512   3634  3608  3628    10
 6513   3567  3539  3573    10
 6514   1974  3551  3579    10
 6515   3579  1954  1974    10
 6516   3608  1937  1954    10
 6517   1902  3699  1883    10
 6518   3496  3514  3482    10
 6519   3496  3536  3514    10
 6520   3494  3514  3528    10
 6521   3514  3551  3528    10
 6522   3464  3494  2025    10
 6523   3543  3578  3570    10
 6524   3528  1991  2009    10
 6525   3528  3551  1991    10
 6526   3598  1974  1954    10
 6527   3578  3555  1974    10
 6528   3513  3503  3535    10
 6529   3522  1991  3555    10
 6530   3543  3555  3578    10
 6531   3543  3522  3555    10
 6532   3522  3503  3493    10
 6533   3513  3554  3537    10
 6534   1991  3522  2009    10
 6535   3543  3535  3522    10
 6536   3443  3442  3469    10
 6537   2065  3437  2044    10
 6538   2044  2025  3469    10
 6539   2009  3522  3493    10
 6540   3493  2025  2009    10
 6541   3493  3469  2025    10
 6542   2025  3494  2009    10
 6543   3482  3514  3494    10
 6544   2080  3408  2065    10
 6545   3383  3389  3408    10
 6546   3442  2044  3469    10
 6547   3437  3464  2044    10
 6548   3419  2080  2065    10
 6549   2099  3383  2080    10
 6550   2065  3442  3419    10
 6551   2065  2044  3442    10
 6552   3316  3337  3346    10
 6553   2099  2080  3392    10
 6554   3369  3381  3346    10
 6555   3488  3450  3492    10
 6556   3346  3381  3373    10
 6557   3369  3392  3381    10
 6558   3381  3402  3373    10
 6559   3438  3468  3432    10
 6560   3425  3432  3466    10
 6561   3402  3414  3438    10
 6562   2099  3392  3369    10
 6563   3419  3414  3392    10
 6564   3402  3438  3432    10
 6565   3414  3419  3443    10
 6566   3465  3443  3481    10
 6567   3438  3414  3443    10
 6568   3522  3535  3503    10
 6569   3543  3570  3535    10
 6570   3610  3577  3620    10
 6571   3554  3570  3589    10
 6572   3513  3537  3497    10
 6573   3554  3577  3537    10
 6574   3620  3577  3589    10
 6575   3561  3537  3577    10
 6576   3443  3465  3438    10
 6577   3481  3497  3465    10
 6578   3554  3513  3535    10
 6579   3497  3481  3513    10
 6580   3497  3511  3468    10
 6581   3549  3538  3501    10
 6582   3561  3549  3511    10
 6583   3561  3577  3610    10
 6584   3624  3580  3587    10
 6585   3549  3561  3596    10
 6586   3609  3592  3642    10
 6587   3562  3609  3599    10
 6588   3633  3624  3587    10
 6589   3580  3538  3587    10
 6590   3466  3501  3456    10
 6591   3511  3549  3501    10
 6592   3592  3541  3580    10
 6593   3510  3453  3488    10
 6594   3430  3399  3453    10
 6595   3280  3328  3281    10
 6596   3488  3492  3534    10
 6597   3456  3501  3492    10
 6598   3402  3432  3397    10
 6599   3456  3450  3413    10
 6600   3425  3466  3456    10
 6601   3468  3511  3466    10
 6602   3345  3382  3374    10
 6603   3397  3425  3382    10
 6604   3334  3358  3382    10
 6605   3373  3402  3397    10
 6606   3425  3413  3382    10
 6607   3365  3323  3328    10
 6608   3410  3413  3450    10
 6609   3374  3382  3413    10
 6610   3238  3280  3281    10
 6611   3263  3295  3264    10
 6612   3328  3280  3303    10
 6613   3243  3221  3264    10
 6614   3328  3303  3345    10
 6615   3280  3238  3243    10
 6616   3199  3228  3233    10
 6617   3303  3280  3264    10
 6618   3341  3373  3358    10
 6619   3303  3264  3295    10
 6620   3320  3334  3295    10
 6621   3382  3345  3334    10
 6622   3397  3358  3373    10
 6623   3397  3382  3358    10
 6624   3315  3341  3320    10
 6625   3358  3334  3320    10
 6626   3290  3315  3320    10
 6627   3346  3373  3341    10
 6628   2137  3316  2156    10
 6629   3346  3341  3315    10
 6630   2137  3337  3316    10
 6631   2119  3369  3337    10
 6632   3245  2174  2193    10
 6633   3287  3282  3260    10
 6634   2156  3287  2174    10
 6635   2156  3316  3287    10
 6636   3315  3290  3282    10
 6637   3320  3295  3290    10
 6638   3287  3315  3282    10
 6639   3316  3346  3315    10
 6640   3263  3258  3290    10
 6641   3260  2193  2174    10
 6642   3228  3202  3209    10
 6643   3176  3153  2245    10
 6644   2193  3260  3230    10
 6645   2174  3287  3260    10
 6646   3219  2211  3190    10
 6647   3209  3202  3176    10
 6648   3190  2211  2230    10
 6649   3219  2193  2211    10
 6650   2211  3209  2230    10
 6651   3173  3153  3176    10
 6652   2230  3209  3176    10
 6653   2211  3230  3209    10
 6654   3202  3199  3173    10
 6655   3233  3263  3264    10
 6656   3176  3202  3173    10
 6657   3209  3230  3228    10
 6658   3263  3228  3258    10
 6659   3199  3202  3228    10
 6660   3295  3263  3290    10
 6661   3264  3221  3233    10
 6662   3199  3233  3221    10
 6663   3228  3263  3233    10
 6664   3280  3243  3264    10
 6665   3205  3166  3182    10
 6666   3142  3182  3166    10
 6667   3162  3199  3182    10
 6668   3238  3205  3243    10
 6669   3238  3196  3205    10
 6670   3205  3196  3161    10
 6671   3277  3281  3323    10
 6672   3161  3186  3139    10
 6673   3196  3238  3234    10
 6674   3158  3194  3164    10
 6675   3188  3186  3229    10
 6676   3231  3232  3270    10
 6677   3194  3188  3232    10
 6678   3343  3305  3310    10
 6679   3254  3231  3270    10
 6680   3232  3229  3273    10
 6681   3232  3188  3229    10
 6682   3186  3234  3229    10
 6683   3238  3281  3234    10
 6684   3229  3277  3273    10
 6685   3234  3281  3277    10
 6686   3374  3328  3345    10
 6687   3323  3281  3328    10
 6688   3410  3365  3374    10
 6689   3399  3356  3365    10
 6690   3319  3356  3353    10
 6691   3356  3399  3395    10
 6692   3310  3319  3353    10
 6693   3323  3365  3356    10
 6694   3273  3319  3310    10
 6695   3323  3356  3319    10
 6696   3395  3384  3353    10
 6697   3284  3311  3297    10
 6698   3330  3305  3343    10
 6699   3283  3270  3305    10
 6700   3370  3330  3343    10
 6701   3327  3311  3298    10
 6702   3416  3396  3384    10
 6703   3343  3353  3384    10
 6704   3338  3327  3352    10
 6705   3330  3370  3352    10
 6706   3393  3378  3405    10
 6707   3352  3370  3378    10
 6708   3283  3298  3266    10
 6709   3330  3352  3327    10
 6710   3330  3327  3298    10
 6711   3352  3368  3338    10
 6712   3257  3236  3266    10
 6713   3218  3179  3200    10
 6714   3257  3284  3268    10
 6715   3298  3311  3284    10
 6716   3284  3266  3298    10
 6717   3284  3257  3266    10
 6718   3270  3283  3254    10
 6719   3305  3330  3283    10
 6720   3164  3200  3179    10
 6721   3194  3232  3231    10
 6722   3218  3231  3254    10
 6723   3200  3194  3231    10
 6724   3225  3203  3236    10
 6725   3204  3174  3203    10
 6726   3203  3218  3236    10
 6727   3203  3179  3218    10
 6728   3241  3216  3225    10
 6729   3216  3204  3225    10
 6730   3225  3236  3257    10
 6731   3268  3241  3257    10
 6732   3204  3185  3174    10
 6733   3297  3268  3284    10
 6734   3326  3297  3311    10
 6735   3351  3338  3368    10
 6736   3326  3311  3338    10
 6737   3393  3380  3368    10
 6738   3378  3393  3368    10
 6739   3423  3404  3393    10
 6740   3393  3404  3380    10
 6741   3434  3444  3461    10
 6742   3485  3498  3526    10
 6743   3515  3533  3505    10
 6744   3404  3423  3434    10
 6745   3475  3490  3461    10
 6746   3423  3444  3434    10
 6747   3607  3591  3621    10
 6748   3475  3505  3490    10
 6749   3475  3487  3505    10
 6750   3533  3565  3547    10
 6751   3648  3617  3656    10
 6752   3547  3565  3575    10
 6753   3583  3617  3591    10
 6754   3542  3565  3533    10
 6755   3542  3583  3565    10
 6756   3636  3685  3674    10
 6757   3617  3583  3595    10
 6758   3523  3531  3491    10
 6759   3444  3475  3461    10
 6760   3531  3526  3498    10
 6761   3564  3542  3526    10
 6762   3515  3487  3485    10
 6763   3515  3505  3487    10
 6764   3531  3563  3526    10
 6765   3595  3583  3564    10
 6766   3423  3429  3444    10
 6767   3458  3475  3444    10
 6768   3475  3458  3487    10
 6769   3429  3423  3405    10
 6770   3393  3405  3423    10
 6771   3378  3370  3396    10
 6772   3444  3429  3458    10
 6773   3405  3378  3396    10
 6774   3384  3396  3370    10
 6775   3429  3405  3396    10
 6776   3462  3446  3424    10
 6777   3429  3396  3416    10
 6778   3485  3446  3462    10
 6779   3458  3429  3446    10
 6780   3458  3485  3487    10
 6781   3458  3446  3485    10
 6782   3451  3462  3424    10
 6783   3491  3498  3462    10
 6784   3416  3384  3424    10
 6785   3370  3343  3384    10
 6786   3462  3451  3491    10
 6787   3424  3395  3430    10
 6788   3365  3410  3399    10
 6789   3374  3413  3410    10
 6790   3424  3430  3451    10
 6791   3399  3410  3453    10
 6792   3430  3453  3479    10
 6793   3410  3450  3453    10
 6794   3541  3510  3488    10
 6795   3453  3450  3488    10
 6796   3453  3510  3479    10
 6797   3488  3534  3541    10
 6798   3580  3541  3534    10
 6799   3562  3599  3560    10
 6800   3479  3523  3491    10
 6801   3510  3541  3562    10
 6802   3491  3531  3498    10
 6803   3560  3563  3531    10
 6804   3564  3563  3595    10
 6805   3564  3526  3563    10
 6806   3563  3597  3595    10
 6807   3563  3560  3597    10
 6808   3510  3562  3523    10
 6809   3541  3592  3562    10
 6810   3624  3592  3580    10
 6811   3609  3562  3592    10
 6812   3642  3662  3609    10
 6813   3694  3741  3709    10
 6814   3636  3644  3685    10
 6815   3709  3763  3729    10
 6816   3791  3750  3787    10
 6817   3644  3662  3685    10
 6818   3662  3709  3685    10
 6819   3662  3694  3709    10
 6820   3750  3724  3787    10
 6821   3685  3709  3729    10
 6822   3709  3741  3763    10
 6823   3694  3731  3741    10
 6824   3803  3771  3830    10
 6825   3741  3731  3771    10
 6826   3813  3803  3856    10
 6827   3763  3741  3803    10
 6828   3796  3848  3830    10
 6829   3881  3856  3830    10
 6830   3848  3892  3830    10
 6831   3956  3957  3881    10
 6832   3772  3821  3787    10
 6833   3813  3865  3821    10
 6834   3856  3907  3865    10
 6835   3724  3772  3787    10
 6836   3729  3763  3772    10
 6837   3865  3813  3856    10
 6838   3821  3772  3813    10
 6839   3790  3742  3791    10
 6840   3631  3625  3595    10
 6841   3787  3847  3832    10
 6842   3821  3865  3897    10
 6843   3905  3852  3843    10
 6844   3832  3894  3885    10
 6845   3832  3843  3791    10
 6846   3885  3962  3905    10
 6847   3812  3852  3870    10
 6848   3812  3764  3790    10
 6849   3673  3648  3684    10
 6850   3750  3791  3742    10
 6851   3742  3790  3764    10
 6852   3791  3843  3790    10
 6853   3666  3674  3708    10
 6854   3722  3715  3684    10
 6855   3724  3708  3674    10
 6856   3750  3742  3708    10
 6857   3666  3631  3674    10
 6858   3631  3636  3674    10
 6859   3772  3724  3729    10
 6860   3750  3708  3724    10
 6861   3597  3631  3595    10
 6862   3597  3599  3636    10
 6863   3597  3636  3631    10
 6864   3599  3644  3636    10
 6865   3595  3625  3617    10
 6866   3631  3666  3625    10
 6867   3695  3666  3708    10
 6868   3695  3656  3666    10
 6869   3625  3656  3617    10
 6870   3673  3715  3705    10
 6871   3695  3684  3656    10
 6872   3695  3722  3684    10
 6873   3742  3722  3695    10
 6874   3742  3764  3722    10
 6875   3638  3648  3669    10
 6876   3684  3715  3673    10
 6877   3754  3744  3715    10
 6878   3638  3621  3648    10
 6879   3591  3617  3621    10
 6880   3617  3648  3621    10
 6881   3656  3684  3648    10
 6882   3638  3607  3621    10
 6883   3800  3777  3754    10
 6884   3754  3777  3744    10
 6885   3764  3800  3754    10
 6886   3812  3851  3800    10
 6887   3818  3851  3867    10
 6888   3964  3965  3908    10
 6889   3965  3867  3908    10
 6890   3897  3894  3847    10
 6891   3963  3870  3905    10
 6892   3964  3908  3870    10
 6893   3963  3905  3962    10
 6894   3870  3852  3905    10
 6895   3962  3885  3961    10
 6896   3961  3894  3960    10
 6897   3960  3894  3897    10
 6898   3958  3959  3865    10
 6899   3959  3960  3897    10
 6900   3881  3907  3856    10
 6901   3957  3958  3907    10
 6902   3897  3865  3959    10
 6903   3952  3909  3878    10
 6904   3950  3951  3884    10
 6905   3948  3891  3877    10
 6906   3949  3893  3891    10
 6907   3840  3789  3801    10
 6908   3846  3891  3893    10
 6909   3893  3949  3950    10
 6910   3878  3884  3951    10
 6911   3954  3864  3953    10
 6912   3956  3881  3892    10
 6913   3892  3888  3955    10
 6914   3864  3909  3953    10
 6915   3956  3892  3955    10
 6916   3881  3830  3892    10
 6917   3771  3796  3830    10
 6918   3828  3888  3848    10
 6919   3909  3853  3878    10
 6920   3810  3766  3753    10
 6921   3828  3864  3888    10
 6922   3828  3810  3864    10
 6923   3733  3769  3728    10
 6924   3853  3864  3810    10
 6925   3853  3810  3799    10
 6926   3828  3848  3796    10
 6927   3718  3766  3731    10
 6928   3718  3753  3766    10
 6929   3731  3796  3771    10
 6930   3766  3828  3796    10
 6931   3642  3682  3694    10
 6932   3642  3592  3624    10
 6933   3728  3753  3692    10
 6934   3799  3810  3753    10
 6935   3633  3671  3624    10
 6936   3682  3642  3624    10
 6937   3692  3753  3718    10
 6938   3718  3682  3671    10
 6939   3596  3633  3587    10
 6940   3596  3610  3645    10
 6941   3596  3645  3633    10
 6942   3728  3799  3753    10
 6943   3633  3692  3671    10
 6944   3693  3651  3659    10
 6945   3690  3733  3728    10
 6946   3840  3826  3789    10
 6947   3692  3690  3728    10
 6948   3676  3641  3661    10
 6949   3645  3610  3651    10
 6950   3596  3561  3610    10
 6951   3645  3690  3692    10
 6952   3645  3651  3690    10
 6953   3610  3620  3651    10
 6954   3589  3603  3620    10
 6955   3676  3659  3641    10
 6956   3651  3620  3659    10
 6957   3690  3693  3733    10
 6958   3690  3651  3693    10
 6959   3739  3747  3700    10
 6960   3693  3659  3700    10
 6961   3739  3774  3784    10
 6962   3789  3769  3733    10
 6963   3739  3784  3747    10
 6964   3801  3789  3747    10
 6965   3728  3769  3799    10
 6966   3733  3747  3789    10
 6967   3784  3801  3747    10
 6968   3840  3893  3884    10
 6969   3853  3826  3878    10
 6970   3769  3789  3826    10
 6971   3950  3884  3893    10
 6972   3878  3826  3884    10
 6973   3846  3801  3784    10
 6974   3846  3840  3801    10
 6975   3893  3840  3846    10
 6976   3884  3826  3840    10
 6977   3809  3774  3759    10
 6978   3841  3861  3913    10
 6979   3759  3770  3809    10
 6980   3759  3725  3770    10
 6981   3946  3913  3861    10
 6982   3809  3770  3819    10
 6983   3759  3721  3725    10
 6984   1937  3622  1954    10
 6985   1883  3712  1902    10
 6986   3725  3698  3712    10
 6987   3774  3721  3759    10
 6988   3676  3661  3698    10
 6989   3721  3739  3700    10
 6990   3721  3774  3739    10
 6991   3721  3676  3698    10
 6992   3641  3603  3627    10
 6993   3700  3676  3721    10
 6994   3700  3659  3676    10
 6995   3620  3603  3641    10
 6996   3589  3570  3603    10
 6997   3578  3598  3603    10
 6998   3622  3652  3627    10
 6999   3622  3598  1954    10
 7000   3627  3603  3598    10
 7001   3598  3622  3627    10
 7002   1921  3634  3664    10
 7003   1921  3652  1937    10
 7004   3661  3627  3652    10
 7005   3698  3679  3712    10
 7006   3698  3661  3679    10
 7007   3679  1902  3712    10
 7008   3679  3652  1921    10
 7009   3622  1937  3652    10
 7010   1954  3579  3608    10
 7011   3679  1921  1902    10
 7012   1937  3608  3634    10
 7013   3594  3608  3579    10
 7014   3594  3628  3608    10
 7015   3664  3634  3628    10
 7016   1921  1937  3634    10
 7017   3667  3664  3628    10
 7018   3699  1902  3664    10
 7019   3664  3667  3699    10
 7020   3573  3594  3567    10
 7021   3667  3706  3699    10
 7022   3719  3670  3701    10
 7023   3706  3734  3699    10
 7024   3737  3782  3767    10
 7025   3734  1883  3699    10
 7026   3734  1861  1883    10
 7027   1822  1808  3900    10
 7028   3752  1883  1861    10
 7029   1841  3798  1861    10
 7030   3819  3770  3798    10
 7031   3734  3767  1861    10
 7032   1822  3863  1808    10
 7033   1841  3767  3814    10
 7034   1841  1861  3767    10
 7035   3854  3906  3872    10
 7036   3814  3767  3782    10
 7037   3814  3782  3815    10
 7038   3943  1808  3863    10
 7039   3834  3819  3798    10
 7040   3872  3942  3863    10
 7041   3944  3900  1808    10
 7042   3944  3945  3900    10
 7043   3814  1822  1841    10
 7044   3900  3862  3834    10
 7045   1841  1822  3834    10
 7046   3814  3863  1822    10
 7047   3862  3861  3819    10
 7048   3913  3877  3841    10
 7049   3834  3862  3819    10
 7050   3900  3945  3862    10
 7051   3891  3825  3877    10
 7052   3846  3784  3825    10
 7053   3774  3841  3825    10
 7054   3809  3861  3841    10
 7055   3914  3946  3861    10
 7056   3947  3948  3913    10
 7057   3945  3914  3862    10
 7058   3945  3946  3914    10
 7059   3836  3824  3883    10
 7060   3942  3943  3863    10
 7061   3937  3889  3936    10
 7062   3936  3873  3935    10
 7063   3890  3835  3850    10
 7064   3925  3903  3924    10
 7065   3898  3923  3924    10
 7066   3926  3868  3925    10
 7067   3887  3927  3895    10
 7068   3912  3931  3932    10
 7069   3901  3930  3931    10
 7070   3931  3912  3901    10
 7071   3829  3783  3831    10
 7072   3933  3882  3890    10
 7073   3858  3901  3912    10
 7074   3858  3833  3901    10
 7075   3816  3839  3879    10
 7076   3895  3927  3928    10
 7077   3879  3929  3875    10
 7078   3879  3839  3895    10
 7079   3901  3875  3930    10
 7080   3929  3879  3928    10
 7081   3849  3910  3898    10
 7082   3849  3859  3807    10
 7083   3898  3903  3859    10
 7084   3923  3910  3922    10
 7085   3923  3898  3910    10
 7086   3823  3887  3845    10
 7087   3868  3926  3887    10
 7088   3879  3895  3928    10
 7089   3845  3887  3895    10
 7090   3875  3816  3879    10
 7091   3702  3735  3678    10
 7092   3887  3823  3868    10
 7093   3773  3730  3723    10
 7094   3868  3823  3820    10
 7095   3681  3691  3635    10
 7096   3740  3794  3761    10
 7097   3794  3807  3761    10
 7098   3807  3773  3761    10
 7099   3823  3845  3780    10
 7100   3823  3780  3773    10
 7101   3845  3839  3795    10
 7102   3845  3795  3780    10
 7103   3839  3816  3775    10
 7104   3745  3775  3735    10
 7105   3795  3839  3775    10
 7106   3816  3833  3768    10
 7107   3858  3912  3850    10
 7108   3901  3833  3875    10
 7109   3768  3775  3816    10
 7110   3875  3833  3816    10
 7111   3858  3805  3833    10
 7112   3858  3850  3805    10
 7113   3831  3783  3788    10
 7114   3890  3850  3912    10
 7115   3802  3805  3850    10
 7116   3713  3755  3746    10
 7117   3788  3783  3746    10
 7118   3665  3632  3678    10
 7119   3768  3805  3758    10
 7120   3713  3746  3677    10
 7121   3755  3802  3788    10
 7122   3660  3650  3616    10
 7123   3746  3783  3748    10
 7124   3793  3781  3738    10
 7125   3822  3824  3779    10
 7126   3783  3793  3748    10
 7127   3838  3781  3793    10
 7128   3838  3822  3781    10
 7129   3838  3889  3874    10
 7130   3755  3788  3746    10
 7131   3802  3850  3835    10
 7132   3876  3829  3831    10
 7133   3873  3889  3838    10
 7134   3788  3835  3831    10
 7135   3788  3802  3835    10
 7136   3934  3882  3933    10
 7137   3876  3831  3882    10
 7138   3933  3890  3932    10
 7139   3882  3835  3890    10
 7140   3882  3934  3876    10
 7141   3869  3874  3938    10
 7142   3822  3838  3874    10
 7143   3936  3889  3873    10
 7144   3939  3883  3938    10
 7145   3824  3822  3869    10
 7146   3876  3873  3829    10
 7147   3876  3935  3873    10
 7148   3886  3883  3939    10
 7149   3824  3869  3883    10
 7150   3836  3854  3804    10
 7151   3906  3886  3940    10
 7152   3942  3872  3941    10
 7153   3815  3782  3765    10
 7154   3886  3939  3940    10
 7155   3872  3815  3854    10
 7156   3863  3814  3815    10
 7157   3941  3872  3906    10
 7158   3863  3815  3872    10
 7159   3824  3836  3786    10
 7160   3886  3906  3854    10
 7161   3765  3804  3815    10
 7162   3836  3886  3854    10
 7163   3701  3749  3719    10
 7164   3786  3836  3804    10
 7165   3732  3779  3736    10
 7166   3781  3822  3779    10
 7167   3804  3765  3749    10
 7168   3782  3737  3765    10
 7169   3786  3804  3749    10
 7170   3854  3815  3804    10
 7171   3667  3646  3689    10
 7172   3701  3654  3688    10
 7173   3689  3670  3719    10
 7174   3646  3628  3612    10
 7175   3737  3689  3719    10
 7176   3706  3667  3689    10
 7177   3688  3654  3639    10
 7178   3646  3667  3628    10
 7179   3696  3660  3711    10
 7180   3736  3786  3749    10
 7181   3654  3701  3670    10
 7182   3688  3736  3701    10
 7183   3732  3736  3688    10
 7184   3779  3786  3736    10
 7185   3779  3732  3781    10
 7186   3687  3639  3650    10
 7187   3738  3696  3748    10
 7188   3660  3629  3677    10
 7189   3793  3738  3748    10
 7190   3732  3688  3687    10
 7191   3748  3696  3711    10
 7192   3616  3584  3629    10
 7193   3732  3687  3738    10
 7194   3650  3600  3616    10
 7195   3687  3650  3696    10
 7196   3639  3600  3650    10
 7197   3738  3687  3696    10
 7198   3688  3639  3687    10
 7199   3654  3611  3639    10
 7200   3654  3670  3626    10
 7201   3559  3584  3616    10
 7202   3529  3520  3572    10
 7203   3639  3588  3600    10
 7204   3568  3552  3521    10
 7205   3504  3474  3529    10
 7206   3409  3436  3391    10
 7207   3588  3540  3550    10
 7208   3483  3436  3459    10
 7209   3550  3540  3508    10
 7210   3588  3611  3568    10
 7211   3588  3568  3540    10
 7212   3611  3590  3568    10
 7213   3470  3467  3507    10
 7214   3486  3521  3512    10
 7215   3483  3521  3486    10
 7216   3540  3568  3521    10
 7217   3626  3590  3611    10
 7218   3573  3539  3552    10
 7219   3654  3626  3611    10
 7220   3670  3689  3646    10
 7221   3626  3612  3590    10
 7222   3628  3594  3612    10
 7223   3626  3646  3612    10
 7224   3626  3670  3646    10
 7225   3512  3467  3486    10
 7226   3470  3439  3467    10
 7227   3612  3573  3590    10
 7228   3612  3594  3573    10
 7229   3448  3427  3406    10
 7230   3467  3439  3427    10
 7231   3436  3406  3391    10
 7232   3386  3372  3348    10
 7233   3436  3448  3406    10
 7234   3436  3483  3448    10
 7235   3331  3348  3372    10
 7236   3366  3391  3406    10
 7237   3309  3322  3348    10
 7238   3347  3289  3313    10
 7239   3344  3331  3372    10
 7240   3312  3271  3292    10
 7241   3366  3386  3348    10
 7242   3427  3400  3386    10
 7243   3226  3251  3271    10
 7244   3226  3187  3208    10
 7245   3331  3292  3309    10
 7246   3331  3312  3292    10
 7247   3226  3208  3251    10
 7248   3167  3134  3180    10
 7249   3265  3223  3222    10
 7250   3251  3208  3223    10
 7251   3145  3180  3134    10
 7252   3180  3181  3222    10
 7253   3274  3309  3265    10
 7254   3223  3180  3222    10
 7255   3292  3265  3309    10
 7256   3292  3251  3265    10
 7257   3331  3309  3348    10
 7258   3274  3222  3237    10
 7259   3347  3391  3366    10
 7260   3347  3366  3322    10
 7261   3222  3181  3237    10
 7262   3145  3131  3181    10
 7263   3322  3274  3289    10
 7264   3265  3222  3274    10
 7265   3197  3193  3151    10
 7266   3237  3181  3193    10
 7267   3304  3360  3308    10
 7268   3289  3237  3255    10
 7269   3304  3308  3253    10
 7270   3367  3409  3347    10
 7271   3255  3313  3289    10
 7272   3308  3360  3367    10
 7273   3422  3411  3360    10
 7274   3455  3504  3459    10
 7275   3308  3367  3313    10
 7276   3455  3474  3504    10
 7277   3348  3322  3366    10
 7278   3309  3274  3322    10
 7279   3289  3347  3322    10
 7280   3313  3367  3347    10
 7281   3360  3411  3367    10
 7282   3504  3508  3459    10
 7283   3483  3459  3508    10
 7284   3436  3409  3459    10
 7285   3367  3411  3409    10
 7286   3360  3304  3364    10
 7287   3409  3455  3459    10
 7288   3411  3474  3455    10
 7289   3474  3422  3472    10
 7290   3500  3476  3527    10
 7291   3520  3472  3524    10
 7292   3417  3385  3440    10
 7293   3524  3500  3553    10
 7294   3418  3385  3354    10
 7295   3500  3440  3476    10
 7296   3417  3364  3357    10
 7297   3477  3440  3500    10
 7298   3477  3417  3440    10
 7299   3477  3472  3417    10
 7300   3474  3411  3422    10
 7301   3524  3472  3477    10
 7302   3520  3474  3472    10
 7303   3259  3302  3250    10
 7304   3364  3422  3360    10
 7305   3250  3302  3304    10
 7306   3417  3422  3364    10
 7307   3253  3189  3250    10
 7308   3197  3127  3189    10
 7309   3304  3253  3250    10
 7310   3308  3255  3253    10
 7311   3247  3211  3198    10
 7312   3272  3259  3211    10
 7313   3321  3259  3272    10
 7314   3250  3206  3259    10
 7315   3321  3302  3259    10
 7316   3321  3385  3357    10
 7317   3417  3357  3385    10
 7318   3364  3302  3357    10
 7319   3354  3300  3342    10
 7320   3247  3198  3239    10
 7321   3191  3239  3198    10
 7322   3217  3249  3261    10
 7323   3294  3247  3239    10
 7324   3272  3211  3247    10
 7325   3152  3191  3198    10
 7326   3150  3178  3191    10
 7327   3285  3324  3293    10
 7328   3294  3300  3247    10
 7329   3249  3285  3293    10
 7330   3342  3300  3294    10
 7331   3261  3293  3294    10
 7332   3324  3363  3332    10
 7333   3407  3426  3377    10
 7334   3418  3440  3385    10
 7335   3449  3428  3457    10
 7336   3452  3476  3418    10
 7337   3394  3354  3342    10
 7338   3385  3321  3354    10
 7339   3426  3452  3394    10
 7340   3476  3440  3418    10
 7341   3478  3452  3426    10
 7342   3509  3527  3476    10
 7343   3558  3557  3509    10
 7344   3553  3500  3527    10
 7345   3407  3454  3426    10
 7346   3516  3509  3478    10
 7347   3478  3509  3452    10
 7348   3675  3630  3657    10
 7349   3516  3558  3509    10
 7350   3571  3530  3545    10
 7351   3649  3605  3658    10
 7352   3558  3586  3605    10
 7353   3723  3681  3697    10
 7354   3605  3630  3658    10
 7355   3710  3758  3755    10
 7356   3581  3557  3602    10
 7357   3602  3649  3635    10
 7358   3697  3761  3723    10
 7359   3605  3557  3558    10
 7360   3605  3649  3602    10
 7361   3581  3602  3635    10
 7362   3557  3605  3602    10
 7363   3604  3581  3635    10
 7364   3553  3527  3581    10
 7365   3691  3655  3635    10
 7366   3582  3553  3604    10
 7367   3529  3572  3584    10
 7368   3520  3569  3572    10
 7369   3632  3582  3604    10
 7370   3569  3524  3582    10
 7371   3632  3618  3582    10
 7372   3665  3619  3618    10
 7373   3616  3629  3660    10
 7374   3584  3572  3629    10
 7375   3655  3632  3604    10
 7376   3717  3735  3768    10
 7377   3635  3655  3604    10
 7378   3691  3730  3745    10
 7379   3655  3678  3632    10
 7380   3655  3691  3702    10
 7381   3619  3665  3663    10
 7382   3618  3632  3665    10
 7383   3660  3677  3711    10
 7384   3629  3663  3677    10
 7385   3665  3710  3663    10
 7386   3665  3678  3717    10
 7387   3663  3713  3677    10
 7388   3710  3755  3713    10
 7389   3710  3717  3758    10
 7390   3735  3775  3768    10
 7391   3678  3735  3717    10
 7392   3702  3691  3745    10
 7393   3780  3730  3773    10
 7394   3780  3795  3745    10
 7395   3780  3745  3730    10
 7396   3795  3775  3745    10
 7397   3658  3697  3649    10
 7398   3730  3691  3681    10
 7399   3735  3702  3745    10
 7400   3678  3655  3702    10
 7401   3649  3697  3681    10
 7402   3740  3707  3762    10
 7403   3658  3707  3697    10
 7404   3658  3630  3675    10
 7405   3773  3723  3761    10
 7406   3730  3681  3723    10
 7407   3697  3740  3761    10
 7408   3707  3726  3762    10
 7409   3516  3544  3558    10
 7410   3614  3601  3640    10
 7411   3484  3457  3480    10
 7412   3530  3571  3544    10
 7413   3558  3544  3586    10
 7414   3516  3495  3544    10
 7415   3532  3517  3502    10
 7416   3545  3530  3506    10
 7417   3548  3545  3517    10
 7418   3571  3586  3544    10
 7419   3576  3571  3545    10
 7420   3683  3647  3680    10
 7421   3576  3601  3571    10
 7422   3576  3593  3615    10
 7423   3548  3566  3576    10
 7424   3623  3643  3653    10
 7425   3480  3471  3499    10
 7426   3546  3574  3556    10
 7427   3606  3637  3613    10
 7428   3556  3566  3532    10
 7429   3585  3566  3556    10
 7430   3499  3532  3502    10
 7431   3525  3556  3532    10
 7432   3545  3548  3576    10
 7433   3517  3532  3548    10
 7434   3441  3471  3445    10
 7435   3502  3517  3484    10
 7436   3445  3471  3480    10
 7437   3460  3489  3471    10
 7438   3480  3499  3502    10
 7439   3471  3489  3499    10
 7440   3433  3441  3415    10
 7441   3445  3428  3420    10
 7442   3457  3445  3480    10
 7443   3420  3415  3441    10
 7444   3420  3428  3398    10
 7445   3506  3484  3517    10
 7446   3445  3457  3428    10
 7447   3480  3502  3484    10
 7448   3390  3412  3431    10
 7449   3398  3428  3412    10
 7450   3473  3449  3484    10
 7451   3412  3428  3449    10
 7452   3545  3506  3517    10
 7453   3449  3457  3484    10
 7454   3495  3473  3506    10
 7455   3473  3484  3506    10
 7456   3530  3495  3506    10
 7457   3454  3407  3431    10
 7458   3544  3495  3530    10
 7459   3516  3478  3495    10
 7460   3390  3431  3407    10
 7461   3412  3449  3431    10
 7462   3426  3454  3478    10
 7463   3431  3473  3454    10
 7464   3377  3363  3407    10
 7465   3375  3371  3398    10
 7466   3388  3398  3371    10
 7467   3349  3375  3390    10
 7468   3349  3340  3375    10
 7469   3278  3314  3285    10
 7470   3340  3371  3375    10
 7471   3278  3307  3314    10
 7472   3307  3318  3336    10
 7473   3293  3324  3332    10
 7474   3314  3349  3324    10
 7475   3332  3363  3377    10
 7476   3324  3349  3363    10
 7477   3246  3285  3249    10
 7478   3314  3324  3285    10
 7479   3294  3293  3332    10
 7480   3261  3249  3293    10
 7481   3140  3178  3150    10
 7482   3140  3172  3178    10
 7483   3172  3210  3178    10
 7484   3212  3246  3210    10
 7485   3147  3177  3156    10
 7486   3213  3242  3212    10
 7487   3177  3213  3183    10
 7488   3244  3227  3262    10
 7489   3242  3278  3246    10
 7490   3276  3307  3278    10
 7491   3314  3307  3340    10
 7492   3288  3262  3279    10
 7493   3276  3244  3262    10
 7494   3242  3213  3244    10
 7495   3156  3177  3183    10
 7496   3170  3201  3177    10
 7497   3177  3201  3213    10
 7498   3170  3163  3192    10
 7499   3170  3192  3201    10
 7500   3163  3159  3184    10
 7501   3192  3220  3201    10
 7502   3192  3184  3215    10
 7503   3248  3227  3220    10
 7504   3244  3213  3227    10
 7505   3227  3248  3262    10
 7506   3220  3240  3248    10
 7507   3288  3279  3306    10
 7508   3262  3248  3279    10
 7509   3267  3296  3279    10
 7510   3387  3415  3388    10
 7511   3318  3288  3306    10
 7512   3276  3262  3288    10
 7513   3335  3318  3306    10
 7514   3307  3288  3318    10
 7515   3340  3336  3371    10
 7516   3340  3307  3336    10
 7517   3371  3359  3388    10
 7518   3336  3318  3335    10
 7519   3359  3336  3335    10
 7520   3335  3362  3359    10
 7521   3379  3403  3387    10
 7522   3379  3362  3350    10
 7523   3387  3359  3362    10
 7524   3335  3325  3350    10
 7525   3279  3296  3306    10
 7526   3350  3362  3335    10
 7527   3220  3215  3240    10
 7528   3306  3296  3325    10
 7529   3163  3184  3192    10
 7530   3192  3215  3220    10
 7531   3362  3379  3387    10
 7532   3471  3441  3460    10
 7533   3415  3403  3433    10
 7534   3420  3441  3445    10
 7535   3433  3460  3441    10
 7536   3546  3525  3518    10
 7537   3499  3518  3525    10
 7538   3556  3525  3546    10
 7539   3585  3574  3606    10
 7540   3585  3556  3574    10
 7541   3714  3704  3743    10
 7542   3842  3866  3899    10
 7543   3797  3776  3817    10
 7544   3776  3751  3743    10
 7545   3720  3680  3686    10
 7546   3817  3842  3797    10
 7547   3613  3637  3643    10
 7548   3637  3668  3643    10
 7549   3585  3613  3593    10
 7550   3585  3606  3613    10
 7551   3643  3672  3653    10
 7552   3668  3704  3672    10
 7553   3704  3714  3672    10
 7554   3714  3720  3686    10
 7555   3714  3686  3672    10
 7556   3714  3751  3756    10
 7557   3756  3760  3720    10
 7558   3727  3757  3703    10
 7559   3576  3615  3601    10
 7560   3593  3623  3615    10
 7561   3647  3623  3653    10
 7562   3593  3613  3623    10
 7563   3614  3640  3657    10
 7564   3601  3615  3640    10
 7565   3707  3675  3726    10
 7566   3630  3586  3614    10
 7567   3571  3614  3586    10
 7568   3571  3601  3614    10
 7569   3703  3675  3657    10
 7570   3707  3658  3675    10
 7571   3640  3683  3657    10
 7572   3756  3720  3714    10
 7573   3720  3760  3716    10
 7574   3844  3785  3806    10
 7575   3716  3683  3680    10
 7576   3703  3657  3683    10
 7577   3683  3716  3727    10
 7578   3680  3720  3716    10
 7579   3716  3760  3727    10
 7580   3778  3757  3727    10
 7581   3910  3902  3922    10
 7582   3740  3762  3794    10
 7583   3726  3757  3785    10
 7584   3860  3811  3844    10
 7585   3762  3726  3785    10
 7586   3849  3811  3860    10
 7587   3849  3794  3811    10
 7588   3757  3806  3785    10
 7589   3792  3760  3756    10
 7590   3785  3844  3811    10
 7591   3806  3837  3857    10
 7592   3778  3837  3806    10
 7593   3911  3871  3917    10
 7594   3778  3808  3837    10
 7595   3827  3842  3871    10
 7596   3855  3808  3827    10
 7597   3778  3727  3760    10
 7598   3837  3808  3855    10
 7599   3778  3760  3808    10
 7600   3776  3797  3751    10
 7601   3792  3808  3760    10
 7602   3751  3797  3756    10
 7603   3827  3808  3792    10
 7604   3792  3797  3827    10
 7605   3792  3756  3797    10
 7606   3797  3842  3827    10
 7607   3817  3866  3842    10
 7608   3916  3871  3899    10
 7609   3916  3917  3871    10
 7610   3855  3911  3880    10
 7611   3920  3904  3919    10
 7612   3904  3896  3857    10
 7613   3837  3855  3880    10
 7614   3871  3911  3855    10
 7615   3917  3918  3911    10
 7616   3806  3857  3844    10
 7617   3837  3880  3904    10
 7618   3857  3896  3844    10
 7619   3919  3880  3918    10
 7620   3896  3902  3844    10
 7621   3910  3849  3860    10
 7622   3844  3902  3860    10
 7623   3896  3921  3902    10
 7624   3921  3896  3920    10
 7625   3896  3904  3920    10
 7626   3857  3837  3904    10
 7627   3904  3880  3919    10
 7628   4171  4163  4123    11
 7629   4107  4089  4048    11
 7630   4172  4166  4126    11
 7631   4145  4174  4132    11
 7632   4503  4529  4511    11
 7633   4194  4206  4238    11
 7634   4503  4492  4476    11
 7635   4567  4540  4570    11
 7636   4599  4582  4583    11
 7637   4366  4326  4345    11
 7638   4971  4927  4950    11
 7639   4555  4546  4578    11
 7640   5282  5234  5281    11
 7641   4277  4300  4285    11
 7642   4427  4405  4403    11
 7643   3989  3988  4053    11
 7644   4102  4075  4121    11
 7645   4096  4091  4043    11
 7646   4030  4083  4081    11
 7647   4081  4111  4066    11
 7648   4027  4068  4085    11
 7649   4020  3999  4040    11
 7650   4171  4131  4175    11
 7651   4503  4480  4516    11
 7652   4461  4506  4496    11
 7653   4283  4272  4240    11
 7654   4097  4032  4072    11
 7655   4323  4283  4293    11
 7656   4288  4279  4249    11
 7657   4664  4641  4632    11
 7658   4878  4864  4885    11
 7659   4363  4367  4344    11
 7660   4982  5007  4967    11
 7661   5269  5202  5268    11
 7662   5039  4999  5032    11
 7663   5085  5107  5068    11
 7664   5252  5228  5251    11
 7665   5040  5014  5059    11
 7666   5102  5140  5155    11
 7667   4697  4708  4671    11
 7668   3575  4957  4930    11
 7669   2537  4088  2494    11
 7670   4464  4467  4485    11
 7671   2676  4268  4245    11
 7672   4521  2976  3003    11
 7673   4263  4226  4233    11
 7674   3461  4842  3434    11
 7675   4334  2779  4356    11
 7676   4404  2869  4428    11
 7677   4273  4233  4236    11
 7678   4414  4404  4428    11
 7679   4302  4343  4311    11
 7680   4125  4162  4181    11
 7681   4093  4049  4071    11
 7682   4353  4359  4394    11
 7683   4018  4068  4027    11
 7684   4496  4457  4461    11
 7685   4503  4516  4529    11
 7686   4118  4092  4069    11
 7687   4069  4092  4050    11
 7688   4118  4161  4143    11
 7689   4162  4214  4181    11
 7690   4059  4101  4035    11
 7691   4052  4043  3982    11
 7692   3970  3969  4049    11
 7693   4127  4078  4111    11
 7694   4154  4187  4139    11
 7695   4271  4286  4241    11
 7696   4240  4207  4248    11
 7697   4158  4178  4129    11
 7698   4229  4211  4196    11
 7699   4121  4132  4159    11
 7700   4025  4014  4038    11
 7701   4270  4280  4254    11
 7702   4188  4224  4209    11
 7703   4367  4355  4344    11
 7704   4384  4390  4369    11
 7705   4346  4355  4369    11
 7706   4639  4624  4619    11
 7707   4555  4553  4529    11
 7708   4440  4430  4421    11
 7709   4468  4476  4492    11
 7710   4225  4269  4235    11
 7711   4307  4272  4312    11
 7712   4303  4318  4331    11
 7713   4323  4333  4365    11
 7714   4296  4327  4288    11
 7715   4391  4389  4352    11
 7716   4312  4283  4323    11
 7717   4652  4692  4667    11
 7718   5044  5016  5064    11
 7719   4911  4948  4899    11
 7720   5035  5036  5075    11
 7721   5027  5033  5065    11
 7722   5173  5158  5117    11
 7723   5205  5215  5275    11
 7724   5141  5099  5164    11
 7725   4986  4944  4965    11
 7726   4743  4725  4773    11
 7727   4837  4831  4812    11
 7728   4727  4686  4689    11
 7729   4844  4815  4861    11
 7730   4579  4569  4589    11
 7731   4713  4738  4709    11
 7732   4666  4650  4674    11
 7733   4975  5003  4992    11
 7734   5015  4969  5012    11
 7735   4662  4644  4657    11
 7736   4675  4663  4637    11
 7737   4929  4910  4945    11
 7738   5077  5075  5120    11
 7739   5031  5045  5009    11
 7740   5147  5202  5192    11
 7741   5084  5055  5108    11
 7742   5120  5121  5168    11
 7743   5149  5109  5156    11
 7744   5146  5100  5127    11
 7745   5101  5087  5135    11
 7746   5117  5114  5073    11
 7747   5181  5145  5135    11
 7748   5193  5264  5265    11
 7749   5124  5174  5147    11
 7750   5237  5247  5196    11
 7751   5196  5155  5185    11
 7752   5196  5248  5230    11
 7753   5201  5149  5156    11
 7754   5137  5082  5107    11
 7755   5220  5175  5204    11
 7756   5122  5098  5143    11
 7757   5085  5133  5107    11
 7758   5133  5186  5154    11
 7759   4604  4573  4564    11
 7760   3078  4577  3053    11
 7761   4782  4748  4740    11
 7762   4872  4901  4888    11
 7763   4632  4641  4610    11
 7764   4616  4604  4647    11
 7765   4612  4638  4632    11
 7766   4775  4750  4733    11
 7767   4695  4718  4715    11
 7768   4796  4819  4824    11
 7769   4808  4835  4819    11
 7770   3575  3607  4957    11
 7771   4732  4754  4758    11
 7772   4906  3547  4930    11
 7773   4649  4658  4642    11
 7774   4690  4719  4697    11
 7775   4696  3216  3241    11
 7776   4763  4759  4744    11
 7777   4711  4732  4734    11
 7778   3404  4822  4801    11
 7779   4887  3490  3519    11
 7780   5091  5134  5093    11
 7781   4914  4930  4939    11
 7782   3638  4980  3607    11
 7783   5089  5054  3744    11
 7784   4925  4914  4939    11
 7785   5006  5043  5021    11
 7786   3575  4930  3547    11
 7787   5091  5093  5057    11
 7788   5190  5144  5150    11
 7789   4230  4217  4189    11
 7790   4037  4021  3968    11
 7791   4135  4071  4120    11
 7792   4204  4173  4217    11
 7793   4037  4087  4071    11
 7794   4172  4126  4135    11
 7795   4150  4164  4189    11
 7796   4285  4258  4277    11
 7797   4087  4117  4150    11
 7798   4182  2646  4221    11
 7799   2676  2707  4268    11
 7800   4310  2756  4334    11
 7801   2756  2779  4334    11
 7802   4164  4141  4182    11
 7803   4583  4577  4593    11
 7804   4611  4618  4630    11
 7805   4634  3130  3160    11
 7806   4505  4502  4521    11
 7807   2912  4448  2890    11
 7808   4433  4427  4414    11
 7809   4448  4428  2890    11
 7810   4537  3026  4556    11
 7811   4621  4617  4599    11
 7812   4537  4541  4521    11
 7813   4649  4642  4630    11
 7814   4593  4577  4598    11
 7815   4487  4479  4502    11
 7816   4608  4626  4588    11
 7817   4525  4505  4521    11
 7818   4348  4368  4361    11
 7819   4245  4258  4230    11
 7820   2846  4404  4376    11
 7821   4334  4348  4325    11
 7822   4449  4464  4442    11
 7823   4315  4347  4342    11
 7824   4395  4379  4405    11
 7825   4348  4336  4325    11
 7826   2731  4294  4268    11
 7827   4313  4308  4285    11
 7828   4251  4217  4230    11
 7829   4325  4336  4313    11
 7830   4243  4259  4284    11
 7831   4298  4321  4284    11
 7832   4193  4203  4157    11
 7833   4116  4165  4137    11
 7834   4213  4226  4255    11
 7835   4058  3972  4067    11
 7836   4236  4233  4193    11
 7837   4320  4358  4345    11
 7838   4246  4289  4278    11
 7839   4275  4237  4251    11
 7840   4156  4193  4140    11
 7841   4236  4243  4281    11
 7842   4362  4361  4379    11
 7843   4377  4387  4411    11
 7844   4632  4600  4612    11
 7845   4347  4321  4354    11
 7846   4469  4437  4441    11
 7847   4643  4604  4609    11
 7848   4597  4582  4599    11
 7849   4371  4375  4415    11
 7850   4517  4488  4501    11
 7851   4609  4574  4584    11
 7852   4534  4513  4497    11
 7853   4304  4342  4335    11
 7854   4415  4408  4438    11
 7855   4335  4375  4371    11
 7856   4518  4491  4508    11
 7857   4287  4305  4326    11
 7858   4552  4534  4571    11
 7859   4489  4459  4504    11
 7860   4439  4397  4415    11
 7861   4557  4562  4523    11
 7862   4435  4470  4423    11
 7863   4366  4402  4383    11
 7864   4504  4532  4544    11
 7865   4519  4547  4498    11
 7866   4444  4402  4419    11
 7867   4373  4350  4383    11
 7868   4223  4262  4222    11
 7869   4399  4394  4359    11
 7870   4234  4253  4214    11
 7871   4302  4311  4274    11
 7872   4143  4190  4168    11
 7873   4153  4186  4213    11
 7874   4263  4233  4273    11
 7875   4148  4194  4184    11
 7876   4345  4358  4382    11
 7877   4110  4052  4060    11
 7878   4152  4198  4183    11
 7879   4137  4186  4153    11
 7880   4194  4238  4228    11
 7881   4016  4066  4078    11
 7882   4130  4169  4179    11
 7883   4041  4098  4069    11
 7884   4222  4262  4261    11
 7885   4050  3991  4017    11
 7886   3990  3989  4041    11
 7887   3984  4039  4030    11
 7888   3983  4039  3984    11
 7889   4030  4081  4024    11
 7890   4130  4179  4133    11
 7891   3983  4043  4039    11
 7892   4093  4074  4049    11
 7893   4115  4108  4067    11
 7894   4058  3973  3972    11
 7895   4109  4116  4064    11
 7896   3980  4026  4060    11
 7897   3981  4052  3982    11
 7898   3996  4042  3997    11
 7899   4138  4160  4195    11
 7900   4098  4118  4069    11
 7901   4249  4261  4288    11
 7902   4202  4160  4168    11
 7903   4215  4216  4252    11
 7904   4146  4161  4118    11
 7905   4223  4214  4253    11
 7906   4073  4020  4040    11
 7907   4086  4080  4131    11
 7908   4160  4202  4195    11
 7909   4040  3998  4036    11
 7910   4073  4086  4123    11
 7911   4042  3996  4048    11
 7912   4114  4082  4062    11
 7913   4079  4103  4139    11
 7914   4145  4132  4094    11
 7915   4272  4265  4231    11
 7916   4208  4242  4241    11
 7917   4247  4220  4205    11
 7918   4191  4149  4185    11
 7919   4082  4114  4142    11
 7920   4047  4044  4009    11
 7921   4007  4006  4046    11
 7922   4046  4057  4105    11
 7923   4062  4023  4079    11
 7924   4180  4144  4159    11
 7925   4121  4075  4132    11
 7926   4025  4015  4014    11
 7927   4075  4038  4094    11
 7928   4063  4025  4075    11
 7929   4097  4045  4032    11
 7930   4038  4013  4045    11
 7931   4256  4270  4244    11
 7932   4317  4324  4337    11
 7933   4319  4332  4306    11
 7934   4331  4346  4324    11
 7935   4290  4306  4318    11
 7936   4390  4401  4409    11
 7937   4346  4360  4337    11
 7938   4132  4174  4159    11
 7939   4209  4229  4196    11
 7940   4331  4355  4346    11
 7941   4346  4337  4324    11
 7942   4254  4267  4239    11
 7943   4301  4295  4280    11
 7944   4462  4447  4440    11
 7945   4447  4455  4436    11
 7946   4526  4528  4549    11
 7947   4378  4369  4390    11
 7948   4384  4369  4355    11
 7949   4481  4463  4462    11
 7950   4440  4445  4468    11
 7951   4528  4511  4529    11
 7952   4509  4520  4500    11
 7953   4627  4640  4651    11
 7954   4558  4579  4568    11
 7955   4535  4540  4567    11
 7956   4602  4575  4613    11
 7957   4538  4575  4570    11
 7958   4663  4701  4684    11
 7959   4480  4451  4472    11
 7960   4341  4316  4299    11
 7961   4468  4456  4476    11
 7962   4388  4401  4384    11
 7963   4510  4535  4499    11
 7964   4546  4529  4516    11
 7965   4374  4370  4340    11
 7966   4242  4271  4241    11
 7967   4129  4112  4158    11
 7968   4167  4142  4114    11
 7969   4174  4145  4188    11
 7970   4242  4235  4282    11
 7971   4158  4197  4208    11
 7972   4319  4340  4351    11
 7973   4269  4316  4282    11
 7974   4307  4265  4272    11
 7975   4316  4309  4282    11
 7976   4319  4286  4309    11
 7977   4416  4393  4420    11
 7978   4339  4340  4309    11
 7979   4225  4260  4269    11
 7980   4341  4307  4349    11
 7981   4197  4191  4235    11
 7982   4231  4199  4240    11
 7983   4260  4265  4299    11
 7984   4218  4187  4231    11
 7985   4296  4288  4261    11
 7986   4143  4168  4119    11
 7987   4292  4252  4257    11
 7988   4195  4170  4138    11
 7989   4248  4293  4283    11
 7990   4292  4257  4279    11
 7991   4322  4314  4279    11
 7992   4333  4293  4292    11
 7993   4410  4446  4399    11
 7994   4380  4365  4333    11
 7995   4296  4291  4329    11
 7996   4359  4353  4322    11
 7997   4323  4365  4352    11
 7998   4333  4314  4353    11
 7999   4496  4538  4514    11
 8000   4707  4679  4724    11
 8001   4506  4548  4538    11
 8002   4809  4793  4767    11
 8003   4435  4399  4446    11
 8004   4452  4471  4498    11
 8005   4543  4515  4562    11
 8006   4519  4471  4489    11
 8007   4675  4679  4707    11
 8008   4689  4633  4665    11
 8009   4567  4570  4595    11
 8010   4613  4590  4635    11
 8011   4841  4828  4802    11
 8012   4701  4663  4675    11
 8013   4841  4814  4855    11
 8014   4809  4767  4777    11
 8015   4665  4614  4645    11
 8016   4984  4991  5027    11
 8017   4793  4834  4814    11
 8018   5010  5035  5055    11
 8019   4971  4954  4927    11
 8020   4765  4784  4735    11
 8021   5022  4982  4997    11
 8022   4967  4935  4982    11
 8023   5067  5097  5123    11
 8024   5007  4982  5022    11
 8025   4902  4881  4922    11
 8026   5000  4967  5007    11
 8027   5095  5126  5142    11
 8028   5000  4959  4967    11
 8029   4947  4898  4926    11
 8030   4826  4777  4795    11
 8031   4911  4959  4948    11
 8032   4839  4790  4820    11
 8033   4867  4877  4895    11
 8034   4623  4640  4615    11
 8035   4828  4841  4865    11
 8036   4889  4902  4928    11
 8037   4965  4922  4947    11
 8038   4889  4852  4865    11
 8039   5072  5031  5051    11
 8040   5066  5034  5084    11
 8041   5094  5051  5062    11
 8042   4944  4928  4902    11
 8043   4867  4895  4880    11
 8044   4885  4896  4878    11
 8045   5031  4994  5017    11
 8046   4945  4928  4969    11
 8047   4794  4791  4764    11
 8048   4731  4746  4701    11
 8049   4749  4752  4771    11
 8050   4817  4791  4794    11
 8051   4764  4730  4768    11
 8052   4731  4701  4707    11
 8053   4629  4650  4623    11
 8054   4724  4751  4707    11
 8055   4738  4772  4768    11
 8056   4595  4602  4628    11
 8057   4713  4746  4738    11
 8058   4684  4681  4654    11
 8059   4747  4764  4769    11
 8060   4705  4729  4726    11
 8061   4729  4752  4749    11
 8062   4691  4703  4716    11
 8063   4747  4752  4729    11
 8064   4789  4791  4812    11
 8065   4792  4771  4789    11
 8066   4752  4747  4769    11
 8067   4627  4639  4619    11
 8068   4742  4726  4749    11
 8069   4702  4721  4699    11
 8070   4702  4705  4726    11
 8071   4596  4619  4605    11
 8072   4762  4771  4781    11
 8073   4804  4800  4781    11
 8074   5226  5212  5163    11
 8075   5096  5063  5079    11
 8076   4917  4938  4931    11
 8077   4843  4856  4836    11
 8078   4817  4846  4837    11
 8079   4895  4924  4900    11
 8080   4895  4900  4880    11
 8081   4938  4924  4951    11
 8082   5072  5045  5031    11
 8083   5066  5078  5037    11
 8084   5015  5017  4983    11
 8085   5062  5051  5015    11
 8086   5217  5234  5180    11
 8087   5177  5132  5165    11
 8088   5115  5072  5094    11
 8089   5072  5051  5094    11
 8090   5096  5083  5063    11
 8091   5119  5079  5088    11
 8092   5029  5018  5046    11
 8093   5136  5119  5163    11
 8094   5285  5286  5216    11
 8095   5285  5216  5235    11
 8096   5283  5191  5282    11
 8097   5235  5216  5165    11
 8098   5280  5206  5279    11
 8099   5131  5172  5113    11
 8100   5126  5095  5078    11
 8101   5159  5172  5219    11
 8102   5167  5172  5131    11
 8103   5112  5078  5066    11
 8104   5121  5169  5168    11
 8105   5130  5176  5169    11
 8106   5211  5277  5278    11
 8107   5267  5268  5222    11
 8108   5042  5000  5007    11
 8109   5067  5052  5022    11
 8110   5192  5164  5147    11
 8111   5052  5042  5007    11
 8112   4997  4954  4971    11
 8113   5267  5194  5266    11
 8114   5127  5101  5145    11
 8115   5146  5222  5174    11
 8116   5268  5202  5222    11
 8117   5193  5233  5178    11
 8118   5214  5274  5215    11
 8119   5232  5273  5214    11
 8120   5270  5192  5269    11
 8121   5220  5204  5258    11
 8122   5223  5250  5188    11
 8123   5197  5151  5148    11
 8124   5209  5203  5171    11
 8125   5023  5048  5004    11
 8126   5137  5117  5082    11
 8127   5104  5070  5053    11
 8128   4941  4973  4978    11
 8129   5155  5133  5102    11
 8130   5223  5249  5250    11
 8131   5039  5053  5011    11
 8132   5004  4991  4961    11
 8133   5148  5114  5158    11
 8134   5104  5118  5070    11
 8135   5076  5104  5053    11
 8136   5098  5122  5074    11
 8137   5171  5118  5151    11
 8138   5098  5070  5118    11
 8139   5203  5143  5171    11
 8140   5101  5135  5145    11
 8141   5199  5149  5201    11
 8142   4995  4950  4976    11
 8143   5074  5033  5048    11
 8144   5178  5146  5127    11
 8145   5061  5087  5101    11
 8146   4897  4909  4863    11
 8147   4839  4815  4790    11
 8148   4937  4950  4909    11
 8149   4813  4838  4797    11
 8150   4940  4897  4903    11
 8151   4961  4934  4978    11
 8152   4984  4949  4991    11
 8153   4827  4805  4782    11
 8154   4949  4940  4903    11
 8155   4756  4735  4784    11
 8156   5016  5013  4979    11
 8157   4897  4863  4858    11
 8158   4806  4773  4756    11
 8159   4562  4586  4543    11
 8160   4756  4710  4735    11
 8161   4573  4544  4532    11
 8162   4673  4694  4645    11
 8163   4667  4692  4710    11
 8164   4625  4581  4588    11
 8165   4519  4498  4471    11
 8166   4710  4692  4735    11
 8167   4667  4626  4652    11
 8168   4873  4832  4848    11
 8169   4806  4820  4773    11
 8170   4920  4873  4893    11
 8171   4717  4735  4692    11
 8172   4717  4704  4748    11
 8173   4733  4719  4759    11
 8174   4659  4616  4647    11
 8175   4587  4544  4573    11
 8176   4647  4680  4693    11
 8177   4643  4609  4641    11
 8178   4697  4671  4664    11
 8179   4680  4643  4671    11
 8180   4750  4760  4722    11
 8181   4680  4671  4708    11
 8182   4744  4759  4719    11
 8183   4786  4819  4796    11
 8184   4827  4848  4805    11
 8185   4750  4722  4708    11
 8186   4808  4819  4786    11
 8187   4857  4835  4833    11
 8188   4956  4952  4916    11
 8189   4866  4904  4893    11
 8190   4988  4999  4952    11
 8191   4883  4875  4838    11
 8192   5070  5048  5023    11
 8193   4866  4893  4848    11
 8194   4996  5032  4988    11
 8195   5053  5023  5011    11
 8196   5085  5040  5059    11
 8197   4854  4851  4824    11
 8198   5038  4996  5005    11
 8199   5005  4972  5014    11
 8200   4925  4958  4943    11
 8201   4854  4882  4890    11
 8202   4842  4850  4830    11
 8203   4685  4700  4711    11
 8204   4860  4849  4840    11
 8205   4803  4825  4811    11
 8206   4761  4783  4763    11
 8207   4807  4799  4785    11
 8208   4711  4723  4732    11
 8209   4780  4803  4787    11
 8210   4833  4849  4857    11
 8211   4669  4646  4672    11
 8212   4700  4678  4688    11
 8213   4630  4642  4621    11
 8214   4661  4685  4672    11
 8215   4669  4638  4646    11
 8216   4696  4676  3216    11
 8217   4658  4678  4685    11
 8218   4678  4658  4668    11
 8219   4706  4714  4728    11
 8220   4668  4658  4649    11
 8221   4745  4753  4754    11
 8222   4785  4779  4770    11
 8223   4734  4741  4718    11
 8224   4753  4770  4754    11
 8225   3216  4676  3185    11
 8226   3268  3297  4737    11
 8227   3351  3380  4801    11
 8228   3351  4801  4776    11
 8229   4757  4770  4753    11
 8230   3490  4887  4862    11
 8231   3519  3547  4906    11
 8232   5060  5086  5103    11
 8233   5069  5110  5091    11
 8234   4953  4918  4932    11
 8235   4925  4943  4912    11
 8236   5058  5028  5054    11
 8237   4962  4953  4932    11
 8238   4933  4946  4972    11
 8239   5002  5028  5025    11
 8240   5144  5184  5139    11
 8241   5242  5229  5241    11
 8242   5182  5231  5185    11
 8243   3669  5002  3638    11
 8244   4958  4939  4957    11
 8245   5103  5144  5110    11
 8246   5229  5221  5179    11
 8247   5227  5245  5231    11
 8248   5221  5243  5190    11
 8249   3965  5210  3867    11
 8250   3971  4019  4067    11
 8251   3969  4021  4049    11
 8252   3970  4049  4019    11
 8253   4021  4071  4049    11
 8254   3969  3968  4021    11
 8255   4021  4037  4071    11
 8256   4071  4087  4120    11
 8257   4088  4029  2494    11
 8258   4061  3967  3966    11
 8259   4037  3968  3967    11
 8260   4029  3966  2443    11
 8261   4029  4061  3966    11
 8262   4037  4061  4087    11
 8263   4037  3967  4061    11
 8264   2443  2494  4029    11
 8265   4117  4061  4088    11
 8266   4164  4182  4200    11
 8267   4141  2611  4182    11
 8268   4189  4173  4150    11
 8269   4117  4088  4141    11
 8270   4141  4088  2537    11
 8271   4061  4029  4088    11
 8272   2611  4141  2575    11
 8273   4117  4087  4061    11
 8274   4164  4117  4141    11
 8275   4164  4150  4117    11
 8276   4135  4093  4071    11
 8277   4126  4074  4093    11
 8278   4173  4135  4120    11
 8279   4140  4193  4157    11
 8280   4173  4172  4135    11
 8281   4212  4243  4201    11
 8282   4150  4173  4120    11
 8283   4217  4237  4204    11
 8284   4087  4150  4120    11
 8285   4164  4200  4189    11
 8286   4230  4189  4200    11
 8287   4217  4173  4189    11
 8288   4221  4230  4200    11
 8289   4258  4285  4251    11
 8290   4212  4204  4237    11
 8291   4172  4173  4204    11
 8292   4275  4251  4285    11
 8293   4237  4217  4251    11
 8294   4300  4313  4285    11
 8295   4259  4212  4237    11
 8296   4285  4308  4275    11
 8297   4336  4361  4338    11
 8298   4230  4258  4251    11
 8299   4245  4268  4277    11
 8300   4325  4313  4300    11
 8301   4336  4338  4313    11
 8302   4325  4310  4334    11
 8303   4300  4277  4294    11
 8304   4245  4277  4258    11
 8305   4294  4310  4300    11
 8306   4268  4294  4277    11
 8307   4268  2707  2731    11
 8308   4221  2646  2676    11
 8309   4182  2611  2646    11
 8310   4230  4221  4245    11
 8311   4200  4182  4221    11
 8312   4294  2731  4310    11
 8313   2731  2756  4310    11
 8314   4221  2676  4245    11
 8315   2575  4141  2537    11
 8316   4404  2846  2869    11
 8317   2779  2801  4356    11
 8318   2801  2823  4376    11
 8319   4460  4448  2912    11
 8320   4428  2869  2890    11
 8321   4460  2933  4479    11
 8322   4556  4577  4560    11
 8323   4598  4577  3078    11
 8324   4634  4630  4618    11
 8325   3078  3105  4598    11
 8326   4560  4545  4541    11
 8327   4479  4467  4460    11
 8328   4541  4525  4521    11
 8329   4507  4485  4505    11
 8330   4554  4542  4527    11
 8331   4507  4505  4525    11
 8332   3003  4537  4521    11
 8333   4560  4566  4545    11
 8334   4556  4541  4537    11
 8335   4556  3026  3053    11
 8336   4537  3003  3026    11
 8337   3130  4618  3105    11
 8338   4611  4593  4598    11
 8339   4599  4593  4611    11
 8340   4583  4560  4577    11
 8341   4598  4618  4611    11
 8342   4598  3105  4618    11
 8343   4577  4556  3053    11
 8344   4560  4541  4556    11
 8345   4599  4583  4593    11
 8346   4582  4566  4583    11
 8347   4583  4566  4560    11
 8348   4582  4572  4554    11
 8349   4621  4599  4611    11
 8350   4597  4620  4592    11
 8351   4630  4621  4611    11
 8352   4661  4658  4685    11
 8353   4599  4617  4597    11
 8354   4621  4642  4636    11
 8355   4592  4620  4612    11
 8356   4661  4642  4658    11
 8357   4592  4572  4597    11
 8358   4545  4525  4541    11
 8359   4582  4597  4572    11
 8360   4617  4620  4597    11
 8361   4571  4584  4552    11
 8362   4508  4507  4527    11
 8363   4554  4545  4566    11
 8364   4527  4507  4525    11
 8365   4582  4554  4566    11
 8366   4572  4542  4554    11
 8367   4545  4527  4525    11
 8368   4485  4467  4487    11
 8369   4554  4527  4545    11
 8370   4508  4484  4507    11
 8371   4542  4518  4527    11
 8372   4417  4411  4387    11
 8373   4527  4518  4508    11
 8374   4531  4559  4551    11
 8375   4508  4491  4484    11
 8376   4475  4497  4513    11
 8377   4491  4465  4484    11
 8378   4441  4437  4417    11
 8379   4464  4465  4442    11
 8380   4469  4488  4458    11
 8381   4449  4427  4433    11
 8382   4442  4422  4427    11
 8383   4465  4464  4484    11
 8384   4442  4427  4449    11
 8385   4484  4485  4507    11
 8386   4484  4464  4485    11
 8387   4479  4487  4467    11
 8388   4505  4485  4487    11
 8389   4502  2956  2976    11
 8390   4521  4502  2976    11
 8391   4505  4487  4502    11
 8392   4449  4448  4467    11
 8393   2912  2933  4460    11
 8394   2956  4479  2933    11
 8395   2956  4502  4479    11
 8396   4467  4448  4460    11
 8397   4433  4428  4448    11
 8398   4448  4449  4433    11
 8399   4467  4464  4449    11
 8400   4433  4414  4428    11
 8401   4405  4379  4385    11
 8402   4376  4392  4368    11
 8403   4403  4405  4385    11
 8404   4392  4404  4414    11
 8405   4392  4376  4404    11
 8406   4310  4325  4300    11
 8407   4334  4356  4348    11
 8408   2801  4376  4356    11
 8409   2823  2846  4376    11
 8410   4376  4368  4356    11
 8411   4362  4379  4395    11
 8412   4356  4368  4348    11
 8413   4385  4379  4361    11
 8414   4348  4361  4336    11
 8415   4368  4385  4361    11
 8416   4392  4385  4368    11
 8417   4392  4414  4403    11
 8418   4392  4403  4385    11
 8419   4414  4427  4403    11
 8420   4427  4422  4405    11
 8421   4330  4354  4321    11
 8422   4405  4422  4395    11
 8423   4442  4465  4441    11
 8424   4298  4308  4330    11
 8425   4308  4313  4338    11
 8426   4387  4362  4395    11
 8427   4338  4361  4362    11
 8428   4108  4115  4156    11
 8429   4172  4204  4212    11
 8430   4172  4212  4166    11
 8431   4237  4275  4259    11
 8432   4308  4298  4275    11
 8433   4284  4281  4243    11
 8434   4275  4298  4259    11
 8435   4281  4273  4236    11
 8436   4212  4201  4166    11
 8437   4236  4193  4201    11
 8438   4201  4243  4236    11
 8439   4212  4259  4243    11
 8440   4028  4058  4084    11
 8441   4193  4233  4203    11
 8442   4176  4153  4213    11
 8443   4203  4233  4226    11
 8444   4165  4203  4186    11
 8445   4165  4157  4203    11
 8446   4255  4226  4263    11
 8447   4186  4203  4226    11
 8448   4281  4315  4273    11
 8449   4278  4320  4305    11
 8450   4304  4263  4273    11
 8451   4297  4255  4263    11
 8452   4321  4281  4284    11
 8453   4321  4347  4315    11
 8454   4297  4304  4335    11
 8455   4437  4411  4417    11
 8456   4263  4304  4297    11
 8457   4273  4315  4304    11
 8458   4297  4335  4328    11
 8459   4524  4483  4493    11
 8460   4342  4375  4335    11
 8461   4342  4347  4372    11
 8462   4358  4371  4397    11
 8463   4375  4372  4408    11
 8464   4342  4372  4375    11
 8465   4372  4377  4400    11
 8466   4375  4408  4415    11
 8467   4434  4411  4437    11
 8468   4372  4400  4408    11
 8469   4372  4347  4377    11
 8470   4304  4315  4342    11
 8471   4281  4321  4315    11
 8472   4387  4377  4354    11
 8473   4411  4400  4377    11
 8474   4259  4298  4284    11
 8475   4308  4338  4330    11
 8476   4298  4330  4321    11
 8477   4338  4362  4330    11
 8478   4347  4354  4377    11
 8479   4330  4362  4354    11
 8480   4362  4387  4354    11
 8481   4395  4417  4387    11
 8482   4442  4441  4422    11
 8483   4465  4491  4469    11
 8484   4422  4417  4395    11
 8485   4422  4441  4417    11
 8486   4469  4458  4437    11
 8487   4458  4434  4437    11
 8488   4518  4531  4501    11
 8489   4518  4542  4531    11
 8490   4497  4466  4488    11
 8491   4434  4400  4411    11
 8492   4465  4469  4441    11
 8493   4491  4501  4469    11
 8494   4501  4531  4517    11
 8495   4542  4572  4559    11
 8496   4551  4559  4580    11
 8497   4531  4542  4559    11
 8498   4580  4592  4612    11
 8499   4559  4572  4592    11
 8500   4571  4580  4600    11
 8501   4559  4592  4580    11
 8502   4580  4612  4600    11
 8503   4638  4660  4632    11
 8504   4469  4501  4488    11
 8505   4491  4518  4501    11
 8506   4571  4534  4551    11
 8507   4534  4517  4551    11
 8508   4580  4571  4551    11
 8509   4552  4574  4536    11
 8510   4610  4584  4600    11
 8511   4573  4604  4616    11
 8512   4600  4584  4571    11
 8513   4610  4641  4609    11
 8514   4564  4536  4574    11
 8515   4584  4610  4609    11
 8516   4671  4643  4641    11
 8517   4604  4574  4609    11
 8518   4604  4564  4574    11
 8519   4513  4534  4552    11
 8520   4574  4552  4584    11
 8521   4536  4513  4552    11
 8522   4493  4475  4513    11
 8523   4466  4438  4434    11
 8524   4517  4497  4488    11
 8525   4475  4454  4438    11
 8526   4551  4517  4531    11
 8527   4534  4497  4517    11
 8528   4488  4466  4458    11
 8529   4408  4400  4434    11
 8530   4475  4466  4497    11
 8531   4434  4458  4466    11
 8532   4415  4438  4454    11
 8533   4408  4434  4438    11
 8534   4466  4475  4438    11
 8535   4513  4536  4493    11
 8536   4397  4371  4415    11
 8537   4328  4335  4371    11
 8538   4345  4305  4320    11
 8539   4328  4371  4358    11
 8540   4358  4397  4382    11
 8541   4415  4454  4439    11
 8542   4444  4419  4459    11
 8543   4419  4397  4439    11
 8544   4489  4471  4444    11
 8545   4382  4397  4419    11
 8546   4493  4483  4454    11
 8547   4459  4419  4439    11
 8548   4483  4439  4454    11
 8549   4454  4475  4493    11
 8550   4504  4483  4532    11
 8551   4493  4536  4524    11
 8552   4524  4564  4532    11
 8553   4524  4536  4564    11
 8554   4564  4573  4532    11
 8555   4616  4587  4573    11
 8556   4677  4717  4692    11
 8557   4608  4565  4587    11
 8558   4532  4483  4524    11
 8559   4459  4439  4483    11
 8560   4565  4519  4544    11
 8561   4459  4483  4504    11
 8562   4544  4489  4504    11
 8563   4471  4429  4444    11
 8564   4587  4565  4544    11
 8565   4625  4626  4667    11
 8566   4616  4631  4587    11
 8567   4652  4626  4608    11
 8568   4588  4547  4565    11
 8569   4523  4478  4490    11
 8570   4608  4588  4565    11
 8571   4581  4601  4557    11
 8572   4533  4490  4498    11
 8573   4490  4452  4498    11
 8574   4544  4519  4489    11
 8575   4565  4547  4519    11
 8576   4410  4452  4446    11
 8577   4412  4429  4452    11
 8578   4452  4429  4471    11
 8579   4383  4343  4366    11
 8580   4489  4444  4459    11
 8581   4402  4366  4382    11
 8582   4326  4366  4343    11
 8583   4382  4419  4402    11
 8584   4429  4402  4444    11
 8585   4429  4383  4402    11
 8586   4383  4350  4343    11
 8587   4291  4262  4253    11
 8588   4412  4383  4429    11
 8589   4412  4373  4383    11
 8590   4350  4311  4343    11
 8591   4350  4373  4329    11
 8592   4234  4227  4264    11
 8593   4274  4291  4253    11
 8594   4234  4274  4253    11
 8595   4311  4291  4274    11
 8596   4250  4264  4227    11
 8597   4287  4326  4302    11
 8598   4228  4266  4250    11
 8599   4326  4343  4302    11
 8600   4264  4302  4274    11
 8601   4264  4287  4302    11
 8602   4266  4305  4287    11
 8603   4238  4206  4246    11
 8604   4266  4278  4305    11
 8605   4328  4358  4320    11
 8606   4366  4345  4382    11
 8607   4326  4305  4345    11
 8608   4328  4289  4297    11
 8609   4213  4186  4226    11
 8610   4297  4289  4255    11
 8611   4328  4320  4289    11
 8612   4250  4266  4287    11
 8613   4238  4278  4266    11
 8614   4246  4278  4238    11
 8615   4289  4320  4278    11
 8616   4184  4194  4228    11
 8617   4238  4266  4228    11
 8618   4246  4213  4255    11
 8619   4206  4155  4176    11
 8620   4213  4246  4206    11
 8621   4255  4289  4246    11
 8622   4206  4176  4213    11
 8623   4155  4104  4128    11
 8624   4210  4169  4184    11
 8625   4155  4206  4194    11
 8626   4179  4169  4210    11
 8627   4091  4083  4039    11
 8628   4210  4184  4228    11
 8629   4136  4130  4091    11
 8630   4152  4179  4198    11
 8631   4234  4264  4274    11
 8632   4210  4227  4179    11
 8633   4210  4250  4227    11
 8634   4264  4250  4287    11
 8635   4210  4228  4250    11
 8636   4183  4198  4234    11
 8637   4179  4227  4198    11
 8638   4183  4234  4214    11
 8639   4198  4227  4234    11
 8640   4090  4078  4127    11
 8641   4152  4133  4179    11
 8642   4162  4183  4214    11
 8643   4162  4127  4183    11
 8644   4125  4127  4162    11
 8645   4111  4152  4127    11
 8646   4081  4133  4111    11
 8647   4081  4083  4133    11
 8648   4127  4152  4183    11
 8649   4111  4133  4152    11
 8650   4053  3988  4031    11
 8651   4066  3986  4024    11
 8652   4098  4053  4090    11
 8653   4031  3988  3987    11
 8654   4098  4125  4146    11
 8655   4090  4127  4125    11
 8656   4125  4098  4090    11
 8657   3987  4016  4031    11
 8658   4090  4031  4078    11
 8659   4090  4053  4031    11
 8660   4030  3985  3984    11
 8661   4024  3986  3985    11
 8662   4066  4111  4078    11
 8663   4031  4016  4078    11
 8664   3987  3986  4016    11
 8665   3986  4066  4016    11
 8666   4024  4081  4066    11
 8667   4110  4104  4155    11
 8668   4148  4184  4136    11
 8669   3982  4043  3983    11
 8670   3985  4030  4024    11
 8671   4083  4130  4133    11
 8672   3979  4035  4026    11
 8673   3980  4060  3981    11
 8674   3979  4026  3980    11
 8675   4128  4153  4176    11
 8676   3981  4060  4052    11
 8677   4110  4155  4148    11
 8678   4104  4110  4060    11
 8679   4043  4052  4096    11
 8680   4039  4083  4030    11
 8681   4039  4043  4091    11
 8682   4136  4091  4096    11
 8683   4130  4083  4091    11
 8684   4169  4136  4184    11
 8685   4169  4130  4136    11
 8686   4096  4148  4136    11
 8687   4155  4194  4148    11
 8688   4026  4104  4060    11
 8689   4070  4035  4101    11
 8690   4096  4110  4148    11
 8691   4096  4052  4110    11
 8692   4128  4101  4153    11
 8693   4101  4106  4153    11
 8694   4070  4101  4128    11
 8695   4022  3977  3976    11
 8696   4155  4128  4176    11
 8697   4104  4070  4128    11
 8698   3977  4022  4059    11
 8699   4137  4153  4106    11
 8700   4064  4054  4109    11
 8701   4157  4165  4116    11
 8702   4077  4137  4106    11
 8703   4165  4186  4137    11
 8704   4109  4140  4157    11
 8705   4157  4116  4109    11
 8706   4074  4126  4115    11
 8707   4093  4135  4126    11
 8708   4201  4156  4166    11
 8709   4201  4193  4156    11
 8710   4019  4074  4067    11
 8711   4156  4140  4108    11
 8712   4166  4115  4126    11
 8713   4166  4156  4115    11
 8714   3973  4058  4028    11
 8715   4108  4140  4084    11
 8716   4054  4028  4084    11
 8717   4084  4140  4109    11
 8718   3974  4054  3975    11
 8719   4077  4106  4059    11
 8720   4108  4058  4067    11
 8721   4108  4084  4058    11
 8722   4067  4074  4115    11
 8723   4019  4049  4074    11
 8724   3970  4019  3971    11
 8725   4067  3972  3971    11
 8726   4109  4054  4084    11
 8727   3974  3973  4028    11
 8728   3975  4054  4064    11
 8729   3974  4028  4054    11
 8730   4064  3976  3975    11
 8731   4059  4106  4101    11
 8732   4064  4022  3976    11
 8733   4064  4116  4077    11
 8734   4064  4077  4022    11
 8735   4116  4137  4077    11
 8736   3979  3978  4035    11
 8737   4022  4077  4059    11
 8738   4026  4070  4104    11
 8739   4026  4035  4070    11
 8740   4059  4035  3978    11
 8741   3977  4059  3978    11
 8742   3995  4056  4048    11
 8743   4050  4092  4068    11
 8744   4050  4068  4018    11
 8745   3991  4050  3992    11
 8746   4041  3989  4053    11
 8747   4041  4069  4017    11
 8748   4017  4069  4050    11
 8749   4119  4068  4092    11
 8750   4119  4134  4085    11
 8751   3990  4017  3991    11
 8752   3990  4041  4017    11
 8753   3992  4018  3993    11
 8754   3992  4050  4018    11
 8755   4118  4098  4146    11
 8756   4041  4053  4098    11
 8757   4146  4181  4192    11
 8758   4146  4125  4181    11
 8759   4146  4192  4161    11
 8760   4181  4214  4223    11
 8761   4134  4119  4168    11
 8762   4161  4192  4190    11
 8763   4222  4190  4192    11
 8764   4219  4249  4202    11
 8765   4143  4119  4092    11
 8766   4168  4160  4134    11
 8767   4118  4143  4092    11
 8768   4161  4190  4143    11
 8769   4124  4089  4138    11
 8770   4085  4068  4119    11
 8771   4107  4134  4160    11
 8772   4107  4085  4134    11
 8773   4190  4219  4168    11
 8774   4257  4252  4216    11
 8775   4232  4257  4216    11
 8776   4216  4170  4195    11
 8777   4202  4232  4195    11
 8778   4215  4207  4171    11
 8779   4175  4124  4170    11
 8780   4036  3998  3997    11
 8781   4124  4138  4170    11
 8782   4107  4160  4138    11
 8783   4138  4089  4107    11
 8784   4080  4086  4036    11
 8785   4107  4048  4056    11
 8786   4089  4042  4048    11
 8787   4056  4085  4107    11
 8788   4056  3994  4027    11
 8789   4027  4085  4056    11
 8790   3993  4027  3994    11
 8791   3993  4018  4027    11
 8792   4056  3995  3994    11
 8793   4048  3996  3995    11
 8794   4124  4080  4089    11
 8795   4036  3997  4042    11
 8796   4123  4113  4073    11
 8797   4065  4001  4000    11
 8798   4080  4036  4042    11
 8799   4040  3999  3998    11
 8800   4113  4065  4073    11
 8801   4051  4001  4065    11
 8802   4086  4040  4036    11
 8803   4086  4073  4040    11
 8804   4163  4113  4123    11
 8805   4065  4020  4073    11
 8806   4089  4080  4042    11
 8807   4124  4131  4080    11
 8808   4216  4175  4170    11
 8809   4123  4086  4131    11
 8810   4171  4175  4215    11
 8811   4131  4124  4175    11
 8812   4248  4207  4215    11
 8813   4199  4163  4207    11
 8814   4216  4215  4175    11
 8815   4252  4293  4248    11
 8816   4154  4139  4103    11
 8817   4079  4114  4062    11
 8818   4163  4171  4207    11
 8819   4123  4131  4171    11
 8820   4103  4113  4154    11
 8821   4167  4218  4185    11
 8822   4163  4154  4113    11
 8823   4167  4185  4142    11
 8824   4199  4154  4163    11
 8825   4199  4187  4154    11
 8826   4235  4191  4225    11
 8827   4167  4114  4139    11
 8828   4260  4218  4265    11
 8829   4225  4185  4218    11
 8830   4149  4142  4185    11
 8831   4149  4099  4142    11
 8832   4187  4167  4139    11
 8833   4187  4218  4167    11
 8834   4057  4005  4033    11
 8835   4004  4003  4062    11
 8836   4051  4103  4079    11
 8837   4139  4114  4079    11
 8838   4023  4051  4079    11
 8839   4065  4113  4103    11
 8840   4103  4051  4065    11
 8841   4023  4002  4051    11
 8842   4006  4005  4057    11
 8843   4099  4082  4142    11
 8844   4004  4033  4005    11
 8845   4062  4082  4033    11
 8846   4062  4033  4004    11
 8847   4002  4023  4003    11
 8848   4023  4062  4003    11
 8849   4001  4051  4002    11
 8850   4020  4000  3999    11
 8851   4020  4065  4000    11
 8852   4038  4014  4013    11
 8853   4075  4025  4038    11
 8854   4063  4015  4025    11
 8855   4075  4094  4132    11
 8856   4038  4045  4094    11
 8857   4063  4075  4102    11
 8858   4196  4180  4159    11
 8859   4196  4211  4180    11
 8860   4144  4121  4159    11
 8861   4144  4102  4121    11
 8862   4151  4129  4178    11
 8863   4177  4205  4220    11
 8864   4209  4174  4188    11
 8865   4196  4159  4174    11
 8866   4177  4188  4145    11
 8867   4224  4244  4209    11
 8868   4229  4209  4244    11
 8869   4196  4174  4209    11
 8870   4072  4034  4100    11
 8871   4276  4256  4247    11
 8872   4241  4205  4208    11
 8873   4097  4145  4094    11
 8874   4151  4205  4177    11
 8875   4178  4208  4205    11
 8876   4072  4100  4122    11
 8877   4122  4151  4177    11
 8878   4044  4076  4100    11
 8879   4112  4055  4095    11
 8880   4129  4151  4100    11
 8881   4177  4145  4122    11
 8882   4205  4151  4178    11
 8883   4122  4100  4151    11
 8884   4145  4097  4122    11
 8885   4094  4045  4097    11
 8886   4034  4011  4010    11
 8887   4032  4012  4011    11
 8888   4045  4012  4032    11
 8889   4045  4013  4012    11
 8890   4044  4034  4010    11
 8891   4011  4034  4032    11
 8892   4010  4009  4044    11
 8893   4076  4044  4047    11
 8894   4100  4034  4044    11
 8895   4097  4072  4122    11
 8896   4032  4034  4072    11
 8897   4055  4112  4047    11
 8898   4129  4100  4076    11
 8899   4009  4008  4047    11
 8900   4008  4055  4047    11
 8901   4105  4057  4099    11
 8902   4055  4007  4046    11
 8903   4008  4007  4055    11
 8904   4006  4057  4046    11
 8905   4033  4082  4099    11
 8906   4147  4095  4105    11
 8907   4055  4046  4095    11
 8908   4105  4099  4149    11
 8909   4057  4033  4099    11
 8910   4147  4105  4149    11
 8911   4095  4046  4105    11
 8912   4076  4112  4129    11
 8913   4076  4047  4112    11
 8914   4178  4158  4208    11
 8915   4112  4095  4147    11
 8916   4242  4197  4235    11
 8917   4158  4147  4197    11
 8918   4191  4147  4149    11
 8919   4158  4112  4147    11
 8920   4225  4191  4185    11
 8921   4197  4147  4191    11
 8922   4177  4220  4188    11
 8923   4247  4241  4286    11
 8924   4224  4256  4244    11
 8925   4303  4324  4301    11
 8926   4239  4229  4254    11
 8927   4270  4303  4280    11
 8928   4290  4303  4270    11
 8929   4363  4332  4351    11
 8930   4290  4318  4303    11
 8931   4290  4276  4306    11
 8932   4303  4331  4324    11
 8933   4318  4332  4344    11
 8934   4331  4344  4355    11
 8935   4331  4318  4344    11
 8936   4332  4363  4344    11
 8937   4381  4370  4396    11
 8938   4388  4406  4401    11
 8939   4421  4409  4401    11
 8940   4398  4390  4409    11
 8941   4384  4355  4367    11
 8942   4436  4430  4447    11
 8943   4409  4421  4430    11
 8944   4398  4378  4390    11
 8945   4360  4346  4369    11
 8946   4388  4384  4367    11
 8947   4401  4390  4384    11
 8948   4295  4301  4317    11
 8949   4430  4418  4409    11
 8950   4409  4418  4398    11
 8951   4430  4436  4418    11
 8952   4360  4369  4378    11
 8953   4280  4295  4267    11
 8954   4303  4301  4280    11
 8955   4324  4317  4301    11
 8956   4270  4254  4244    11
 8957   4239  4211  4229    11
 8958   4244  4254  4229    11
 8959   4280  4267  4254    11
 8960   4596  4605  4585    11
 8961   4589  4596  4579    11
 8962   4619  4624  4605    11
 8963   4606  4619  4596    11
 8964   4606  4627  4619    11
 8965   4553  4549  4528    11
 8966   4549  4558  4539    11
 8967   4539  4558  4550    11
 8968   4539  4550  4530    11
 8969   4455  4463  4474    11
 8970   4509  4511  4528    11
 8971   4500  4520  4512    11
 8972   4520  4530  4512    11
 8973   4486  4500  4481    11
 8974   4481  4474  4463    11
 8975   4530  4520  4539    11
 8976   4512  4494  4500    11
 8977   4474  4481  4494    11
 8978   4486  4492  4509    11
 8979   4440  4447  4430    11
 8980   4463  4455  4447    11
 8981   4486  4481  4462    11
 8982   4500  4494  4481    11
 8983   4424  4440  4421    11
 8984   4462  4463  4447    11
 8985   4468  4462  4440    11
 8986   4468  4492  4486    11
 8987   4468  4486  4462    11
 8988   4492  4511  4509    11
 8989   4526  4509  4528    11
 8990   4500  4486  4509    11
 8991   4569  4549  4553    11
 8992   4539  4520  4526    11
 8993   4539  4526  4549    11
 8994   4520  4509  4526    11
 8995   4585  4568  4579    11
 8996   4568  4550  4558    11
 8997   4585  4579  4596    11
 8998   4558  4549  4569    11
 8999   4615  4606  4589    11
 9000   4639  4651  4657    11
 9001   4576  4569  4553    11
 9002   4579  4558  4569    11
 9003   4594  4615  4589    11
 9004   4606  4596  4589    11
 9005   4576  4594  4589    11
 9006   4594  4623  4615    11
 9007   4529  4553  4528    11
 9008   4555  4576  4553    11
 9009   4569  4576  4589    11
 9010   4629  4603  4622    11
 9011   4555  4578  4576    11
 9012   4546  4516  4535    11
 9013   4578  4594  4576    11
 9014   4622  4591  4595    11
 9015   4578  4603  4594    11
 9016   4629  4656  4650    11
 9017   4594  4603  4623    11
 9018   4578  4591  4603    11
 9019   4628  4622  4595    11
 9020   4570  4575  4602    11
 9021   4629  4622  4654    11
 9022   4603  4591  4622    11
 9023   4595  4570  4602    11
 9024   4540  4538  4570    11
 9025   4637  4628  4602    11
 9026   4591  4563  4567    11
 9027   4578  4563  4591    11
 9028   4535  4510  4540    11
 9029   4591  4567  4595    11
 9030   4563  4535  4567    11
 9031   4514  4510  4482    11
 9032   4451  4480  4456    11
 9033   4496  4482  4457    11
 9034   4480  4499  4516    11
 9035   4540  4514  4538    11
 9036   4540  4510  4514    11
 9037   4477  4443  4450    11
 9038   4374  4339  4357    11
 9039   4425  4457  4420    11
 9040   4482  4450  4457    11
 9041   4482  4477  4450    11
 9042   4426  4407  4396    11
 9043   4510  4477  4482    11
 9044   4510  4499  4477    11
 9045   4477  4472  4443    11
 9046   4406  4431  4424    11
 9047   4443  4472  4451    11
 9048   4477  4499  4472    11
 9049   4546  4535  4563    11
 9050   4516  4499  4535    11
 9051   4492  4503  4511    11
 9052   4480  4472  4499    11
 9053   4578  4546  4563    11
 9054   4555  4529  4546    11
 9055   4401  4424  4421    11
 9056   4456  4468  4445    11
 9057   4476  4480  4503    11
 9058   4476  4456  4480    11
 9059   4431  4445  4424    11
 9060   4445  4440  4424    11
 9061   4374  4396  4370    11
 9062   4451  4456  4431    11
 9063   4426  4431  4407    11
 9064   4456  4445  4431    11
 9065   4370  4381  4351    11
 9066   4406  4424  4401    11
 9067   4363  4388  4367    11
 9068   4381  4407  4406    11
 9069   4381  4406  4388    11
 9070   4407  4431  4406    11
 9071   4381  4363  4351    11
 9072   4381  4388  4363    11
 9073   4188  4220  4224    11
 9074   4205  4241  4247    11
 9075   4270  4256  4290    11
 9076   4224  4220  4256    11
 9077   4276  4247  4286    11
 9078   4256  4220  4247    11
 9079   4306  4276  4286    11
 9080   4290  4256  4276    11
 9081   4319  4306  4286    11
 9082   4332  4318  4306    11
 9083   4340  4319  4309    11
 9084   4351  4332  4319    11
 9085   4316  4339  4309    11
 9086   4370  4351  4340    11
 9087   4309  4271  4282    11
 9088   4208  4197  4242    11
 9089   4282  4271  4242    11
 9090   4309  4286  4271    11
 9091   4269  4260  4299    11
 9092   4225  4218  4260    11
 9093   4316  4269  4299    11
 9094   4282  4235  4269    11
 9095   4341  4357  4316    11
 9096   4374  4340  4339    11
 9097   4389  4425  4386    11
 9098   4420  4450  4416    11
 9099   4316  4357  4339    11
 9100   4420  4457  4450    11
 9101   4393  4374  4357    11
 9102   4396  4407  4381    11
 9103   4341  4386  4357    11
 9104   4450  4443  4416    11
 9105   4393  4416  4374    11
 9106   4426  4451  4431    11
 9107   4416  4426  4396    11
 9108   4443  4451  4426    11
 9109   4426  4416  4443    11
 9110   4396  4374  4416    11
 9111   4357  4386  4393    11
 9112   4391  4352  4365    11
 9113   4393  4386  4420    11
 9114   4349  4352  4389    11
 9115   4420  4386  4425    11
 9116   4386  4341  4349    11
 9117   4380  4413  4365    11
 9118   4432  4461  4425    11
 9119   4394  4380  4353    11
 9120   4394  4423  4380    11
 9121   4312  4323  4352    11
 9122   4293  4333  4323    11
 9123   4386  4349  4389    11
 9124   4341  4299  4307    11
 9125   4349  4312  4352    11
 9126   4272  4283  4312    11
 9127   4218  4231  4265    11
 9128   4187  4199  4231    11
 9129   4349  4307  4312    11
 9130   4299  4265  4307    11
 9131   4231  4240  4272    11
 9132   4199  4207  4240    11
 9133   4252  4248  4215    11
 9134   4283  4240  4248    11
 9135   4195  4232  4216    11
 9136   4279  4314  4292    11
 9137   4333  4292  4314    11
 9138   4293  4252  4292    11
 9139   4262  4296  4261    11
 9140   4322  4279  4288    11
 9141   4168  4219  4202    11
 9142   4279  4257  4232    11
 9143   4232  4249  4279    11
 9144   4232  4202  4249    11
 9145   4222  4219  4190    11
 9146   4261  4249  4219    11
 9147   4223  4222  4192    11
 9148   4261  4219  4222    11
 9149   4181  4223  4192    11
 9150   4253  4262  4223    11
 9151   4350  4329  4311    11
 9152   4288  4327  4322    11
 9153   4311  4329  4291    11
 9154   4364  4359  4327    11
 9155   4291  4296  4262    11
 9156   4327  4359  4322    11
 9157   4329  4327  4296    11
 9158   4329  4373  4364    11
 9159   4333  4353  4380    11
 9160   4314  4322  4353    11
 9161   4364  4399  4359    11
 9162   4423  4453  4413    11
 9163   4329  4364  4327    11
 9164   4373  4412  4410    11
 9165   4373  4410  4364    11
 9166   4446  4478  4435    11
 9167   4364  4410  4399    11
 9168   4412  4452  4410    11
 9169   4490  4478  4446    11
 9170   4523  4515  4478    11
 9171   4452  4490  4446    11
 9172   4498  4547  4533    11
 9173   4473  4453  4495    11
 9174   4561  4522  4543    11
 9175   4470  4495  4453    11
 9176   4557  4523  4533    11
 9177   4399  4435  4394    11
 9178   4470  4453  4423    11
 9179   4470  4435  4478    11
 9180   4423  4394  4435    11
 9181   4365  4413  4391    11
 9182   4380  4423  4413    11
 9183   4391  4432  4389    11
 9184   4391  4413  4432    11
 9185   4389  4432  4425    11
 9186   4413  4453  4432    11
 9187   4425  4461  4457    11
 9188   4432  4453  4473    11
 9189   4482  4496  4514    11
 9190   4461  4473  4506    11
 9191   4522  4506  4473    11
 9192   4461  4432  4473    11
 9193   4496  4506  4538    11
 9194   4473  4495  4522    11
 9195   4561  4548  4522    11
 9196   4495  4470  4515    11
 9197   4543  4522  4495    11
 9198   4561  4586  4607    11
 9199   4538  4548  4575    11
 9200   4506  4522  4548    11
 9201   4548  4590  4575    11
 9202   4635  4679  4648    11
 9203   4602  4613  4637    11
 9204   4575  4590  4613    11
 9205   4586  4561  4543    11
 9206   4590  4548  4561    11
 9207   4561  4607  4590    11
 9208   4586  4614  4633    11
 9209   4667  4673  4625    11
 9210   4766  4743  4790    11
 9211   4495  4515  4543    11
 9212   4470  4478  4515    11
 9213   4586  4562  4614    11
 9214   4515  4523  4562    11
 9215   4588  4581  4547    11
 9216   4523  4490  4533    11
 9217   4547  4581  4533    11
 9218   4601  4562  4557    11
 9219   4533  4581  4557    11
 9220   4588  4626  4625    11
 9221   4645  4601  4625    11
 9222   4614  4562  4601    11
 9223   4673  4645  4625    11
 9224   4601  4581  4625    11
 9225   4601  4645  4614    11
 9226   4766  4790  4815    11
 9227   4710  4673  4667    11
 9228   4806  4756  4784    11
 9229   4767  4724  4727    11
 9230   4725  4673  4710    11
 9231   4712  4689  4665    11
 9232   4633  4614  4665    11
 9233   4665  4694  4712    11
 9234   4665  4645  4694    11
 9235   4689  4686  4653    11
 9236   4607  4586  4633    11
 9237   4607  4635  4590    11
 9238   4607  4633  4653    11
 9239   4613  4648  4637    11
 9240   4613  4635  4648    11
 9241   4739  4727  4689    11
 9242   4679  4635  4686    11
 9243   4751  4724  4767    11
 9244   4679  4686  4724    11
 9245   4635  4653  4686    11
 9246   4635  4607  4653    11
 9247   4633  4689  4653    11
 9248   4727  4777  4767    11
 9249   4712  4739  4689    11
 9250   4712  4743  4766    11
 9251   4777  4727  4739    11
 9252   4724  4686  4727    11
 9253   4802  4774  4814    11
 9254   4751  4767  4793    11
 9255   4874  4859  4826    11
 9256   4834  4793  4809    11
 9257   4855  4834  4876    11
 9258   4855  4814  4834    11
 9259   4844  4795  4815    11
 9260   4777  4739  4795    11
 9261   4923  4967  4959    11
 9262   4809  4777  4826    11
 9263   4861  4815  4839    11
 9264   4795  4766  4815    11
 9265   4694  4743  4712    11
 9266   4725  4710  4756    11
 9267   4739  4766  4795    11
 9268   4739  4712  4766    11
 9269   4694  4725  4743    11
 9270   4694  4673  4725    11
 9271   4743  4773  4790    11
 9272   4725  4756  4773    11
 9273   4863  4839  4820    11
 9274   4790  4773  4820    11
 9275   4858  4863  4820    11
 9276   4907  4935  4891    11
 9277   4940  4937  4897    11
 9278   4884  4839  4863    11
 9279   4884  4861  4839    11
 9280   4891  4874  4844    11
 9281   4909  4884  4863    11
 9282   4927  4907  4884    11
 9283   4907  4891  4861    11
 9284   4911  4923  4959    11
 9285   4884  4907  4861    11
 9286   4927  4954  4907    11
 9287   4979  4976  4937    11
 9288   4927  4884  4909    11
 9289   5020  5041  4997    11
 9290   4927  4909  4950    11
 9291   5044  5013  5016    11
 9292   5056  5100  5071    11
 9293   5013  5030  4995    11
 9294   4954  4982  4935    11
 9295   5020  4997  4971    11
 9296   5041  5022  4997    11
 9297   5030  5020  4995    11
 9298   5071  5041  5020    11
 9299   4982  4954  4997    11
 9300   4935  4907  4954    11
 9301   4995  4971  4950    11
 9302   4995  5020  4971    11
 9303   4968  4948  4993    11
 9304   4859  4834  4809    11
 9305   4989  4968  5010    11
 9306   4876  4898  4855    11
 9307   5042  5036  5000    11
 9308   4993  4959  5000    11
 9309   5010  4968  4993    11
 9310   4947  4922  4898    11
 9311   5035  5010  4993    11
 9312   5055  5034  5010    11
 9313   4876  4926  4898    11
 9314   4968  4989  4947    11
 9315   4993  4948  4959    11
 9316   4968  4926  4948    11
 9317   4859  4911  4899    11
 9318   4948  4926  4899    11
 9319   4859  4874  4911    11
 9320   4891  4935  4923    11
 9321   4874  4923  4911    11
 9322   4935  4967  4923    11
 9323   4891  4844  4861    11
 9324   4826  4795  4844    11
 9325   4844  4874  4826    11
 9326   4891  4923  4874    11
 9327   4876  4859  4899    11
 9328   4809  4826  4859    11
 9329   4859  4876  4834    11
 9330   4899  4926  4876    11
 9331   4881  4865  4841    11
 9332   4852  4821  4828    11
 9333   4794  4798  4821    11
 9334   4798  4802  4828    11
 9335   4828  4865  4852    11
 9336   4841  4855  4881    11
 9337   4881  4902  4865    11
 9338   4910  4929  4895    11
 9339   4898  4881  4855    11
 9340   4898  4922  4881    11
 9341   4944  4902  4922    11
 9342   4889  4865  4902    11
 9343   4968  4947  4926    11
 9344   4989  4965  4947    11
 9345   5008  4965  4989    11
 9346   4944  4986  4969    11
 9347   5010  5034  4989    11
 9348   4960  4983  4994    11
 9349   5008  4986  4965    11
 9350   5037  5078  5050    11
 9351   5008  5037  4986    11
 9352   5050  5062  5015    11
 9353   4965  4944  4922    11
 9354   4986  5012  4969    11
 9355   4944  4969  4928    11
 9356   4969  5015  4983    11
 9357   4981  4951  4960    11
 9358   4910  4895  4877    11
 9359   4994  4983  5017    11
 9360   4945  4969  4983    11
 9361   5037  5050  5012    11
 9362   5051  5017  5015    11
 9363   5019  4992  5003    11
 9364   4960  4945  4983    11
 9365   5046  5018  5045    11
 9366   4981  4994  5009    11
 9367   4951  4929  4960    11
 9368   4981  4960  4994    11
 9369   4951  4924  4929    11
 9370   4960  4929  4945    11
 9371   4924  4895  4929    11
 9372   4889  4877  4852    11
 9373   4889  4910  4877    11
 9374   4928  4910  4889    11
 9375   4928  4945  4910    11
 9376   4852  4846  4821    11
 9377   4769  4771  4752    11
 9378   4821  4846  4817    11
 9379   4852  4877  4846    11
 9380   4867  4837  4846    11
 9381   4864  4878  4856    11
 9382   4853  4867  4880    11
 9383   4846  4877  4867    11
 9384   4837  4812  4817    11
 9385   4810  4792  4789    11
 9386   4791  4769  4764    11
 9387   4789  4771  4769    11
 9388   4791  4789  4769    11
 9389   4812  4810  4789    11
 9390   4716  4730  4747    11
 9391   4738  4768  4730    11
 9392   4716  4747  4729    11
 9393   4730  4764  4747    11
 9394   4768  4794  4764    11
 9395   4817  4812  4791    11
 9396   4798  4794  4768    11
 9397   4821  4817  4794    11
 9398   4821  4798  4828    11
 9399   4772  4738  4746    11
 9400   4772  4802  4798    11
 9401   4814  4841  4802    11
 9402   4774  4751  4793    11
 9403   4731  4707  4751    11
 9404   4751  4774  4731    11
 9405   4793  4814  4774    11
 9406   4774  4746  4731    11
 9407   4774  4802  4772    11
 9408   4768  4772  4798    11
 9409   4746  4774  4772    11
 9410   4681  4709  4703    11
 9411   4738  4730  4709    11
 9412   4628  4663  4654    11
 9413   4701  4746  4713    11
 9414   4684  4713  4709    11
 9415   4684  4701  4713    11
 9416   4654  4663  4684    11
 9417   4637  4648  4675    11
 9418   4679  4675  4648    11
 9419   4707  4701  4675    11
 9420   4663  4628  4637    11
 9421   4654  4622  4628    11
 9422   4656  4681  4674    11
 9423   4684  4709  4681    11
 9424   4681  4656  4654    11
 9425   4623  4603  4629    11
 9426   4650  4656  4674    11
 9427   4629  4654  4656    11
 9428   4681  4703  4674    11
 9429   4709  4730  4703    11
 9430   4666  4691  4687    11
 9431   4674  4703  4691    11
 9432   4705  4716  4729    11
 9433   4703  4730  4716    11
 9434   4691  4666  4674    11
 9435   4640  4623  4650    11
 9436   4670  4651  4666    11
 9437   4640  4650  4666    11
 9438   4666  4651  4640    11
 9439   4666  4687  4670    11
 9440   4615  4627  4606    11
 9441   4615  4640  4627    11
 9442   4624  4639  4644    11
 9443   4627  4651  4639    11
 9444   4705  4702  4687    11
 9445   4644  4639  4657    11
 9446   4683  4670  4687    11
 9447   4657  4651  4670    11
 9448   4657  4670  4683    11
 9449   4691  4705  4687    11
 9450   4691  4716  4705    11
 9451   4755  4742  4762    11
 9452   4726  4729  4749    11
 9453   4804  4781  4792    11
 9454   4781  4771  4792    11
 9455   4810  4804  4792    11
 9456   4762  4749  4771    11
 9457   4823  4804  4810    11
 9458   4683  4687  4702    11
 9459   4778  4762  4781    11
 9460   4755  4736  4742    11
 9461   4736  4721  4742    11
 9462   4762  4742  4749    11
 9463   4736  4720  4721    11
 9464   4781  4800  4778    11
 9465   4778  4755  4762    11
 9466   4721  4726  4742    11
 9467   4702  4699  4683    11
 9468   4699  4721  4720    11
 9469   4702  4726  4721    11
 9470   4683  4662  4657    11
 9471   4683  4682  4662    11
 9472   4683  4699  4682    11
 9473   4908  4917  4931    11
 9474   4990  4975  4964    11
 9475   5029  5047  5019    11
 9476   5063  5047  5029    11
 9477   5009  5018  4990    11
 9478   4990  5003  4975    11
 9479   5029  5019  5003    11
 9480   4885  4908  4896    11
 9481   4931  4955  4942    11
 9482   4975  4992  4966    11
 9483   4843  4864  4856    11
 9484   4804  4818  4800    11
 9485   4804  4823  4818    11
 9486   4836  4818  4823    11
 9487   4810  4831  4823    11
 9488   4847  4853  4870    11
 9489   4847  4864  4843    11
 9490   4892  4900  4917    11
 9491   4870  4892  4885    11
 9492   4908  4919  4896    11
 9493   4892  4908  4885    11
 9494   4900  4924  4917    11
 9495   4864  4870  4885    11
 9496   4880  4900  4892    11
 9497   4831  4847  4823    11
 9498   4843  4836  4823    11
 9499   4823  4847  4843    11
 9500   4870  4880  4892    11
 9501   4812  4831  4810    11
 9502   4837  4853  4831    11
 9503   4831  4853  4847    11
 9504   4837  4867  4853    11
 9505   4847  4870  4864    11
 9506   4853  4880  4870    11
 9507   4938  4917  4924    11
 9508   4908  4892  4917    11
 9509   4981  4964  4951    11
 9510   4931  4919  4908    11
 9511   4955  4931  4938    11
 9512   4942  4919  4931    11
 9513   4964  4975  4955    11
 9514   4966  4942  4955    11
 9515   4955  4975  4966    11
 9516   4955  4938  4964    11
 9517   5045  5018  5009    11
 9518   5029  5003  5018    11
 9519   4951  4964  4938    11
 9520   4990  5018  5003    11
 9521   4981  4990  4964    11
 9522   4981  5009  4990    11
 9523   5012  5050  5015    11
 9524   5180  5126  5162    11
 9525   5078  5095  5050    11
 9526   5106  5142  5161    11
 9527   5106  5094  5062    11
 9528   5115  5132  5088    11
 9529   5050  5095  5062    11
 9530   5161  5191  5224    11
 9531   5062  5095  5106    11
 9532   5078  5112  5126    11
 9533   5162  5126  5112    11
 9534   5180  5234  5191    11
 9535   5191  5142  5180    11
 9536   5106  5095  5142    11
 9537   5126  5180  5142    11
 9538   5162  5217  5180    11
 9539   5206  5217  5162    11
 9540   5281  5234  5217    11
 9541   5282  5191  5234    11
 9542   5161  5138  5106    11
 9543   5284  5285  5235    11
 9544   5138  5094  5106    11
 9545   5235  5165  5187    11
 9546   5165  5132  5115    11
 9547   5191  5161  5142    11
 9548   5224  5187  5161    11
 9549   5187  5165  5138    11
 9550   5216  5226  5177    11
 9551   5161  5187  5138    11
 9552   5224  5235  5187    11
 9553   5163  5132  5177    11
 9554   5288  5212  5287    11
 9555   5183  5136  5163    11
 9556   5183  5163  5212    11
 9557   5119  5132  5163    11
 9558   5216  5177  5165    11
 9559   5226  5163  5177    11
 9560   5153  5116  5136    11
 9561   5119  5088  5132    11
 9562   5079  5063  5046    11
 9563   5138  5115  5094    11
 9564   5138  5165  5115    11
 9565   4994  5031  5009    11
 9566   5017  5051  5031    11
 9567   5088  5072  5115    11
 9568   5088  5045  5072    11
 9569   5088  5079  5045    11
 9570   5063  5029  5046    11
 9571   5045  5079  5046    11
 9572   5119  5136  5096    11
 9573   5116  5083  5096    11
 9574   5047  5063  5083    11
 9575   5119  5096  5079    11
 9576   5136  5116  5096    11
 9577   5136  5183  5153    11
 9578   5195  5153  5183    11
 9579   5183  5212  5238    11
 9580   5289  5238  5288    11
 9581   5195  5183  5238    11
 9582   5195  5238  5289    11
 9583   5216  5286  5226    11
 9584   5286  5287  5226    11
 9585   5288  5238  5212    11
 9586   5212  5226  5287    11
 9587   5224  5284  5235    11
 9588   5224  5283  5284    11
 9589   5280  5281  5217    11
 9590   5283  5224  5191    11
 9591   5211  5213  5277    11
 9592   5213  5157  5205    11
 9593   5278  5219  5211    11
 9594   5213  5276  5277    11
 9595   5219  5278  5279    11
 9596   5206  5280  5217    11
 9597   5172  5167  5211    11
 9598   5167  5213  5211    11
 9599   5167  5157  5213    11
 9600   5213  5205  5276    11
 9601   5219  5172  5211    11
 9602   5215  5169  5214    11
 9603   5206  5159  5219    11
 9604   5159  5113  5172    11
 9605   5159  5206  5162    11
 9606   5219  5279  5206    11
 9607   5112  5159  5162    11
 9608   5131  5084  5108    11
 9609   4986  5037  5012    11
 9610   5034  5055  5084    11
 9611   5008  5066  5037    11
 9612   5084  5113  5066    11
 9613   5008  5034  5066    11
 9614   5008  4989  5034    11
 9615   5112  5113  5159    11
 9616   5112  5066  5113    11
 9617   5084  5131  5113    11
 9618   5108  5167  5131    11
 9619   5108  5157  5167    11
 9620   5108  5077  5120    11
 9621   5108  5120  5157    11
 9622   5075  5121  5120    11
 9623   5000  5036  4993    11
 9624   5075  5077  5035    11
 9625   5055  5077  5108    11
 9626   5055  5035  5077    11
 9627   5075  5036  5081    11
 9628   5035  4993  5036    11
 9629   5022  5052  5007    11
 9630   5081  5036  5042    11
 9631   5081  5121  5075    11
 9632   5081  5130  5121    11
 9633   5121  5130  5169    11
 9634   5092  5042  5052    11
 9635   5214  5176  5232    11
 9636   5130  5141  5176    11
 9637   5215  5168  5169    11
 9638   5157  5120  5168    11
 9639   5276  5205  5275    11
 9640   5157  5168  5205    11
 9641   5176  5214  5169    11
 9642   5273  5274  5214    11
 9643   5275  5215  5274    11
 9644   5205  5168  5215    11
 9645   5273  5232  5272    11
 9646   5189  5141  5164    11
 9647   5176  5141  5189    11
 9648   5270  5225  5192    11
 9649   5272  5232  5189    11
 9650   5269  5192  5202    11
 9651   5225  5164  5192    11
 9652   5271  5225  5270    11
 9653   5099  5123  5164    11
 9654   5174  5222  5202    11
 9655   5225  5189  5164    11
 9656   5130  5081  5092    11
 9657   5271  5189  5225    11
 9658   5232  5176  5189    11
 9659   5123  5147  5164    11
 9660   5141  5130  5092    11
 9661   5041  5067  5022    11
 9662   5092  5081  5042    11
 9663   5099  5092  5052    11
 9664   5099  5141  5092    11
 9665   5071  5097  5041    11
 9666   5099  5052  5067    11
 9667   5041  5097  5067    11
 9668   5071  5124  5097    11
 9669   5067  5123  5099    11
 9670   5097  5147  5123    11
 9671   5097  5124  5147    11
 9672   5127  5080  5101    11
 9673   5147  5174  5202    11
 9674   5124  5100  5146    11
 9675   5071  5100  5124    11
 9676   5056  5020  5030    11
 9677   5194  5146  5178    11
 9678   5174  5124  5146    11
 9679   4976  5013  4995    11
 9680   5061  5101  5080    11
 9681   5020  5056  5071    11
 9682   5030  5061  5080    11
 9683   5056  5080  5100    11
 9684   5056  5030  5080    11
 9685   5193  5178  5145    11
 9686   5100  5080  5127    11
 9687   5181  5208  5236    11
 9688   5145  5178  5127    11
 9689   5233  5194  5178    11
 9690   5266  5194  5233    11
 9691   5222  5146  5194    11
 9692   5193  5265  5233    11
 9693   5267  5222  5194    11
 9694   5236  5264  5193    11
 9695   5233  5265  5266    11
 9696   5189  5271  5272    11
 9697   5261  5262  5200    11
 9698   5260  5201  5259    11
 9699   5154  5188  5137    11
 9700   5158  5114  5117    11
 9701   5228  5188  5251    11
 9702   5251  5188  5250    11
 9703   5248  5249  5230    11
 9704   5185  5237  5196    11
 9705   5245  5227  5244    11
 9706   5248  5196  5247    11
 9707   5247  5237  5246    11
 9708   5139  5110  5144    11
 9709   5246  5231  5245    11
 9710   5155  5230  5186    11
 9711   5155  5196  5230    11
 9712   5231  5237  5185    11
 9713   5231  5246  5237    11
 9714   5155  5186  5133    11
 9715   5230  5249  5223    11
 9716   5190  5184  5144    11
 9717   5239  5244  5227    11
 9718   5182  5227  5231    11
 9719   5184  5239  5227    11
 9720   5227  5182  5184    11
 9721   5093  5102  5059    11
 9722   5134  5182  5185    11
 9723   5139  5184  5182    11
 9724   5182  5134  5139    11
 9725   5140  5102  5093    11
 9726   5185  5140  5134    11
 9727   5185  5155  5140    11
 9728   5154  5137  5107    11
 9729   5188  5228  5173    11
 9730   5133  5154  5107    11
 9731   5186  5223  5154    11
 9732   5154  5223  5188    11
 9733   5186  5230  5223    11
 9734   5188  5173  5137    11
 9735   5148  5198  5197    11
 9736   5228  5207  5173    11
 9737   5228  5252  5207    11
 9738   5082  5117  5073    11
 9739   5137  5173  5117    11
 9740   5207  5158  5173    11
 9741   5207  5198  5158    11
 9742   5198  5148  5158    11
 9743   5151  5104  5148    11
 9744   5171  5143  5118    11
 9745   5175  5122  5143    11
 9746   5197  5209  5151    11
 9747   5203  5204  5143    11
 9748   5258  5204  5257    11
 9749   5175  5143  5204    11
 9750   5254  5197  5198    11
 9751   5255  5256  5209    11
 9752   5151  5209  5171    11
 9753   5257  5204  5203    11
 9754   5207  5253  5198    11
 9755   5207  5252  5253    11
 9756   5197  5254  5255    11
 9757   5198  5253  5254    11
 9758   5257  5203  5256    11
 9759   5259  5220  5258    11
 9760   5255  5209  5197    11
 9761   5256  5203  5209    11
 9762   5201  5156  5220    11
 9763   5156  5122  5175    11
 9764   5220  5259  5201    11
 9765   5236  5263  5264    11
 9766   5208  5200  5262    11
 9767   5199  5260  5261    11
 9768   5160  5208  5181    11
 9769   5262  5263  5208    11
 9770   5145  5181  5193    11
 9771   5208  5263  5236    11
 9772   5160  5181  5135    11
 9773   5236  5193  5181    11
 9774   5152  5149  5199    11
 9775   5201  5260  5199    11
 9776   5105  5064  5065    11
 9777   5199  5261  5200    11
 9778   5200  5152  5199    11
 9779   5152  5111  5105    11
 9780   5220  5156  5175    11
 9781   5149  5105  5109    11
 9782   5208  5160  5200    11
 9783   5160  5135  5111    11
 9784   5087  5111  5135    11
 9785   5152  5200  5160    11
 9786   5160  5111  5152    11
 9787   5087  5044  5064    11
 9788   5061  5044  5087    11
 9789   5013  4976  4979    11
 9790   5087  5064  5111    11
 9791   5027  4991  5033    11
 9792   5074  5065  5033    11
 9793   5064  5016  5027    11
 9794   5152  5105  5149    11
 9795   5111  5064  5105    11
 9796   5156  5109  5122    11
 9797   5105  5065  5109    11
 9798   5143  5098  5118    11
 9799   5122  5109  5074    11
 9800   5114  5076  5073    11
 9801   5114  5148  5104    11
 9802   5114  5104  5076    11
 9803   5151  5118  5104    11
 9804   5082  5032  5038    11
 9805   5073  5076  5039    11
 9806   5073  5039  5032    11
 9807   5076  5053  5039    11
 9808   5004  5048  5033    11
 9809   5070  5098  5048    11
 9810   5098  5074  5048    11
 9811   5109  5065  5074    11
 9812   5011  5023  4978    11
 9813   5053  5070  5023    11
 9814   4996  4988  4956    11
 9815   5032  4999  4988    11
 9816   4973  5011  4978    11
 9817   4999  5039  5011    11
 9818   4916  4952  4913    11
 9819   4999  5011  4973    11
 9820   4934  4941  4978    11
 9821   4952  4999  4973    11
 9822   5004  4961  4978    11
 9823   4866  4848  4827    11
 9824   4913  4941  4904    11
 9825   4952  4973  4941    11
 9826   4934  4961  4920    11
 9827   4984  4940  4949    11
 9828   4949  4961  4991    11
 9829   4949  4920  4961    11
 9830   5023  5004  4978    11
 9831   5033  4991  5004    11
 9832   5061  5013  5044    11
 9833   5061  5030  5013    11
 9834   5064  5027  5065    11
 9835   5016  4984  5027    11
 9836   4979  4937  4940    11
 9837   4976  4950  4937    11
 9838   4984  4979  4940    11
 9839   4984  5016  4979    11
 9840   4903  4897  4858    11
 9841   4937  4909  4897    11
 9842   4920  4893  4934    11
 9843   4920  4903  4873    11
 9844   4873  4903  4858    11
 9845   4920  4949  4903    11
 9846   4832  4873  4858    11
 9847   4848  4893  4873    11
 9848   4832  4806  4784    11
 9849   4858  4820  4806    11
 9850   4806  4832  4858    11
 9851   4784  4765  4805    11
 9852   4748  4765  4717    11
 9853   4805  4832  4784    11
 9854   4631  4652  4608    11
 9855   4631  4677  4652    11
 9856   4735  4717  4765    11
 9857   4692  4652  4677    11
 9858   4587  4631  4608    11
 9859   4616  4659  4631    11
 9860   4659  4677  4631    11
 9861   4704  4717  4677    11
 9862   4740  4748  4704    11
 9863   4827  4788  4829    11
 9864   4832  4805  4848    11
 9865   4765  4748  4782    11
 9866   4788  4782  4740    11
 9867   4805  4765  4782    11
 9868   4693  4659  4647    11
 9869   4704  4677  4659    11
 9870   4693  4740  4704    11
 9871   4760  4788  4740    11
 9872   4659  4693  4704    11
 9873   4680  4708  4722    11
 9874   4693  4722  4740    11
 9875   4693  4680  4722    11
 9876   4788  4760  4797    11
 9877   4740  4722  4760    11
 9878   4838  4829  4797    11
 9879   4838  4875  4829    11
 9880   4797  4829  4788    11
 9881   4913  4952  4941    11
 9882   4788  4827  4782    11
 9883   4913  4875  4916    11
 9884   4829  4868  4827    11
 9885   4904  4934  4893    11
 9886   4827  4868  4866    11
 9887   4829  4875  4868    11
 9888   4868  4904  4866    11
 9889   4941  4934  4904    11
 9890   4868  4913  4904    11
 9891   4868  4875  4913    11
 9892   4838  4851  4883    11
 9893   4956  4988  4952    11
 9894   4819  4845  4824    11
 9895   4883  4916  4875    11
 9896   4838  4813  4851    11
 9897   4786  4759  4763    11
 9898   4869  4882  4845    11
 9899   4985  4970  5006    11
 9900   4813  4775  4796    11
 9901   4824  4813  4796    11
 9902   4796  4775  4759    11
 9903   4797  4760  4750    11
 9904   4775  4813  4797    11
 9905   4824  4851  4813    11
 9906   4697  4733  4708    11
 9907   4775  4797  4750    11
 9908   4647  4643  4680    11
 9909   4647  4604  4643    11
 9910   4775  4733  4759    11
 9911   4750  4708  4733    11
 9912   4664  4632  4660    11
 9913   4610  4600  4632    11
 9914   4690  4664  4660    11
 9915   4671  4641  4664    11
 9916   4669  4690  4660    11
 9917   4715  4744  4719    11
 9918   4690  4697  4664    11
 9919   4719  4733  4697    11
 9920   4690  4715  4719    11
 9921   4786  4783  4808    11
 9922   4620  4638  4612    11
 9923   4672  4685  4698    11
 9924   4669  4695  4690    11
 9925   4718  4741  4715    11
 9926   4620  4646  4638    11
 9927   4620  4617  4636    11
 9928   4695  4669  4672    11
 9929   4660  4638  4669    11
 9930   4718  4695  4698    11
 9931   4715  4690  4695    11
 9932   4715  4741  4744    11
 9933   4779  4754  4770    11
 9934   4780  4761  4758    11
 9935   4787  4783  4761    11
 9936   4741  4763  4744    11
 9937   4741  4761  4763    11
 9938   4759  4786  4796    11
 9939   4763  4783  4786    11
 9940   4869  4845  4835    11
 9941   4854  4824  4845    11
 9942   4888  4869  4857    11
 9943   4918  4953  4936    11
 9944   4787  4811  4783    11
 9945   4835  4845  4819    11
 9946   4811  4833  4835    11
 9947   4857  4869  4835    11
 9948   4849  4872  4857    11
 9949   4918  4936  4905    11
 9950   4901  4932  4918    11
 9951   4953  4970  4936    11
 9952   4987  4998  5026    11
 9953   4972  4963  4933    11
 9954   4915  4905  4936    11
 9955   4905  4888  4918    11
 9956   4890  4882  4915    11
 9957   4936  4970  4946    11
 9958   4845  4882  4854    11
 9959   4869  4888  4905    11
 9960   4946  4915  4936    11
 9961   4882  4869  4905    11
 9962   4916  4883  4921    11
 9963   4882  4905  4915    11
 9964   4890  4883  4851    11
 9965   4921  4963  4956    11
 9966   4854  4890  4851    11
 9967   4933  4963  4921    11
 9968   4890  4921  4883    11
 9969   4890  4915  4933    11
 9970   4921  4956  4916    11
 9971   4963  4996  4956    11
 9972   4890  4933  4921    11
 9973   4915  4946  4933    11
 9974   4985  4972  4946    11
 9975   5014  5040  5005    11
 9976   4985  5014  4972    11
 9977   5059  5102  5085    11
 9978   5005  4996  4963    11
 9979   5005  5040  5038    11
 9980   5068  5038  5040    11
 9981   4963  4972  5005    11
 9982   5082  5038  5068    11
 9983   5032  4996  5038    11
 9984   5032  5082  5073    11
 9985   5068  5107  5082    11
 9986   5021  5059  5014    11
 9987   5093  5134  5140    11
 9988   5133  5085  5102    11
 9989   5068  5040  5085    11
 9990   5021  5057  5059    11
 9991   5091  5110  5139    11
 9992   4970  4985  4946    11
 9993   5021  5014  4985    11
 9994   5059  5057  5093    11
 9995   5021  4985  5006    11
 9996   4953  4987  4970    11
 9997   5043  5057  5021    11
 9998   5026  5024  5060    11
 9999   5069  5091  5043    11
10000   5006  4987  5026    11
10001   5060  5049  5086    11
10002   5134  5091  5139    11
10003   5057  5043  5091    11
10004   4943  4932  4912    11
10005   4943  4962  4932    11
10006   4912  4901  4886    11
10007   4888  4857  4872    11
10008   4888  4901  4918    11
10009   4914  4894  4906    11
10010   4872  4886  4901    11
10011   4872  4849  4860    11
10012   4901  4912  4932    11
10013   4886  4894  4912    11
10014   4958  4925  4939    11
10015   4912  4894  4925    11
10016   4930  4914  4906    11
10017   4925  4894  4914    11
10018   4894  4887  4906    11
10019   4860  4886  4872    11
10020   4958  4957  4977    11
10021   4887  4894  4879    11
10022   3461  3490  4862    11
10023   4887  4871  4862    11
10024   4879  4860  4850    11
10025   4887  4879  4871    11
10026   4894  4886  4879    11
10027   4871  4850  4862    11
10028   4871  4879  4850    11
10029   4850  4842  4862    11
10030   4850  4840  4830    11
10031   4842  3461  4862    11
10032   3404  4801  3380    11
10033   4825  4840  4849    11
10034   4842  4822  3434    11
10035   4822  4807  4801    11
10036   4816  4825  4803    11
10037   4822  4830  4807    11
10038   4822  4842  4830    11
10039   4776  4785  4770    11
10040   4807  4830  4816    11
10041   4807  4816  4799    11
10042   4830  4840  4816    11
10043   4850  4860  4840    11
10044   4879  4886  4860    11
10045   4811  4825  4833    11
10046   4816  4840  4825    11
10047   4808  4811  4835    11
10048   4825  4849  4833    11
10049   4780  4779  4803    11
10050   4799  4816  4803    11
10051   4783  4811  4808    11
10052   4787  4803  4811    11
10053   4741  4734  4761    11
10054   4732  4745  4754    11
10055   4803  4779  4799    11
10056   4758  4754  4779    11
10057   4761  4780  4787    11
10058   4758  4779  4780    11
10059   4728  4714  4737    11
10060   4757  3326  3351    11
10061   4734  4732  4758    11
10062   4734  4718  4711    11
10063   4761  4734  4758    11
10064   4718  4698  4711    11
10065   4695  4672  4698    11
10066   4646  4636  4661    11
10067   4620  4636  4646    11
10068   4617  4621  4636    11
10069   4646  4661  4672    11
10070   4636  4642  4661    11
10071   4634  4649  4630    11
10072   4655  3185  4676    11
10073   4678  4700  4685    11
10074   4723  4745  4732    11
10075   4685  4711  4698    11
10076   4700  4723  4711    11
10077   4688  4706  4700    11
10078   4714  3241  3268    11
10079   4700  4706  4723    11
10080   4696  3241  4714    11
10081   3130  4634  4618    11
10082   3160  4655  4634    11
10083   4678  4668  4688    11
10084   4649  4655  4668    11
10085   4649  4634  4655    11
10086   4668  4676  4688    11
10087   4668  4655  4676    11
10088   4688  4696  4706    11
10089   4688  4676  4696    11
10090   4737  4714  3268    11
10091   4706  4696  4714    11
10092   3326  4737  3297    11
10093   4753  4728  4737    11
10094   4723  4728  4745    11
10095   4723  4706  4728    11
10096   4728  4753  4745    11
10097   4737  3326  4757    11
10098   3351  4776  4757    11
10099   4785  4799  4779    11
10100   4801  4785  4776    11
10101   4801  4807  4785    11
10102   4770  4757  4776    11
10103   4753  4737  4757    11
10104   3160  3185  4655    11
10105   3434  4822  3404    11
10106   4887  3519  4906    11
10107   5129  5103  5086    11
10108   5089  3744  3777    11
10109   5054  3705  3744    11
10110   5054  5028  3705    11
10111   4930  4957  4939    11
10112   3607  4980  4957    11
10113   5001  5002  5025    11
10114   4980  3638  5002    11
10115   3669  5028  5002    11
10116   3669  3705  5028    11
10117   5058  5025  5028    11
10118   5001  4977  5002    11
10119   4980  4977  4957    11
10120   4974  4943  4958    11
10121   4958  4977  4974    11
10122   4980  5002  4977    11
10123   4953  4962  4987    11
10124   4998  5001  5024    11
10125   4974  4962  4943    11
10126   4974  4998  4962    11
10127   4970  4987  5006    11
10128   4962  4998  4987    11
10129   5043  5026  5069    11
10130   4998  4974  5001    11
10131   5006  5026  5043    11
10132   4998  5024  5026    11
10133   5024  5001  5025    11
10134   4974  4977  5001    11
10135   5103  5069  5060    11
10136   5024  5025  5049    11
10137   5058  5090  5049    11
10138   5128  5125  5170    11
10139   5026  5060  5069    11
10140   5024  5049  5060    11
10141   5069  5103  5110    11
10142   5210  5218  5166    11
10143   5103  5150  5144    11
10144   5166  3818  3867    11
10145   5184  5190  5239    11
10146   5103  5129  5150    11
10147   5086  5090  5129    11
10148   5150  5179  5221    11
10149   5150  5129  5179    11
10150   5129  5170  5179    11
10151   5125  5090  5089    11
10152   5125  5128  5090    11
10153   5086  5049  5090    11
10154   5129  5128  5170    11
10155   5129  5090  5128    11
10156   5025  5058  5049    11
10157   5054  5089  5058    11
10158   5125  5089  3777    11
10159   5090  5058  5089    11
10160   3818  5125  3777    11
10161   3818  5166  5125    11
10162   5210  5166  3867    11
10163   5170  5125  5166    11
10164   5218  5170  5166    11
10165   5240  5218  5210    11
10166   3965  5240  5210    11
10167   5218  5241  5229    11
10168   5242  5243  5221    11
10169   5179  5170  5218    11
10170   5240  5241  5218    11
10171   5218  5229  5179    11
10172   5239  5190  5243    11
10173   5190  5150  5221    11
10174   5229  5242  5221    11
10175   5239  5243  5244    11
10176   6043  6099  6080    12
10177   1809  5399  1810    12
10178   5391  5410  5373    12
10179   6076  6039  6063    12
10180   5883  5934  5913    12
10181   6290  6263  6301    12
10182   5834  5807  5852    12
10183   6757  6787  6788    12
10184   6469  6488  6507    12
10185   5661  5642  5624    12
10186   5717  5737  5759    12
10187   6246  6236  6222    12
10188   5345  5389  5393    12
10189   5748  5804  5770    12
10190   5608  5582  5624    12
10191   5307  5310  5353    12
10192   5313  5351  5306    12
10193   5440  5446  5410    12
10194   5591  5613  5556    12
10195   5872  5870  5833    12
10196   5554  5531  5502    12
10197   5772  5739  5763    12
10198   1823  1820  5559    12
10199   5431  5405  5458    12
10200   5710  5755  5741    12
10201   5900  5920  5873    12
10202   5640  5644  5603    12
10203   5901  5935  5908    12
10204   6024  6063  6039    12
10205   5979  6001  5970    12
10206   6288  6279  6267    12
10207   6279  6269  6255    12
10208   6708  6761  6720    12
10209   6091  6061  6090    12
10210    872  6231  6251    12
10211   6597  6615  6574    12
10212   6432  6445  6422    12
10213   6752  6813  6754    12
10214   6418  6438  6394    12
10215   6046  6068  6081    12
10216   6294  6281  6312    12
10217   6211  6231   881    12
10218   5846  5832  5809    12
10219   6009  6007  5969    12
10220   6537  6511  6503    12
10221   6612  6659  6623    12
10222   6424  6422  6445    12
10223   6482  6520  6479    12
10224   5379  5323  5322    12
10225   5304  5307  5356    12
10226   5537  5507  5523    12
10227   5521  5516  5550    12
10228   5921  5893  5909    12
10229   5661  5701  5683    12
10230   5758  5751  5782    12
10231   5770  5714  5748    12
10232   5681  5661  5643    12
10233   5480  5503  5447    12
10234   5480  5447  5436    12
10235   5651  5621  5595    12
10236   5343  5401  5350    12
10237   5598  5617  1828    12
10238   5526  5506  5552    12
10239   5858  5823  5873    12
10240   5906  5911  5952    12
10241   5757  5773  5800    12
10242   6239  6252  6287    12
10243   5913  5885  5859    12
10244   6049  6098  6099    12
10245   5866  5835  5867    12
10246   6296  6259  6244    12
10247   5688  1831  1834    12
10248   5911  5942  5952    12
10249   5927  5890  5936    12
10250   1828  5617  1831    12
10251   5422  5371  5413    12
10252   5783  5815  5820    12
10253   1050  5738  1048    12
10254   5674  5646  5693    12
10255   5458  5467  5506    12
10256   5689  5672  5726    12
10257   5794  5778  5818    12
10258   5424  5418  5372    12
10259   5295  5344  5309    12
10260   5509  5536  5500    12
10261   3928  5334  3929    12
10262   5367  5375  5419    12
10263   1812  5517  5493    12
10264   5339  1804  1805    12
10265   5382  5373  5410    12
10266   1805  3942  5291    12
10267   3944  5316  5311    12
10268   5391  1806  1807    12
10269   3955  3954  5333    12
10270   5444  5454  5502    12
10271   5245  5547  5246    12
10272   5454  5423  5464    12
10273   5312  5317  3946    12
10274   5464  5451  5498    12
10275   5380  5354  5331    12
10276   5366  5311  5316    12
10277   5403  5364  5346    12
10278   5518  5498  5556    12
10279   5896  5882  5925    12
10280   5485  5460  5435    12
10281   5249  5638  5668    12
10282   5755  5796  5790    12
10283   5443  5435  5395    12
10284   5538  5488  5518    12
10285   5685  5741  5692    12
10286   5806  5774  5775    12
10287   5997  5981  5946    12
10288   5910  5919  5943    12
10289   5808  1033  1036    12
10290   5749  5740  5722    12
10291   5487  5482  5442    12
10292   5786  5817  5784    12
10293   5830  1018  5855    12
10294   5517  5527  5493    12
10295   5427  5440  5391    12
10296   5792  5747  5771    12
10297   5722  1042  5749    12
10298   5694  5666  5702    12
10299   5808  5840  5828    12
10300   6159  6161  6195    12
10301   1018  5886  1014    12
10302   6149  6117  6136    12
10303   6175  6181  6202    12
10304   6295  6277  6249    12
10305   6176   896   910    12
10306   6322  6340  6353    12
10307   6264  6231  6248    12
10308   6270   858  6251    12
10309   6132  6149  6156    12
10310   5270  5269  6238    12
10311   6322  6312  6340    12
10312    858  6219   872    12
10313    858   872  6251    12
10314   6190   896  6176    12
10315   5879  5912  5892    12
10316   6118  6116  6090    12
10317   6170  6182  6200    12
10318   6112  5264  6085    12
10319   5280  5279  6468    12
10320   6338  6368  6349    12
10321   6436  6414  6399    12
10322   5286  6633  6675    12
10323   6651  6633  6617    12
10324   6448  5279  5278    12
10325   6660  6708  6672    12
10326   6434  6426  6410    12
10327   6700  6705  6659    12
10328   6423  6436  6399    12
10329   6365  6349  6368    12
10330   6562  6564  6595    12
10331   6328  6336  6373    12
10332   6386  6363  6404    12
10333   6459  6471  6436    12
10334   6353  6382  6360    12
10335   6681  6644  6693    12
10336   6529  6523  6489    12
10337   6809  6777  6808    12
10338   6614  6666  6637    12
10339   6706  6682  6731    12
10340   6781  6776  6780    12
10341   6637  6666  6685    12
10342   6805  6765  6730    12
10343   6710  6731  6682    12
10344   6344  6379  6336    12
10345   6052  6077  6040    12
10346   6499  6506  6541    12
10347   6735  6681  6693    12
10348    945  6070  6094    12
10349   5999  6025  5988    12
10350   6016  5981  6043    12
10351   5993  5942  5982    12
10352   6043  5981  5997    12
10353   5985  5941  5973    12
10354   6519  6498  6505    12
10355   6234  6292  6276    12
10356   6549  6551  6517    12
10357   6685  6747  6733    12
10358   6662  6664  6621    12
10359   6699  6736  6767    12
10360   5965  6003  6020    12
10361   6164  6217  6210    12
10362   6359  6384  6357    12
10363   6173  6220  6208    12
10364   6158  6185  6143    12
10365   5955  5939  5964    12
10366   6740  6691  6734    12
10367   6475  6451  6460    12
10368   6598  6622  6573    12
10369   6729  6726  6683    12
10370   6786  6770  6778    12
10371   6779  6740  6734    12
10372   5323  3922  5322    12
10373   5296  3921  3920    12
10374   5296  5322  3921    12
10375   5324  3923  5323    12
10376   5335  5383  5381    12
10377   5615  5600  5565    12
10378   5357  5323  5379    12
10379   5473  5459  5504    12
10380   5621  5576  5595    12
10381   5565  5587  5615    12
10382   5436  5447  5401    12
10383   5381  5424  5372    12
10384   5448  5480  5436    12
10385   5474  5426  5447    12
10386   5404  5436  5390    12
10387   5503  5521  5546    12
10388   5595  5576  5546    12
10389   5503  5474  5447    12
10390   5343  5356  5390    12
10391   3917  5307  3918    12
10392   5310  5345  5353    12
10393   5310  3917  3916    12
10394   5345  5310  5300    12
10395   5307  3917  5310    12
10396   5602  5620  5643    12
10397   5758  5720  5751    12
10398   5955  5921  5939    12
10399   5955  5964  5986    12
10400   6321  6327  6347    12
10401   6317  6304  6321    12
10402   6283  6304  6289    12
10403   5974  5955  5986    12
10404   5983  5960  5947    12
10405   5899  5863  5865    12
10406   5860  5877  5893    12
10407   5916  5880  5893    12
10408   5827  5816  5848    12
10409   6018  6000  5983    12
10410   5938  5899  5928    12
10411   6014  5973  6000    12
10412   5938  5960  5973    12
10413   6048  6003  6030    12
10414   5941  5900  5904    12
10415   5941  5953  5900    12
10416   5942  5911  5887    12
10417   6030  6003  5985    12
10418   6048  6020  6003    12
10419   5733  5729  5773    12
10420   5863  5826  5832    12
10421   5861  5904  5900    12
10422   5953  6003  5965    12
10423   5851  5823  5804    12
10424   5858  5814  5823    12
10425   5777  5823  5814    12
10426   5851  5900  5873    12
10427   5614  5558  5576    12
10428   5822  5851  5804    12
10429   5822  5788  5826    12
10430   5809  5793  5827    12
10431   5550  5586  5562    12
10432   5770  5804  5823    12
10433   5642  5662  5625    12
10434   5748  5780  5804    12
10435   5524  5576  5558    12
10436   5546  5562  5595    12
10437   5672  5614  5660    12
10438   5587  5558  5614    12
10439   5594  5631  5606    12
10440   5473  5467  5424    12
10441   5657  5682  5659    12
10442   5736  1837  1839    12
10443   5564  5533  5543    12
10444   5631  5594  5627    12
10445   5645  1828  5664    12
10446   1837  5682  1839    12
10447   5698  5690  5663    12
10448   1837  1834  5659    12
10449   5699  1839  5682    12
10450   5735  5778  5754    12
10451   5727  5688  5708    12
10452   5682  5657  5699    12
10453   5733  5773  5757    12
10454   5729  5726  5777    12
10455   5794  5835  5821    12
10456   5778  5757  5800    12
10457   5946  5906  5952    12
10458   5814  5773  5777    12
10459   5915  5965  5942    12
10460   6049  6041  6098    12
10461   5898  5906  5946    12
10462   5866  5867  5906    12
10463   5898  5946  5934    12
10464   5952  5993  5997    12
10465   5762  5789  5746    12
10466   1839  5699  5735    12
10467   5779  5794  5821    12
10468   5754  5778  5794    12
10469   5889  5927  5931    12
10470   5923  5932  5959    12
10471   6198  6237  6203    12
10472   5967  5959  5932    12
10473   6088  6079  6038    12
10474   5927  5969  5931    12
10475   6052  6007  6009    12
10476   6089  6062  6101    12
10477   6044  6080  6088    12
10478   6216  6224  6249    12
10479   5890  5889  5854    12
10480   5764  5768  5730    12
10481   5967  5932  5931    12
10482   5897  5871  5894    12
10483   5711  5721  5747    12
10484   5715  1050  1054    12
10485   5849  5805  5837    12
10486   5761  1042  1048    12
10487   5721  5687  5679    12
10488   5645  1824  1828    12
10489   5711  5691  5675    12
10490   5727  5708  5736    12
10491   5654  5687  5675    12
10492   5517  5542  5553    12
10493   5599  1823  5619    12
10494   1823  5559  5577    12
10495   1058  5663  5690    12
10496   5713  5676  5706    12
10497   5630  5675  5648    12
10498   1054  1050  5677    12
10499   5542  5572  5553    12
10500   5525  5510  5549    12
10501   5399  5368  5402    12
10502   5508  5545  5529    12
10503   1811  5493  5471    12
10504   5527  5508  5493    12
10505   5466  5419  5463    12
10506   1065  5612  1063    12
10507   5449  1812  1811    12
10508   1063  5612  5634    12
10509   1817  5494  5515    12
10510   5536  5559  1820    12
10511   5472  1815  1812    12
10512   5575  1820  5599    12
10513   5536  1820  1819    12
10514   5664  1828  1831    12
10515   5612  5599  5630    12
10516   5612  1065  5575    12
10517   1820  1823  5599    12
10518   5577  5540  5564    12
10519   5584  5598  5564    12
10520   5598  1824  5577    12
10521   5462  5496  5501    12
10522   5329  5371  5375    12
10523   5501  5543  5533    12
10524   5473  5424  5425    12
10525   5470  5466  5500    12
10526   5509  5466  5463    12
10527   5506  5551  5552    12
10528   5584  5617  5598    12
10529   5462  5463  5422    12
10530   5293  5341  5295    12
10531   5540  5509  5499    12
10532   5429  5414  5384    12
10533   5329  3931  5325    12
10534   5318  5328  5372    12
10535   5329  5375  5315    12
10536   5293  5295  3936    12
10537   5432  5452  5472    12
10538   5388  5432  5402    12
10539   5450  5471  5490    12
10540   5432  5449  5402    12
10541   1812  5493  1811    12
10542   3936  5295  3937    12
10543   3939  5290  3940    12
10544   5309  5298  3938    12
10545   5399  5402  5428    12
10546   5385  5395  5435    12
10547   3943  3942  1804    12
10548   1807  5355  5387    12
10549   1805  1804  3942    12
10550   5359  5319  5305    12
10551   5417  5456  5412    12
10552   5441  5408  5398    12
10553   5398  5365  5409    12
10554   5317  3947  3946    12
10555   5441  5442  5482    12
10556   5460  5415  5435    12
10557   5465  5408  5441    12
10558   5360  5398  5408    12
10559   5380  5319  5359    12
10560   5320  3956  5303    12
10561   5338  3952  5294    12
10562   3957  3956  5320    12
10563   3959  3958  5313    12
10564   5364  5320  5303    12
10565   5351  5406  5396    12
10566   5349  5361  5302    12
10567   3957  5320  5327    12
10568   3959  5313  5306    12
10569   5444  5396  5406    12
10570   3963  3962  5299    12
10571   5321  3963  5299    12
10572   5240  3965  5292    12
10573   5347  5240  5292    12
10574   5438  5476  5243    12
10575   5445  5505  5475    12
10576   5241  5240  5347    12
10577   5349  5351  5396    12
10578   5348  5299  5314    12
10579   5314  3962  3961    12
10580   5348  5361  5394    12
10581   5348  5321  5299    12
10582   5361  5349  5411    12
10583   5502  5483  5444    12
10584   5411  5396  5444    12
10585   5671  5728  5707    12
10586   5554  5574  5531    12
10587   5712  5670  5653    12
10588   5569  5609  5579    12
10589   5879  5896  5912    12
10590   5707  5712  5653    12
10591   5609  5590  5618    12
10592   5592  5640  5603    12
10593   5763  5803  5772    12
10594   5475  5505  5519    12
10595   5495  5539  5514    12
10596   5610  5638  5248    12
10597   5667  5644  5680    12
10598   5680  5709  5667    12
10599   5253  5772  5801    12
10600   5257  5892  5924    12
10601   5862  5892  5256    12
10602   5957  5258  5924    12
10603   5256  5255  5862    12
10604   5803  5843  5831    12
10605   5975  6021  6005    12
10606   5924  5258  5257    12
10607   6005  6028  5995    12
10608   5262  6026  6056    12
10609   6110  6106  6076    12
10610   5995  6027  5992    12
10611   6051  6086  6058    12
10612   5263  6085  5264    12
10613   5998  5970  6001    12
10614   6002  6021  5975    12
10615   5977  5984  6012    12
10616   6054   952   963    12
10617   6063  6046  6081    12
10618   6183  6147  6155    12
10619   5956   979  5979    12
10620   5728  5760  5707    12
10621   5954  5970  5935    12
10622   5940  5950  5977    12
10623   5836  5797  5790    12
10624   5563  5605  5560    12
10625   5869  5918  5878    12
10626   5949  5987  5958    12
10627   5622  5653  5591    12
10628   5670  5613  5653    12
10629   5692  5728  5671    12
10630   5791  5847  5810    12
10631   5479  5511  5532    12
10632   5532  5591  5556    12
10633   5671  5622  5632    12
10634   5532  5498  5479    12
10635   5484  5528  5486    12
10636   5535  5561  5511    12
10637   5583  5581  5534    12
10638   5465  5484  5433    12
10639   5658  5633  5611    12
10640   5484  5486  5443    12
10641   5797  5791  5752    12
10642   5692  5633  5685    12
10643   5650  5658  5605    12
10644   5710  5685  5658    12
10645   5842  5872  5833    12
10646   5945  5970  5976    12
10647   5512  5482  5522    12
10648   5465  5433  5408    12
10649   5525  5549  5566    12
10650   5560  5512  5522    12
10651   5508  5490  5471    12
10652   5593  5601  5626    12
10653   5520  5541  5567    12
10654   5658  5611  5605    12
10655   5669  5666  5694    12
10656   5740  5774  5744    12
10657   5725  5743  5769    12
10658   5755  5790  5741    12
10659   5923  5919  5891    12
10660   5943  5929  5910    12
10661   5994  5990  5972    12
10662   5943  5919  5951    12
10663   5799  5842  5833    12
10664   5930  5902  5907    12
10665   5872  5901  5870    12
10666   5948   994   999    12
10667   5972  5968  5994    12
10668   5998  6023  6011    12
10669    969   963  6001    12
10670   6034  6011  6023    12
10671    979  6013   969    12
10672   6216  6209  6183    12
10673    979  5990  6013    12
10674   6079  6109  6052    12
10675   6066  6057  6082    12
10676   6050  6029  6017    12
10677    945  6034   952    12
10678    969  6001  5979    12
10679   6084  6068  6059    12
10680   6115  6103  6129    12
10681   6104  6084  6078    12
10682   6123  6103  6082    12
10683   6206  6235  6225    12
10684   6168  6134  6146    12
10685   6261  6224  6239    12
10686   6209  6242  6228    12
10687   6057  6064  6093    12
10688   6261  6249  6224    12
10689   6237  6253  6285    12
10690   6285  6300  6252    12
10691   6311  6254  6273    12
10692   6300  6287  6252    12
10693   6364  6392  6419    12
10694   6444  6464  6485    12
10695   6506  6499  6463    12
10696   6336  6328  6287    12
10697   6394  6421  6376    12
10698   6489  6488  6457    12
10699   6363  6386  6348    12
10700   6465  6438  6463    12
10701   6355  6394  6376    12
10702   6443  6420  6457    12
10703   6342  6355  6376    12
10704   6465  6499  6509    12
10705   6248  6266  6282    12
10706   6411  6386  6420    12
10707   6348  6354  6324    12
10708   6312  6324  6340    12
10709   6412  6423  6390    12
10710   6350  6313  6329    12
10711   6360  6366  6341    12
10712   6338  6349  6320    12
10713   6469  6507  6483    12
10714   6617  6586  6618    12
10715   6360  6335  6353    12
10716   6341  6308  6316    12
10717   6329  6313  6293    12
10718   6274  6313  6278    12
10719   6264  6281  6251    12
10720   6125  6163  6153    12
10721   6247  6218  6245    12
10722   6284   853  6270    12
10723   6363  6342  6376    12
10724   6281  6298  6312    12
10725   6263  6277  6301    12
10726   6324  6312  6298    12
10727   6201  6229  6218    12
10728   6065  6051  6021    12
10729   6174  6209  6193    12
10730   6248  6231  6225    12
10731   6141  6179  6163    12
10732   6187  6214  6182    12
10733   6201  6218  6179    12
10734   6221  6214  6187    12
10735   6141  6163  6125    12
10736   6058  6028  6051    12
10737   6118  6153  6148    12
10738   6320  6310  6338    12
10739   6223  6200  6226    12
10740   6214  6243  6250    12
10741   6170  6165  6144    12
10742   6182  6153  6187    12
10743   5267  5266  6165    12
10744   6112  6085  6113    12
10745   5265  5264  6112    12
10746   5957  5260  5259    12
10747   5272  6318  5273    12
10748   6408  5276  6389    12
10749   6427  6410  6396    12
10750   6476  6496  6473    12
10751   6512  5282  5281    12
10752   6250  6267  6240    12
10753   6331  6356  6343    12
10754   5272  5271  6291    12
10755   6380  6368  6350    12
10756   6387  6396  6410    12
10757   6455  6453  6434    12
10758   6426  6428  6408    12
10759   6471  6478  6449    12
10760   6448  6428  6426    12
10761   6535  6562  6528    12
10762   6709  6656  6687    12
10763   6638  6595  6626    12
10764   6667  6642  6684    12
10765   6660  6672  6626    12
10766   6647  6667  6697    12
10767   6694  6746  6708    12
10768   6550  6562  6586    12
10769   6749  6695  6739    12
10770   6567  6579  6599    12
10771   6618  6595  6638    12
10772   6473  6496  6491    12
10773   6476  6478  6500    12
10774   6579  6550  6586    12
10775   6626  6616  6660    12
10776   6550  6528  6562    12
10777   6491  6496  6512    12
10778   6675  6717  5287    12
10779   5289  5288  6771    12
10780   6727  6696  6679    12
10781   6766  6751  6718    12
10782   6732  6818  6819    12
10783   6601  6616  6570    12
10784   6821  6822  6742    12
10785   6824  6825  6769    12
10786   6766  6820  6751    12
10787   6751  6697  6718    12
10788   6742  6746  6694    12
10789   6684  6718  6667    12
10790   6601  6647  6616    12
10791   6698  6650  6707    12
10792   6459  6494  6471    12
10793   6558  6574  6601    12
10794   6523  6488  6489    12
10795   6450  6489  6457    12
10796   6607  6559  6594    12
10797   6490  6529  6489    12
10798   6623  6576  6612    12
10799   6597  6568  6607    12
10800   6690  6709  6750    12
10801   6709  6690  6656    12
10802   6623  6665  6650    12
10803   6763  6706  6731    12
10804   6758  6707  6754    12
10805   6811  6760  6810    12
10806   6418  6470  6463    12
10807   6543  6538  6509    12
10808   6490  6509  6538    12
10809   6499  6543  6509    12
10810   6655  6634  6677    12
10811   6593  6644  6631    12
10812   6581  6541  6582    12
10813   6765  6712  6730    12
10814   6680  6712  6661    12
10815   6677  6673  6722    12
10816   6706  6730  6680    12
10817   6765  6806  6741    12
10818   6710  6692  6744    12
10819   6722  6777  6760    12
10820   6741  6735  6693    12
10821   6802  6762  6801    12
10822   6764  6789  6790    12
10823   6686  6629  6664    12
10824   6624  6662  6621    12
10825   6790  6791  6745    12
10826   6715  6702  6759    12
10827   6714  6757  6701    12
10828   6788  6789  6753    12
10829   6745  6736  6686    12
10830   6764  6745  6716    12
10831   6600  6648  6627    12
10832   6653  6702  6666    12
10833   6689  6674  6721    12
10834   6748  6795  6796    12
10835   6775  6795  6748    12
10836   6796  6738  6748    12
10837   6692  6685  6733    12
10838   6744  6800  6801    12
10839   6744  6733  6800    12
10840   6733  6799  6800    12
10841   6585  6551  6583    12
10842   6715  6747  6685    12
10843   6657  6605  6646    12
10844   6666  6715  6685    12
10845   6493  6513  6472    12
10846   6602  6637  6646    12
10847   6587  6553  6605    12
10848   6452  6482  6440    12
10849   6689  6748  6738    12
10850   6508  6524  6552    12
10851   6584  6545  6556    12
10852   6425  6392  6375    12
10853   6591  6603  6556    12
10854   6603  6584  6556    12
10855   6419  6442  6464    12
10856   6649  6682  6706    12
10857   6653  6613  6639    12
10858   6653  6666  6614    12
10859   6395  6344  6364    12
10860   6204  6252  6239    12
10861   6367  6397  6346    12
10862   6553  6563  6605    12
10863   6195  6224  6188    12
10864   6029  6004  6017    12
10865   6162  6178  6215    12
10866   6164  6099  6139    12
10867   6332  6367  6311    12
10868   6254  6234  6191    12
10869   6332  6358  6391    12
10870   6375  6392  6333    12
10871   6367  6416  6397    12
10872   6493  6462  6502    12
10873   6591  6557  6600    12
10874   6536  6575  6577    12
10875   6208  6244  6197    12
10876   6370  6334  6337    12
10877   6391  6440  6439    12
10878   6439  6416  6391    12
10879   6098  6139  6099    12
10880   6210  6217  6273    12
10881   6154  6197  6139    12
10882   6259  6273  6217    12
10883   6095  6114  6143    12
10884   6197  6217  6164    12
10885   6030  6014  6053    12
10886   6374  6370  6407    12
10887   6217  6197  6259    12
10888   6299  6260  6265    12
10889   6220  6260  6258    12
10890   6406  6377  6384    12
10891   6629  6600  6585    12
10892   6520  6516  6479    12
10893   6622  6624  6590    12
10894   6435  6441  6407    12
10895   6441  6477  6456    12
10896   6487  6531  6521    12
10897   6482  6521  6520    12
10898   6497  6456  6477    12
10899   6624  6621  6583    12
10900   6600  6627  6591    12
10901   6678  6636  6671    12
10902   6636  6603  6591    12
10903   6598  6554  6580    12
10904   6663  6701  6662    12
10905   6770  6757  6714    12
10906   6701  6753  6704    12
10907   6370  6371  6401    12
10908   6403  6377  6406    12
10909   6486  6461  6458    12
10910   6430  6424  6454    12
10911   6403  6371  6377    12
10912   6357  6330  6359    12
10913   6445  6454  6424    12
10914   6378  6374  6413    12
10915   6337  6323  6351    12
10916   6374  6334  6370    12
10917   6351  6357  6377    12
10918   6173  6143  6185    12
10919   6233  6222  6212    12
10920   6370  6337  6371    12
10921   6303  6260  6299    12
10922   6033  6018  6055    12
10923   6019  6015  5989    12
10924   6030  6074  6048    12
10925   6173  6185  6220    12
10926   6158  6199  6185    12
10927   6325  6302  6330    12
10928   6345  6347  6361    12
10929   6283  6280  6305    12
10930   6257  6233  6230    12
10931   6317  6345  6330    12
10932   6400  6409  6422    12
10933   6126  6138  6107    12
10934   6207  6172  6177    12
10935   6036  6018  6006    12
10936   6138  6151  6121    12
10937   6186  6157  6180    12
10938   6272  6283  6289    12
10939   6257  6280  6283    12
10940   6580  6569  6609    12
10941   6619  6645  6610    12
10942   6740  6688  6691    12
10943   6554  6573  6534    12
10944   6519  6542  6515    12
10945   6467  6445  6451    12
10946   6645  6652  6688    12
10947   6580  6554  6544    12
10948   6474  6467  6492    12
10949   6583  6551  6549    12
10950   6466  6477  6441    12
10951   6703  6725  6768    12
10952   6622  6663  6624    12
10953   6670  6641  6625    12
10954   6726  6714  6669    12
10955   6729  6670  6711    12
10956   6658  6625  6609    12
10957   6729  6774  6778    12
10958   6703  6658  6676    12
10959   6768  6782  6755    12
10960   5322  3922  3921    12
10961   5343  5390  5401    12
10962   3919  5304  3920    12
10963   5350  5322  5296    12
10964   3918  5307  3919    12
10965   3920  5304  5296    12
10966   3919  5307  5304    12
10967   3915  5337  5300    12
10968   3916  5300  5310    12
10969   3916  3915  5300    12
10970   5378  5345  5337    12
10971   5300  5337  5345    12
10972   5404  5353  5393    12
10973   5356  5307  5353    12
10974   5448  5404  5439    12
10975   5353  5345  5393    12
10976   5404  5390  5356    12
10977   5436  5401  5390    12
10978   5353  5404  5356    12
10979   5393  5439  5404    12
10980   5304  5343  5296    12
10981   5304  5356  5343    12
10982   5343  5350  5296    12
10983   5401  5379  5350    12
10984   3922  5323  3923    12
10985   5322  5350  5379    12
10986   5426  5407  5379    12
10987   5425  5424  5381    12
10988   3924  5324  5335    12
10989   3924  3923  5324    12
10990   5323  5357  5324    12
10991   5407  5426  5459    12
10992   5357  5383  5324    12
10993   5357  5379  5407    12
10994   5357  5407  5383    12
10995   5530  5558  5587    12
10996   5383  5407  5425    12
10997   5379  5401  5426    12
10998   5447  5426  5401    12
10999   5474  5459  5426    12
11000   5404  5448  5436    12
11001   5478  5469  5507    12
11002   5407  5459  5425    12
11003   5474  5524  5504    12
11004   5521  5480  5491    12
11005   5503  5524  5474    12
11006   5473  5504  5530    12
11007   5459  5474  5504    12
11008   5576  5524  5546    12
11009   5558  5504  5524    12
11010   5521  5503  5480    12
11011   5546  5524  5503    12
11012   5516  5521  5491    12
11013   5562  5546  5521    12
11014   5582  5550  5544    12
11015   5491  5448  5478    12
11016   5521  5550  5562    12
11017   5516  5507  5544    12
11018   5478  5448  5439    12
11019   5491  5480  5448    12
11020   5491  5478  5516    12
11021   5439  5434  5469    12
11022   5439  5393  5434    12
11023   5439  5469  5478    12
11024   5478  5507  5516    12
11025   5469  5489  5507    12
11026   5582  5544  5571    12
11027   5550  5516  5544    12
11028   5571  5537  5557    12
11029   5544  5507  5537    12
11030   5571  5557  5588    12
11031   5537  5523  5557    12
11032   5455  5434  5421    12
11033   5507  5489  5523    12
11034   5469  5455  5489    12
11035   5389  5345  5378    12
11036   5469  5434  5455    12
11037   5421  5389  5378    12
11038   5434  5389  5421    12
11039   5434  5393  5389    12
11040   5588  5602  5571    12
11041   5588  5620  5602    12
11042   5620  5652  5643    12
11043   5602  5643  5624    12
11044   5652  5686  5681    12
11045   5720  5686  5718    12
11046   5793  5816  5827    12
11047   5793  5776  5758    12
11048   5909  5939  5921    12
11049   6045  6047  6069    12
11050   6015  5986  5989    12
11051   5986  5964  5989    12
11052   5893  5880  5860    12
11053   5877  5909  5893    12
11054   5860  5846  5827    12
11055   5745  5759  5788    12
11056   5832  5798  5809    12
11057   5780  5822  5804    12
11058   5848  5860  5827    12
11059   5798  5759  5776    12
11060   5899  5865  5895    12
11061   5832  5846  5865    12
11062   5899  5895  5928    12
11063   5865  5880  5895    12
11064   5827  5846  5809    12
11065   5880  5865  5846    12
11066   5877  5860  5848    12
11067   5880  5846  5860    12
11068   5947  5921  5955    12
11069   5916  5893  5921    12
11070   6006  5974  5986    12
11071   5974  5947  5955    12
11072   5983  5974  6006    12
11073   5947  5916  5921    12
11074   6045  6015  6019    12
11075   6006  5986  6015    12
11076   6018  5983  6006    12
11077   6000  5960  5983    12
11078   6015  6036  6006    12
11079   6014  6030  5985    12
11080   5928  5916  5947    12
11081   5895  5880  5916    12
11082   5983  5947  5974    12
11083   5928  5895  5916    12
11084   5985  5973  6014    12
11085   5973  5960  6000    12
11086   6018  6033  6000    12
11087   6053  6074  6030    12
11088   6108  6092  6072    12
11089   6014  6000  6033    12
11090   5942  5965  5982    12
11091   5920  5900  5953    12
11092   5965  6020  5982    12
11093   6073  6120  6098    12
11094   5973  5941  5938    12
11095   5985  6003  5953    12
11096   5915  5920  5965    12
11097   5941  5985  5953    12
11098   5941  5904  5938    12
11099   5900  5851  5861    12
11100   5965  5920  5953    12
11101   5873  5823  5851    12
11102   5904  5899  5938    12
11103   5863  5861  5826    12
11104   5960  5928  5947    12
11105   5960  5938  5928    12
11106   5832  5826  5798    12
11107   5832  5865  5863    12
11108   5904  5863  5899    12
11109   5904  5861  5863    12
11110   5822  5861  5851    12
11111   5822  5826  5861    12
11112   5915  5873  5920    12
11113   5858  5887  5844    12
11114   5656  5615  5637    12
11115   5683  5662  5642    12
11116   5726  5714  5770    12
11117   5651  5595  5625    12
11118   5777  5726  5770    12
11119   5689  5693  5656    12
11120   5745  5780  5734    12
11121   5651  5660  5621    12
11122   5695  5734  5748    12
11123   5696  5717  5745    12
11124   5695  5748  5714    12
11125   5734  5780  5748    12
11126   5745  5788  5780    12
11127   5788  5822  5780    12
11128   5782  5793  5758    12
11129   5809  5798  5776    12
11130   5798  5788  5759    12
11131   5798  5826  5788    12
11132   5759  5737  5776    12
11133   5720  5718  5751    12
11134   5816  5793  5782    12
11135   5809  5776  5793    12
11136   5737  5720  5758    12
11137   5701  5681  5720    12
11138   5720  5737  5701    12
11139   5758  5776  5737    12
11140   5662  5683  5696    12
11141   5701  5737  5717    12
11142   5696  5745  5734    12
11143   5717  5759  5745    12
11144   5586  5608  5625    12
11145   5624  5643  5661    12
11146   5717  5683  5701    12
11147   5717  5696  5683    12
11148   5642  5661  5683    12
11149   5643  5652  5681    12
11150   5720  5681  5686    12
11151   5701  5661  5681    12
11152   5624  5582  5602    12
11153   5544  5537  5571    12
11154   5602  5582  5571    12
11155   5608  5642  5625    12
11156   5595  5586  5625    12
11157   5550  5582  5586    12
11158   5582  5608  5586    12
11159   5624  5642  5608    12
11160   5586  5595  5562    12
11161   5625  5662  5651    12
11162   5695  5660  5651    12
11163   5614  5576  5621    12
11164   5696  5651  5662    12
11165   5696  5734  5695    12
11166   5660  5695  5714    12
11167   5651  5696  5695    12
11168   5726  5672  5714    12
11169   5614  5621  5660    12
11170   5714  5672  5660    12
11171   5689  5729  5693    12
11172   5637  5587  5614    12
11173   5565  5600  5551    12
11174   5587  5637  5615    12
11175   5614  5672  5637    12
11176   5473  5530  5513    12
11177   5504  5558  5530    12
11178   5530  5565  5513    12
11179   5568  5606  5584    12
11180   5513  5565  5551    12
11181   5530  5587  5565    12
11182   5589  5594  5552    12
11183   5659  5682  1837    12
11184   5589  5627  5594    12
11185   5646  5615  5656    12
11186   5600  5589  5551    12
11187   5526  5543  5496    12
11188   5551  5589  5552    12
11189   5600  5627  5589    12
11190   5584  5564  5543    12
11191   5577  5559  5540    12
11192   5594  5568  5552    12
11193   5594  5606  5568    12
11194   5564  5540  5533    12
11195   5559  5536  5540    12
11196   5598  5577  5564    12
11197   5598  1828  1824    12
11198   1823  1824  5619    12
11199   1823  5577  1824    12
11200   5636  5617  5606    12
11201   5636  1831  5617    12
11202   5568  5584  5543    12
11203   5606  5617  5584    12
11204   5657  5631  5627    12
11205   5636  5606  5631    12
11206   5664  1831  5688    12
11207   1831  5636  1834    12
11208   5687  5654  5679    12
11209   5654  5619  5645    12
11210   5679  5664  5705    12
11211   5679  5645  5664    12
11212   5698  5691  5730    12
11213   5679  5705  5721    12
11214   5664  5688  5705    12
11215   5736  1839  5754    12
11216   1834  1837  5708    12
11217   1834  5636  5659    12
11218   5736  5708  1837    12
11219   5688  1834  5708    12
11220   5600  5646  5627    12
11221   5735  5757  5778    12
11222   5693  5716  5674    12
11223   5716  5735  5699    12
11224   5674  5657  5627    12
11225   5674  5699  5657    12
11226   5631  5659  5636    12
11227   5631  5657  5659    12
11228   5627  5646  5674    12
11229   5600  5615  5646    12
11230   5672  5689  5637    12
11231   5693  5646  5656    12
11232   5729  5689  5726    12
11233   5656  5637  5689    12
11234   5674  5716  5699    12
11235   5693  5729  5733    12
11236   5716  5733  5757    12
11237   5716  5693  5733    12
11238   1839  5735  5754    12
11239   5716  5757  5735    12
11240   5794  5779  5754    12
11241   5746  5789  5771    12
11242   5754  5779  5736    12
11243   5807  5834  5789    12
11244   5818  5800  5844    12
11245   5818  5778  5800    12
11246   5729  5777  5773    12
11247   5770  5823  5777    12
11248   5858  5844  5814    12
11249   5800  5773  5814    12
11250   5867  5844  5887    12
11251   5800  5814  5844    12
11252   5915  5858  5873    12
11253   5887  5911  5867    12
11254   5915  5887  5858    12
11255   5915  5942  5887    12
11256   5942  5993  5952    12
11257   5982  6020  6041    12
11258   5906  5867  5911    12
11259   5835  5818  5867    12
11260   5952  5997  5946    12
11261   5993  6041  6049    12
11262   5867  5818  5844    12
11263   5835  5794  5818    12
11264   5898  5866  5906    12
11265   5821  5835  5866    12
11266   5859  5813  5834    12
11267   5821  5866  5852    12
11268   5859  5883  5913    12
11269   5852  5866  5898    12
11270   5883  5898  5934    12
11271   5883  5852  5898    12
11272   5963  5981  6016    12
11273   5934  5946  5981    12
11274   5981  5963  5934    12
11275   5991  6038  6009    12
11276   6044  6016  6080    12
11277   6044  5991  6016    12
11278   5837  5859  5885    12
11279   5834  5852  5883    12
11280   5963  5913  5934    12
11281   5963  5936  5913    12
11282   5786  5784  5761    12
11283   5807  5779  5821    12
11284   5859  5834  5883    12
11285   5813  5771  5789    12
11286   5813  5789  5834    12
11287   5746  5721  5705    12
11288   5762  5807  5789    12
11289   5821  5852  5807    12
11290   5688  5727  5705    12
11291   5736  5779  5762    12
11292   5736  5762  5727    12
11293   5779  5807  5762    12
11294   5727  5746  5705    12
11295   5711  5687  5721    12
11296   5762  5746  5727    12
11297   5771  5721  5746    12
11298   5771  5747  5721    12
11299   5771  5813  5792    12
11300   5732  5730  5768    12
11301   5732  5690  5698    12
11302   5805  5768  5764    12
11303   5730  5691  5723    12
11304   5756  5732  5768    12
11305   5837  5813  5859    12
11306   5849  5815  5805    12
11307   5854  5853  5820    12
11308   5837  5792  5813    12
11309   5764  5747  5792    12
11310   5768  5805  5815    12
11311   5764  5792  5805    12
11312   5849  5837  5885    12
11313   5805  5792  5837    12
11314   5913  5936  5885    12
11315   5991  6044  6038    12
11316   5963  5991  5936    12
11317   5991  6009  5971    12
11318   5936  5991  5971    12
11319   5963  6016  5991    12
11320   5971  5927  5936    12
11321   5971  5969  5927    12
11322   5971  6009  5969    12
11323   6038  6052  6009    12
11324   5890  5849  5885    12
11325   5890  5854  5849    12
11326   5936  5890  5885    12
11327   5927  5889  5890    12
11328   5817  5853  5840    12
11329   5889  5931  5894    12
11330   5849  5854  5815    12
11331   5889  5853  5854    12
11332   5889  5894  5853    12
11333   5923  5959  5951    12
11334   5931  5932  5894    12
11335   5931  5969  5967    12
11336   6007  5967  5969    12
11337   6007  5999  5967    12
11338   5894  5871  5853    12
11339   5868  5891  5886    12
11340   5853  5871  5840    12
11341   5894  5932  5897    12
11342   5715  5732  5756    12
11343   5820  5853  5817    12
11344   5808  5817  5840    12
11345   5786  5783  5820    12
11346   5761  5756  5786    12
11347   5768  5815  5783    12
11348   5786  5820  5817    12
11349   5815  5854  5820    12
11350   5783  5756  5768    12
11351   5715  5690  5732    12
11352   5786  5756  5783    12
11353   5738  5715  5756    12
11354   5702  1050  1048    12
11355   5761  5784  1042    12
11356   5738  5761  1048    12
11357   5738  5756  5761    12
11358   5655  1054  5677    12
11359   5715  5738  1050    12
11360   5666  5647  5677    12
11361   5553  5545  5527    12
11362   5722  5694  5702    12
11363   1054  1058  5690    12
11364   5647  5655  5677    12
11365   5623  5601  5578    12
11366   5629  5597  5604    12
11367   5629  1061  1058    12
11368   1058  1054  5655    12
11369   5690  5715  1054    12
11370   5634  5648  5665    12
11371   5730  5732  5698    12
11372   5663  5665  5698    12
11373   5675  5687  5711    12
11374   5764  5723  5747    12
11375   5764  5730  5723    12
11376   5665  5675  5691    12
11377   5630  5654  5675    12
11378   5723  5711  5747    12
11379   5723  5691  5711    12
11380   5665  5648  5675    12
11381   5612  5630  5648    12
11382   5619  5654  5630    12
11383   5645  5679  5654    12
11384   5578  5601  5570    12
11385   5612  5648  5634    12
11386   5698  5665  5691    12
11387   5663  5634  5665    12
11388   1063  5580  1065    12
11389   5555  1817  1819    12
11390   1061  5604  1063    12
11391   5604  5572  5580    12
11392   5555  1819  5575    12
11393   5575  5599  5612    12
11394   5599  5619  5630    12
11395   1824  5645  5619    12
11396   5580  5555  1065    12
11397   5515  5536  1819    12
11398   5555  5575  1065    12
11399   1819  1820  5575    12
11400   5572  5542  5580    12
11401   5517  1812  1815    12
11402   5542  5555  5580    12
11403   5542  1815  1817    12
11404   1063  5604  5580    12
11405   5597  5578  5553    12
11406   5634  1061  1063    12
11407   1058  5655  5629    12
11408   1061  5629  5604    12
11409   5655  5647  5623    12
11410   5663  1061  5634    12
11411   5663  1058  1061    12
11412   5604  5597  5572    12
11413   5629  5623  5597    12
11414   5655  5623  5629    12
11415   5647  5601  5623    12
11416   5517  5553  5527    12
11417   5572  5597  5553    12
11418   5553  5578  5545    12
11419   5597  5623  5578    12
11420   5493  5508  5471    12
11421   5527  5545  5508    12
11422   5449  5472  1812    12
11423   1817  5515  1819    12
11424   5517  1815  5542    12
11425   5472  5494  1815    12
11426   5344  5388  5402    12
11427   5388  5369  5414    12
11428   5428  5449  1811    12
11429   5432  5472  5449    12
11430   5449  5428  5402    12
11431   1811  5471  1810    12
11432   5450  1810  5471    12
11433   5428  1811  1810    12
11434   3940  5290  5332    12
11435   5340  5368  5387    12
11436   5355  5332  5290    12
11437   5387  5399  1809    12
11438   5340  5387  5355    12
11439   5298  5340  5290    12
11440   5298  5309  5368    12
11441   5341  5344  5295    12
11442   5295  5309  3937    12
11443   5344  5368  5309    12
11444   5298  5368  5340    12
11445   5344  5402  5368    12
11446   1810  5399  5428    12
11447   5387  5368  5399    12
11448   5429  5470  5452    12
11449   5414  5432  5388    12
11450   3935  3934  5336    12
11451   5293  5369  5341    12
11452   3934  5330  5336    12
11453   3933  5330  3934    12
11454   5336  5330  5384    12
11455   3933  3932  5315    12
11456   5293  5336  5369    12
11457   5293  3935  5336    12
11458   5336  5384  5369    12
11459   5375  5371  5422    12
11460   5384  5414  5369    12
11461   5452  5432  5414    12
11462   5419  5429  5384    12
11463   5466  5470  5429    12
11464   5341  5388  5344    12
11465   5341  5369  5388    12
11466   5429  5452  5414    12
11467   5470  5494  5452    12
11468   5452  5494  5472    12
11469   5470  5515  5494    12
11470   5542  1817  5555    12
11471   1815  5494  1817    12
11472   5419  5466  5429    12
11473   5499  5533  5540    12
11474   5515  5500  5536    12
11475   5515  5470  5500    12
11476   5536  5509  5540    12
11477   5500  5466  5509    12
11478   5330  5367  5384    12
11479   5422  5463  5419    12
11480   5463  5499  5509    12
11481   5462  5422  5413    12
11482   5526  5496  5477    12
11483   5462  5499  5463    12
11484   5453  5462  5413    12
11485   5501  5533  5499    12
11486   5453  5496  5462    12
11487   5526  5568  5543    12
11488   5462  5501  5499    12
11489   5496  5543  5501    12
11490   5431  5458  5477    12
11491   5467  5513  5506    12
11492   5506  5526  5477    12
11493   5552  5568  5526    12
11494   5467  5473  5513    12
11495   5425  5459  5473    12
11496   5458  5506  5477    12
11497   5513  5551  5506    12
11498   5363  5418  5405    12
11499   5424  5467  5418    12
11500   5496  5453  5477    12
11501   5418  5467  5458    12
11502   5397  5431  5453    12
11503   5405  5418  5458    12
11504   5397  5453  5413    12
11505   5431  5477  5453    12
11506   5371  5325  5358    12
11507   5363  5372  5418    12
11508   5376  5405  5431    12
11509   5376  5326  5363    12
11510   5318  5372  5363    12
11511   5335  5324  5383    12
11512   5328  5381  5372    12
11513   5383  5425  5381    12
11514   3927  5318  5326    12
11515   3927  3926  5318    12
11516   5328  5335  5381    12
11517   5328  3925  5335    12
11518   5376  5334  5326    12
11519   5358  5413  5371    12
11520   5376  5363  5405    12
11521   5326  5318  5363    12
11522   3930  5308  5325    12
11523   5334  5376  5358    12
11524   5308  5358  5325    12
11525   5334  5358  5308    12
11526   5376  5431  5397    12
11527   5358  5397  5413    12
11528   5358  5376  5397    12
11529   5384  5367  5419    12
11530   5329  3932  3931    12
11531   5419  5375  5422    12
11532   5367  5315  5375    12
11533   5330  5315  5367    12
11534   5330  3933  5315    12
11535   3932  5329  5315    12
11536   5325  5371  5329    12
11537   3931  3930  5325    12
11538   3929  5308  3930    12
11539   5326  3928  3927    12
11540   5326  5334  3928    12
11541   5334  5308  3929    12
11542   5328  5318  3926    12
11543   5335  3925  3924    12
11544   5328  3926  3925    12
11545   3936  3935  5293    12
11546   5309  3938  3937    12
11547   5298  5290  3939    12
11548   3938  5298  3939    12
11549   5332  3941  3940    12
11550   5305  3948  3947    12
11551   3949  5331  3950    12
11552   5311  5312  3945    12
11553   5398  5360  5365    12
11554   5305  3947  5317    12
11555   5317  5312  5365    12
11556   3945  3944  5311    12
11557   3945  5312  3946    12
11558   5311  5362  5312    12
11559   1806  1805  5291    12
11560   5339  5316  1804    12
11561   5373  5339  1805    12
11562   5412  5457  5409    12
11563   1804  5316  3943    12
11564   3943  5316  3944    12
11565   3941  5291  3942    12
11566   3941  5332  5291    12
11567   5290  5340  5355    12
11568   5373  1806  5391    12
11569   5291  5332  1806    12
11570   1809  1807  5387    12
11571   1806  5332  5355    12
11572   1806  5373  1805    12
11573   5410  5417  5382    12
11574   5427  1807  1809    12
11575   1806  5355  1807    12
11576   5510  5481  5468    12
11577   5382  5339  5373    12
11578   5468  5481  5440    12
11579   5456  5497  5457    12
11580   5427  5391  1807    12
11581   5440  5410  5391    12
11582   1810  5450  1809    12
11583   5450  5468  5427    12
11584   5468  5450  5490    12
11585   5427  1809  5450    12
11586   5427  5468  5440    12
11587   5490  5508  5529    12
11588   5490  5510  5468    12
11589   5541  5492  5525    12
11590   5490  5529  5510    12
11591   5545  5578  5570    12
11592   5529  5549  5510    12
11593   5639  5626  5666    12
11594   5570  5593  5549    12
11595   5649  5697  5678    12
11596   5525  5481  5510    12
11597   5446  5440  5481    12
11598   5541  5497  5492    12
11599   5492  5481  5525    12
11600   5481  5492  5446    12
11601   5525  5566  5541    12
11602   5487  5457  5497    12
11603   5456  5446  5492    12
11604   5596  5541  5566    12
11605   5487  5522  5482    12
11606   5635  5676  5649    12
11607   5563  5522  5520    12
11608   5541  5520  5497    12
11609   5567  5563  5520    12
11610   5616  5563  5567    12
11611   5605  5611  5560    12
11612   5520  5487  5497    12
11613   5442  5398  5409    12
11614   5457  5487  5442    12
11615   5520  5522  5487    12
11616   5442  5409  5457    12
11617   5362  5311  5366    12
11618   5365  5362  5409    12
11619   5417  5446  5456    12
11620   5366  5417  5412    12
11621   5410  5446  5417    12
11622   5497  5456  5492    12
11623   5457  5412  5456    12
11624   5339  5366  5316    12
11625   5412  5409  5362    12
11626   5366  5382  5417    12
11627   5366  5339  5382    12
11628   5305  5360  5359    12
11629   5317  5365  5360    12
11630   5412  5362  5366    12
11631   5365  5312  5362    12
11632   5360  5305  5317    12
11633   5319  3948  5305    12
11634   5395  5342  5354    12
11635   5380  5331  5319    12
11636   5301  5294  3951    12
11637   5443  5395  5400    12
11638   5301  5331  5354    12
11639   5400  5395  5354    12
11640   5415  5460  5430    12
11641   5408  5359  5360    12
11642   5408  5433  5380    12
11643   5408  5380  5359    12
11644   5400  5354  5380    12
11645   5484  5443  5433    12
11646   5400  5380  5433    12
11647   5442  5441  5398    12
11648   5482  5512  5465    12
11649   5482  5465  5441    12
11650   5512  5534  5484    12
11651   5563  5560  5522    12
11652   5583  5633  5581    12
11653   5581  5528  5534    12
11654   5581  5585  5535    12
11655   5560  5534  5512    12
11656   5560  5611  5583    12
11657   5433  5443  5400    12
11658   5486  5435  5443    12
11659   5512  5484  5465    12
11660   5534  5528  5484    12
11661   5386  5415  5430    12
11662   5435  5486  5485    12
11663   5528  5535  5486    12
11664   5511  5460  5485    12
11665   5486  5535  5485    12
11666   5528  5581  5535    12
11667   5535  5511  5485    12
11668   5561  5532  5511    12
11669   5591  5532  5561    12
11670   5556  5498  5532    12
11671   5386  5430  5403    12
11672   5460  5511  5479    12
11673   5451  5479  5498    12
11674   5430  5460  5479    12
11675   5333  5297  5352    12
11676   5297  3954  3953    12
11677   5333  5386  5346    12
11678   5352  5385  5415    12
11679   5338  5385  5352    12
11680   5342  5395  5385    12
11681   5352  5415  5386    12
11682   5385  5435  5415    12
11683   5297  5338  5352    12
11684   5338  5342  5385    12
11685   5301  5354  5342    12
11686   5386  5333  5352    12
11687   5303  3955  5333    12
11688   3954  5297  5333    12
11689   5346  5303  5333    12
11690   5297  3953  5338    12
11691   5294  3952  3951    12
11692   5338  3953  3952    12
11693   5342  5294  5301    12
11694   5342  5338  5294    12
11695   5301  3950  5331    12
11696   5301  3951  3950    12
11697   3949  3948  5319    12
11698   5331  3949  5319    12
11699   3957  5327  3958    12
11700   5364  5303  5346    12
11701   3956  3955  5303    12
11702   5313  5327  5370    12
11703   5313  3958  5327    12
11704   5306  3960  3959    12
11705   5302  3960  5306    12
11706   5351  5349  5306    12
11707   5314  5299  3962    12
11708   5361  5314  5302    12
11709   5361  5348  5314    12
11710   5302  3961  3960    12
11711   5302  5314  3961    12
11712   3964  3963  5321    12
11713   3965  3964  5292    12
11714   5416  5392  5374    12
11715   5292  3964  5321    12
11716   5242  5241  5392    12
11717   5292  5321  5347    12
11718   5392  5241  5347    12
11719   5374  5392  5347    12
11720   5438  5242  5392    12
11721   5438  5243  5242    12
11722   5495  5514  5476    12
11723   5579  5547  5569    12
11724   5476  5244  5243    12
11725   5476  5514  5244    12
11726   5244  5514  5245    12
11727   5610  5247  5579    12
11728   5245  5514  5547    12
11729   5247  5246  5579    12
11730   5547  5539  5569    12
11731   5547  5514  5539    12
11732   5590  5569  5548    12
11733   5539  5519  5548    12
11734   5548  5569  5539    12
11735   5548  5574  5590    12
11736   5438  5392  5416    12
11737   5483  5531  5505    12
11738   5628  5613  5670    12
11739   5548  5505  5531    12
11740   5461  5437  5475    12
11741   5519  5539  5495    12
11742   5475  5519  5495    12
11743   5505  5548  5519    12
11744   5476  5461  5495    12
11745   5394  5411  5445    12
11746   5438  5461  5476    12
11747   5438  5416  5461    12
11748   5437  5416  5394    12
11749   5347  5321  5374    12
11750   5394  5416  5374    12
11751   5437  5461  5416    12
11752   5374  5348  5394    12
11753   5374  5321  5348    12
11754   5445  5411  5444    12
11755   5394  5361  5411    12
11756   5505  5445  5483    12
11757   5437  5394  5445    12
11758   5461  5475  5495    12
11759   5437  5445  5475    12
11760   5313  5370  5351    12
11761   5377  5327  5320    12
11762   5451  5464  5420    12
11763   5364  5377  5320    12
11764   5306  5349  5302    12
11765   5396  5411  5349    12
11766   5406  5370  5423    12
11767   5406  5351  5370    12
11768   5386  5403  5346    12
11769   5377  5370  5327    12
11770   5403  5420  5364    12
11771   5423  5370  5377    12
11772   5479  5451  5430    12
11773   5420  5377  5364    12
11774   5377  5420  5423    12
11775   5464  5498  5518    12
11776   5403  5451  5420    12
11777   5403  5430  5451    12
11778   5454  5464  5488    12
11779   5423  5420  5464    12
11780   5454  5444  5406    12
11781   5483  5445  5444    12
11782   5423  5454  5406    12
11783   5488  5502  5454    12
11784   5538  5554  5502    12
11785   5531  5483  5502    12
11786   5592  5554  5538    12
11787   5574  5548  5531    12
11788   5613  5573  5556    12
11789   5488  5464  5518    12
11790   5488  5538  5502    12
11791   5518  5556  5573    12
11792   5538  5573  5592    12
11793   5538  5518  5573    12
11794   5592  5603  5554    12
11795   5641  5667  5673    12
11796   5613  5628  5573    12
11797   5603  5574  5554    12
11798   5628  5640  5592    12
11799   5644  5618  5603    12
11800   5684  5680  5640    12
11801   5700  5742  5724    12
11802   5684  5640  5628    12
11803   5592  5573  5628    12
11804   5670  5684  5628    12
11805   5680  5644  5640    12
11806   5712  5731  5670    12
11807   5731  5765  5719    12
11808   5766  5785  5731    12
11809   5765  5795  5750    12
11810   5765  5731  5785    12
11811   5684  5670  5731    12
11812   5712  5766  5731    12
11813   5841  5878  5888    12
11814   5719  5765  5750    12
11815   5781  5803  5763    12
11816   5811  5765  5785    12
11817   5750  5709  5719    12
11818   5719  5709  5680    12
11819   5704  5739  5251    12
11820   5684  5719  5680    12
11821   5684  5731  5719    12
11822   5750  5742  5709    12
11823   5750  5795  5781    12
11824   5724  5763  5739    12
11825   5742  5750  5781    12
11826   5742  5781  5763    12
11827   5819  5843  5803    12
11828   5831  5801  5803    12
11829   5803  5801  5772    12
11830   5831  5255  5254    12
11831   5673  5724  5704    12
11832   5724  5739  5704    12
11833   5668  5673  5704    12
11834   5742  5763  5724    12
11835   5609  5641  5638    12
11836   5704  5250  5668    12
11837   5700  5673  5667    12
11838   5668  5638  5673    12
11839   5700  5667  5709    12
11840   5641  5609  5618    12
11841   5742  5700  5709    12
11842   5724  5673  5700    12
11843   5603  5618  5574    12
11844   5609  5569  5590    12
11845   5574  5618  5590    12
11846   5644  5667  5618    12
11847   5610  5579  5609    12
11848   5246  5547  5579    12
11849   5667  5641  5618    12
11850   5673  5638  5641    12
11851   5638  5610  5609    12
11852   5248  5247  5610    12
11853   5638  5249  5248    12
11854   5668  5250  5249    12
11855   5704  5251  5250    12
11856   5739  5252  5251    12
11857   5739  5772  5252    12
11858   5772  5253  5252    12
11859   5255  5831  5862    12
11860   5892  5257  5256    12
11861   5801  5254  5253    12
11862   5801  5831  5254    12
11863   6026  5262  5261    12
11864   5957  5259  5258    12
11865   5992  6027  6008    12
11866   5996  5261  5260    12
11867   5996  5260  5957    12
11868   5944  5962  5980    12
11869   6037  6008  6027    12
11870   5996  6026  5261    12
11871   6008  6026  5996    12
11872   6037  6027  6061    12
11873   5980  5962  5992    12
11874   6113  6091  6116    12
11875   5961  5933  5925    12
11876   6028  6058  6027    12
11877   5961  5992  5962    12
11878   5944  5924  5912    12
11879   5996  5980  6008    12
11880   5962  5933  5961    12
11881   6008  5980  5992    12
11882   5944  5933  5962    12
11883   5957  5980  5996    12
11884   5957  5944  5980    12
11885   5862  5879  5892    12
11886   5933  5944  5912    12
11887   5912  5924  5892    12
11888   5944  5957  5924    12
11889   5781  5819  5803    12
11890   5819  5857  5843    12
11891   5843  5862  5831    12
11892   5843  5857  5879    12
11893   5795  5819  5781    12
11894   5819  5838  5857    12
11895   5838  5856  5882    12
11896   5896  5933  5912    12
11897   5843  5879  5862    12
11898   5857  5896  5879    12
11899   5838  5882  5857    12
11900   5882  5903  5925    12
11901   5765  5811  5795    12
11902   5878  5824  5869    12
11903   5857  5882  5896    12
11904   5856  5888  5903    12
11905   5824  5841  5785    12
11906   5856  5838  5811    12
11907   5795  5838  5819    12
11908   5795  5811  5838    12
11909   5766  5824  5785    12
11910   5966  5937  5975    12
11911   5811  5841  5856    12
11912   5811  5785  5841    12
11913   5926  5888  5878    12
11914   5841  5824  5878    12
11915   5841  5888  5856    12
11916   5878  5918  5926    12
11917   5856  5903  5882    12
11918   5888  5937  5903    12
11919   5888  5926  5937    12
11920   5958  5987  6002    12
11921   5896  5925  5933    12
11922   5903  5937  5925    12
11923   5937  5966  5925    12
11924   5995  5992  5961    12
11925   5995  5966  6005    12
11926   5961  5925  5966    12
11927   5966  5995  5961    12
11928   6028  6027  5995    12
11929   5926  5975  5937    12
11930   5958  5918  5949    12
11931   5975  6005  5966    12
11932   6021  6051  6005    12
11933   6010  6024  5987    12
11934   6076  6106  6065    12
11935   5926  5958  5975    12
11936   5987  6024  6002    12
11937   5949  5977  5987    12
11938   6035  6068  6046    12
11939   5987  5977  6010    12
11940   5950  5940  5917    12
11941   6011  5984  5976    12
11942   6011  6012  5984    12
11943   5977  6012  6010    12
11944   6011  6032  6012    12
11945   6060  6032  6034    12
11946   6059  6035  6032    12
11947   6034  6023   952    12
11948   6011  5976  5998    12
11949   6001   963  6023    12
11950   6031  6042  6066    12
11951    979   969  5979    12
11952   6013  6031   969    12
11953    969  6031   963    12
11954   6013  6022  6042    12
11955   5954  5956  5979    12
11956   5990  6022  6013    12
11957   5956   985   979    12
11958   6004  5968  5978    12
11959   5945  5908  5935    12
11960   5908  5874  5870    12
11961   5970  5998  5976    12
11962   6001  6023  5998    12
11963   5922  5954  5935    12
11964   5979  5970  5954    12
11965   5872  5902  5901    12
11966    999  5881  1006    12
11967    979   985  5990    12
11968   5930  5922  5902    12
11969   5922  5901  5902    12
11970   5872  5842  5875    12
11971   5956  5930   985    12
11972   5907  5875  5881    12
11973   5956  5922  5930    12
11974   5956  5954  5922    12
11975   5976  5950  5945    12
11976   5901  5922  5935    12
11977   5945  5914  5908    12
11978   5874  5836  5829    12
11979   5950  5914  5945    12
11980   5870  5829  5833    12
11981   5970  5945  5935    12
11982   5976  5984  5950    12
11983   5977  5950  5984    12
11984   5977  5949  5940    12
11985   5918  5905  5949    12
11986   5917  5914  5950    12
11987   5975  5958  6002    12
11988   5926  5918  5958    12
11989   5884  5905  5847    12
11990   5940  5949  5905    12
11991   5905  5884  5940    12
11992   5876  5874  5914    12
11993   5905  5869  5847    12
11994   5905  5918  5869    12
11995   5876  5884  5839    12
11996   5810  5824  5766    12
11997   5839  5884  5847    12
11998   5917  5940  5884    12
11999   5728  5791  5760    12
12000   5847  5869  5810    12
12001   5797  5839  5791    12
12002   5839  5847  5791    12
12003   5707  5766  5712    12
12004   5760  5810  5766    12
12005   5791  5810  5760    12
12006   5869  5824  5810    12
12007   5671  5707  5653    12
12008   5760  5766  5707    12
12009   5632  5692  5671    12
12010   5752  5791  5728    12
12011   5622  5591  5561    12
12012   5653  5613  5591    12
12013   5585  5622  5561    12
12014   5671  5653  5622    12
12015   5632  5581  5633    12
12016   5632  5622  5585    12
12017   5535  5585  5561    12
12018   5581  5632  5585    12
12019   5633  5692  5632    12
12020   5741  5752  5692    12
12021   5692  5752  5728    12
12022   5741  5790  5797    12
12023   5650  5703  5658    12
12024   5796  5833  5829    12
12025   5703  5753  5710    12
12026   5796  5829  5790    12
12027   5560  5583  5534    12
12028   5611  5633  5583    12
12029   5658  5685  5633    12
12030   5710  5741  5685    12
12031   5563  5616  5605    12
12032   5703  5710  5658    12
12033   5697  5713  5743    12
12034   5753  5755  5710    12
12035   5725  5753  5703    12
12036   5799  5833  5796    12
12037   5753  5796  5755    12
12038   5753  5769  5799    12
12039   5753  5799  5796    12
12040   5812  5787  5825    12
12041   5769  5787  5812    12
12042   5875  5902  5872    12
12043   5741  5797  5752    12
12044   5790  5829  5836    12
12045   5876  5836  5874    12
12046   5839  5797  5836    12
12047   5914  5874  5908    12
12048   5914  5917  5876    12
12049   5884  5876  5917    12
12050   5839  5836  5876    12
12051   5908  5870  5901    12
12052   5874  5829  5870    12
12053   5812  5850  5842    12
12054   5881   999  5907    12
12055   5825  5787  5802    12
12056   5678  5703  5650    12
12057   5749  5775  5740    12
12058   5806  1025  5830    12
12059   5830  5802  5806    12
12060   5767  5744  5774    12
12061   5740  5744  5706    12
12062   5774  5802  5767    12
12063   5787  5767  5802    12
12064   5787  5769  5743    12
12065   5678  5725  5703    12
12066   5769  5753  5725    12
12067   5767  5743  5744    12
12068   5767  5787  5743    12
12069   5725  5678  5697    12
12070   5596  5567  5541    12
12071   5725  5697  5743    12
12072   5678  5616  5649    12
12073   5650  5616  5678    12
12074   5650  5605  5616    12
12075   5596  5649  5616    12
12076   5596  5635  5649    12
12077   5567  5596  5616    12
12078   5626  5601  5647    12
12079   5676  5635  5669    12
12080   5596  5566  5607    12
12081   5744  5713  5706    12
12082   5697  5649  5676    12
12083   5743  5713  5744    12
12084   5697  5676  5713    12
12085   5676  5669  5706    12
12086   5635  5607  5639    12
12087   5596  5607  5635    12
12088   5566  5549  5593    12
12089   5635  5639  5669    12
12090   5607  5593  5639    12
12091   5529  5570  5549    12
12092   5529  5545  5570    12
12093   5566  5593  5607    12
12094   5570  5601  5593    12
12095   5666  5626  5647    12
12096   5639  5593  5626    12
12097   5702  5666  5677    12
12098   5669  5639  5666    12
12099   1050  5702  5677    12
12100   1048  1042  5722    12
12101   5706  5722  5740    12
12102   5702  1048  5722    12
12103   5706  5694  5722    12
12104   5706  5669  5694    12
12105   1036  5775  5749    12
12106   5775  5774  5740    12
12107   1042  1036  5749    12
12108   1033  5806  5775    12
12109   5774  5806  5802    12
12110   5845  5828  5864    12
12111   5784  1036  1042    12
12112   1033  5775  1036    12
12113   5784  5808  1036    12
12114   5784  5817  5808    12
12115   5808  5828  1033    12
12116   5840  5871  5864    12
12117   5891  5864  5897    12
12118   5828  5840  5864    12
12119   5891  5897  5923    12
12120   5864  5871  5897    12
12121   1018  5868  5886    12
12122   5845  5864  5868    12
12123   5886  5891  5919    12
12124   5868  5864  5891    12
12125   1033  1025  5806    12
12126   1033  5828  5845    12
12127   1025  5845  5868    12
12128   1025  1033  5845    12
12129   5855  5825  5830    12
12130   5812  5799  5769    12
12131   5802  5830  5825    12
12132   1025  5868  1018    12
12133   5850  5812  5825    12
12134   5842  5799  5812    12
12135   5881  5850  5855    12
12136   5875  5842  5850    12
12137   5850  5881  5875    12
12138   5972   994  5948    12
12139   1014  1006  5881    12
12140   1014  5886  5910    12
12141   5855  1018  1014    12
12142   5830  1025  1018    12
12143   5881  5855  1014    12
12144   5850  5825  5855    12
12145   5948   999  5929    12
12146   5968  5943  5978    12
12147   1006  5929   999    12
12148   5910  5886  5919    12
12149    994  5907   999    12
12150   5902  5875  5907    12
12151   5930   994   985    12
12152   5930  5907   994    12
12153   5943  5968  5929    12
12154   5972   985   994    12
12155    985  5972  5990    12
12156   5988  5978  5951    12
12157   5948  5968  5972    12
12158   5948  5929  5968    12
12159   6022  5994  6029    12
12160   6022  5990  5994    12
12161   5994  6004  6029    12
12162   5994  5968  6004    12
12163   6050  6017  6025    12
12164   6004  5978  6017    12
12165   1006  5910  5929    12
12166   1006  1014  5910    12
12167   5988  5951  5959    12
12168   5978  5943  5951    12
12169   5919  5923  5951    12
12170   5897  5932  5923    12
12171   5999  5988  5959    12
12172   6017  5978  5988    12
12173   5967  5999  5959    12
12174   6040  6077  6062    12
12175   5988  6025  6017    12
12176   5999  6040  6025    12
12177   6103  6066  6082    12
12178   6022  6029  6057    12
12179   6029  6064  6057    12
12180   6203  6237  6252    12
12181   6082  6093  6123    12
12182   6062  6025  6040    12
12183   6066  6042  6057    12
12184   6057  6093  6082    12
12185   6070  6083  6094    12
12186   6054  6031  6066    12
12187   6013  6042  6031    12
12188   6022  6057  6042    12
12189   6083  6066  6103    12
12190   6083  6070  6054    12
12191    963   952  6023    12
12192    963  6031  6054    12
12193   6083  6054  6066    12
12194   6070   952  6054    12
12195   6070   945   952    12
12196   6032  6011  6034    12
12197   6078  6059  6060    12
12198   6068  6035  6059    12
12199    925  6104  6078    12
12200   6059  6032  6060    12
12201    945   935  6060    12
12202    925  6111  6134    12
12203    935   945  6094    12
12204   6060  6034   945    12
12205   6111   935  6094    12
12206   6078  6060   935    12
12207   6083  6115  6094    12
12208    920   910  6119    12
12209    935   925  6078    12
12210   6136  6160  6149    12
12211   6111   925   935    12
12212   6134  6168  6150    12
12213    925   920  6104    12
12214   6136   896  6160    12
12215    925  6134   920    12
12216   6168  6193  6176    12
12217    920  6134  6150    12
12218   6146  6174  6168    12
12219   6111  6146  6134    12
12220   6122  6094  6115    12
12221   6146  6147  6174    12
12222   6146  6111  6122    12
12223   6183  6155  6188    12
12224   6147  6115  6155    12
12225   6122  6115  6147    12
12226   6083  6103  6115    12
12227   6146  6122  6147    12
12228   6111  6094  6122    12
12229   6129  6123  6159    12
12230   6204  6203  6252    12
12231   6115  6129  6155    12
12232   6103  6123  6129    12
12233   6129  6159  6155    12
12234   6123  6161  6159    12
12235   6093  6124  6123    12
12236   6166  6124  6128    12
12237   6166  6204  6161    12
12238   6239  6224  6195    12
12239   6224  6216  6188    12
12240   6174  6147  6183    12
12241   6159  6188  6155    12
12242   6159  6195  6188    12
12243   6277  6242  6249    12
12244   6190  6206  6225    12
12245   6261  6295  6249    12
12246   6319  6342  6301    12
12247   6188  6216  6183    12
12248   6249  6242  6216    12
12249   6287  6261  6239    12
12250   6287  6328  6295    12
12251   6295  6328  6319    12
12252   6287  6300  6336    12
12253   6344  6395  6379    12
12254   6373  6394  6355    12
12255   6379  6373  6336    12
12256   6379  6418  6373    12
12257   6373  6418  6394    12
12258   6463  6499  6465    12
12259   6328  6355  6319    12
12260   6328  6373  6355    12
12261   6394  6438  6421    12
12262   6418  6463  6438    12
12263   6277  6295  6319    12
12264   6261  6287  6295    12
12265   6355  6342  6319    12
12266   6354  6386  6385    12
12267   6290  6301  6326    12
12268   6277  6319  6301    12
12269   6298  6282  6315    12
12270   6301  6342  6326    12
12271   6342  6363  6326    12
12272   6376  6421  6404    12
12273   6376  6404  6363    12
12274   6421  6450  6404    12
12275   6420  6386  6404    12
12276   6354  6340  6324    12
12277   6450  6420  6404    12
12278   6420  6443  6411    12
12279   6348  6315  6326    12
12280   6263  6235  6228    12
12281   6315  6348  6324    12
12282   6326  6363  6348    12
12283   6263  6266  6235    12
12284   6248  6225  6235    12
12285   6282  6266  6290    12
12286   6248  6235  6266    12
12287   6209  6228  6193    12
12288   6242  6263  6228    12
12289   6277  6263  6242    12
12290   6290  6266  6263    12
12291   6174  6193  6168    12
12292   6228  6235  6206    12
12293   6183  6209  6174    12
12294   6216  6242  6209    12
12295   6168  6176  6150    12
12296   6190  6225  6211    12
12297   6193  6206  6176    12
12298   6193  6228  6206    12
12299   6231  6264  6251    12
12300   6248  6282  6264    12
12301   6189  6219  6201    12
12302   6284  6270  6294    12
12303   6294  6270  6281    12
12304   6294  6307  6284    12
12305   6251  6281  6270    12
12306   6264  6298  6281    12
12307   6322  6294  6312    12
12308   6286  6316  6308    12
12309   6315  6282  6290    12
12310   6298  6264  6282    12
12311   6298  6315  6324    12
12312   6290  6326  6315    12
12313   6386  6354  6348    12
12314   6369  6340  6354    12
12315   6398  6385  6411    12
12316   6369  6354  6385    12
12317   6398  6411  6431    12
12318   6385  6386  6411    12
12319   6411  6443  6431    12
12320   6457  6488  6443    12
12321   6398  6382  6369    12
12322   6427  6414  6449    12
12323   6385  6398  6369    12
12324   6431  6412  6398    12
12325   6369  6353  6340    12
12326   6335  6307  6322    12
12327   6322  6353  6335    12
12328   6369  6382  6353    12
12329   6322  6307  6294    12
12330   6286  6308  6275    12
12331   6335  6360  6341    12
12332   6382  6412  6390    12
12333   6398  6412  6382    12
12334   6547  6507  6526    12
12335   6360  6390  6366    12
12336   6436  6471  6449    12
12337   6390  6423  6399    12
12338   6412  6431  6446    12
12339   6335  6316  6307    12
12340   6335  6341  6316    12
12341   6366  6390  6399    12
12342   6360  6382  6390    12
12343   6262   853  6284    12
12344   6274  6293  6313    12
12345   6316  6286  6307    12
12346   6262  6275  6245    12
12347    853  6262  6241    12
12348    858  6270   853    12
12349   6286  6284  6307    12
12350   6286  6262  6284    12
12351    858  6241  6219    12
12352   6218  6194  6179    12
12353   6219  6241  6229    12
12354    858   853  6241    12
12355   6241  6262  6229    12
12356   6247  6243  6221    12
12357   6275  6262  6286    12
12358   6245  6229  6262    12
12359   6245  6218  6229    12
12360   6218  6247  6221    12
12361   6156  6189  6169    12
12362   6194  6163  6179    12
12363   6169  6201  6179    12
12364   6219  6229  6201    12
12365   6141  6169  6179    12
12366   6156  6175  6189    12
12367   6181  6175  6149    12
12368   6081  6100  6063    12
12369   6169  6189  6201    12
12370   6175  6202  6189    12
12371   6219  6202   872    12
12372   6219  6189  6202    12
12373   6211   891  6190    12
12374    881  6202  6181    12
12375    872   881  6231    12
12376    872  6202   881    12
12377    896  6190   891    12
12378   6176  6206  6190    12
12379   6231  6211  6225    12
12380    881   891  6211    12
12381   6150   910   920    12
12382   6150  6176   910    12
12383    891  6160   896    12
12384   6175  6156  6149    12
12385   6181  6149  6160    12
12386   6156  6137  6132    12
12387    891  6181  6160    12
12388    891   881  6181    12
12389   6084  6105  6068    12
12390   6136   910   896    12
12391   6081  6117  6100    12
12392   6105  6119  6136    12
12393   6084  6119  6105    12
12394   6104   920  6119    12
12395   6105  6136  6117    12
12396   6119   910  6136    12
12397   6012  6035  6010    12
12398   6012  6032  6035    12
12399   6078  6084  6059    12
12400   6104  6119  6084    12
12401   6010  6046  6024    12
12402   6010  6035  6046    12
12403   6105  6081  6068    12
12404   6105  6117  6081    12
12405   6046  6063  6024    12
12406   6100  6110  6076    12
12407   6039  6076  6065    12
12408   6063  6100  6076    12
12409   6117  6132  6100    12
12410   6156  6169  6137    12
12411   6100  6132  6110    12
12412   6117  6149  6132    12
12413   6110  6137  6106    12
12414   6110  6132  6137    12
12415   6137  6141  6106    12
12416   6137  6169  6141    12
12417   6002  6039  6021    12
12418   6002  6024  6039    12
12419   6039  6065  6021    12
12420   6096  6086  6051    12
12421   6005  6051  6028    12
12422   6065  6096  6051    12
12423   6090  6058  6086    12
12424   6090  6061  6058    12
12425   6067  6037  6061    12
12426   6027  6058  6061    12
12427   6144  6116  6148    12
12428   6090  6086  6118    12
12429   6096  6125  6086    12
12430   6200  6214  6226    12
12431   6106  6096  6065    12
12432   6106  6141  6096    12
12433   6086  6125  6118    12
12434   6096  6141  6125    12
12435   6125  6153  6118    12
12436   6163  6194  6187    12
12437   6163  6187  6153    12
12438   6194  6221  6187    12
12439   6214  6221  6243    12
12440   6194  6218  6221    12
12441   6275  6247  6245    12
12442   6274  6278  6243    12
12443   6214  6250  6226    12
12444   6278  6310  6288    12
12445   6255  6240  6267    12
12446   6250  6278  6267    12
12447   6170  6148  6182    12
12448   6116  6118  6148    12
12449   6200  6182  6214    12
12450   6148  6153  6182    12
12451   6240  6223  6226    12
12452   6192  6170  6200    12
12453   6255  6223  6240    12
12454   6184  6165  6192    12
12455   6250  6240  6226    12
12456   6279  6291  6269    12
12457   6238  6255  6269    12
12458   6238  6223  6255    12
12459   6223  6192  6200    12
12460   6223  6238  6213    12
12461   6184  6213  5268    12
12462   6192  6223  6213    12
12463   6140  6113  6144    12
12464   6085  6056  6067    12
12465   5266  6140  6165    12
12466   6140  6144  6165    12
12467   6113  6116  6144    12
12468   6165  6170  6192    12
12469   6144  6148  6170    12
12470   6091  6067  6061    12
12471   6026  6008  6037    12
12472   6116  6091  6090    12
12473   6113  6085  6091    12
12474   5263  6056  6085    12
12475   6026  6037  6056    12
12476   6085  6067  6091    12
12477   6056  6037  6067    12
12478   6056  5263  5262    12
12479   6140  6112  6113    12
12480   6140  5266  5265    12
12481   6140  5265  6112    12
12482   5268  5267  6184    12
12483   6213  6184  6192    12
12484   5267  6165  6184    12
12485   6238  5269  6213    12
12486   6213  5269  5268    12
12487   6238  6269  5270    12
12488   6291  5271  6269    12
12489   6269  5271  5270    12
12490   6356  6365  6383    12
12491   5274  6362  5275    12
12492   5277  5276  6408    12
12493   6428  5278  5277    12
12494   6448  5278  6428    12
12495   6402  6408  6389    12
12496   6428  5277  6408    12
12497   6402  6426  6408    12
12498   6453  6448  6426    12
12499   6387  6365  6368    12
12500   6343  5274  5273    12
12501   6365  6387  6383    12
12502   6427  6396  6414    12
12503   6389  5276  5275    12
12504   6362  6389  5275    12
12505   6383  6402  6389    12
12506   5273  6318  6343    12
12507   6383  6362  6356    12
12508   6383  6389  6362    12
12509   6306  6291  6279    12
12510   6318  5272  6291    12
12511   6306  6331  6318    12
12512   6362  5274  6343    12
12513   6267  6279  6255    12
12514   6288  6310  6320    12
12515   6331  6306  6320    12
12516   6318  6291  6306    12
12517   6365  6356  6349    12
12518   6343  6318  6331    12
12519   6343  6356  6362    12
12520   6331  6349  6356    12
12521   6331  6320  6349    12
12522   6306  6279  6288    12
12523   6313  6338  6310    12
12524   6350  6368  6338    12
12525   6243  6278  6250    12
12526   6243  6247  6274    12
12527   6306  6288  6320    12
12528   6267  6278  6288    12
12529   6275  6274  6247    12
12530   6275  6308  6293    12
12531   6275  6293  6274    12
12532   6308  6341  6329    12
12533   6278  6313  6310    12
12534   6293  6308  6329    12
12535   6366  6329  6341    12
12536   6350  6338  6313    12
12537   6366  6350  6329    12
12538   6366  6399  6380    12
12539   6366  6380  6350    12
12540   6399  6414  6380    12
12541   6383  6387  6402    12
12542   6368  6380  6396    12
12543   6368  6396  6387    12
12544   6380  6414  6396    12
12545   6402  6410  6426    12
12546   6402  6387  6410    12
12547   6455  6434  6427    12
12548   6453  6426  6434    12
12549   6455  6427  6449    12
12550   6434  6410  6427    12
12551   6459  6436  6423    12
12552   6449  6414  6436    12
12553   6455  6478  6476    12
12554   6589  6570  6616    12
12555   6478  6455  6449    12
12556   6476  6453  6455    12
12557   6476  6500  6496    12
12558   6478  6471  6501    12
12559   6500  6528  6518    12
12560   6535  6539  6564    12
12561   6500  6535  6528    12
12562   6500  6478  6510    12
12563   6510  6501  6539    12
12564   6501  6471  6494    12
12565   6500  6510  6535    12
12566   6478  6501  6510    12
12567   6510  6539  6535    12
12568   6501  6527  6539    12
12569   6535  6564  6562    12
12570   6539  6570  6589    12
12571   6626  6589  6616    12
12572   6564  6539  6589    12
12573   6638  6626  6672    12
12574   6626  6595  6589    12
12575   6618  6638  6654    12
12576   6672  6720  6679    12
12577   6651  6618  6654    12
12578   6727  6720  6769    12
12579   6562  6595  6586    12
12580   6564  6589  6595    12
12581   6651  6617  6618    12
12582   6586  6595  6618    12
12583   6599  6579  6617    12
12584   6567  6540  6550    12
12585   6599  6617  6633    12
12586   6579  6586  6617    12
12587   6695  6717  6675    12
12588   6675  6633  6651    12
12589   5283  5282  6540    12
12590   6654  6695  6651    12
12591   5284  5283  6567    12
12592   5282  6512  6540    12
12593   5285  6599  6633    12
12594   5285  5284  6599    12
12595   5280  6491  5281    12
12596   6518  6528  6550    12
12597   5283  6540  6567    12
12598   6512  6518  6540    12
12599   6496  6518  6512    12
12600   6496  6500  6518    12
12601   6567  6550  6579    12
12602   6540  6518  6550    12
12603   6473  6448  6453    12
12604   6468  5279  6448    12
12605   6448  6473  6468    12
12606   6453  6476  6473    12
12607   6468  6491  5280    12
12608   5281  6491  6512    12
12609   6468  6473  6491    12
12610   5285  6633  5286    12
12611   6599  5284  6567    12
12612   5287  5286  6675    12
12613   5287  6717  5288    12
12614   6675  6651  6695    12
12615   6717  6771  5288    12
12616   6717  6695  6749    12
12617   6828  5289  6771    12
12618   6771  6749  6828    12
12619   6696  6695  6654    12
12620   6749  6771  6717    12
12621   6696  6739  6695    12
12622   6827  6828  6749    12
12623   6638  6679  6654    12
12624   6773  6825  6826    12
12625   6773  6739  6696    12
12626   6827  6749  6739    12
12627   6827  6739  6826    12
12628   6769  6825  6773    12
12629   6826  6739  6773    12
12630   6727  6769  6773    12
12631   6654  6679  6696    12
12632   6638  6672  6679    12
12633   6696  6727  6773    12
12634   6679  6720  6727    12
12635   6672  6708  6720    12
12636   6761  6769  6720    12
12637   6761  6823  6824    12
12638   6746  6823  6761    12
12639   6761  6824  6769    12
12640   6737  6816  6743    12
12641   6737  6758  6815    12
12642   6816  6817  6743    12
12643   6817  6750  6743    12
12644   6817  6818  6750    12
12645   6684  6732  6718    12
12646   6751  6820  6821    12
12647   6766  6819  6820    12
12648   6732  6819  6766    12
12649   6746  6822  6823    12
12650   6746  6742  6822    12
12651   6694  6708  6660    12
12652   6746  6761  6708    12
12653   6647  6694  6660    12
12654   6697  6742  6694    12
12655   6751  6742  6697    12
12656   6751  6821  6742    12
12657   6684  6642  6643    12
12658   6718  6697  6667    12
12659   6694  6647  6697    12
12660   6615  6642  6667    12
12661   6527  6558  6570    12
12662   6615  6667  6647    12
12663   6616  6647  6660    12
12664   6601  6615  6647    12
12665   6483  6525  6494    12
12666   6570  6539  6527    12
12667   6574  6558  6525    12
12668   6601  6570  6558    12
12669   6412  6446  6423    12
12670   6494  6527  6501    12
12671   6446  6483  6459    12
12672   6494  6525  6527    12
12673   6423  6446  6459    12
12674   6431  6469  6446    12
12675   6459  6483  6494    12
12676   6446  6469  6483    12
12677   6527  6525  6558    12
12678   6483  6507  6525    12
12679   6601  6574  6615    12
12680   6525  6507  6547    12
12681   6642  6597  6643    12
12682   6526  6488  6523    12
12683   6615  6597  6642    12
12684   6574  6547  6597    12
12685   6443  6469  6431    12
12686   6443  6488  6469    12
12687   6597  6547  6568    12
12688   6574  6525  6547    12
12689   6565  6594  6559    12
12690   6559  6526  6523    12
12691   6547  6526  6568    12
12692   6507  6488  6526    12
12693   6526  6559  6568    12
12694   6523  6529  6565    12
12695   6607  6594  6640    12
12696   6576  6529  6538    12
12697   6607  6640  6656    12
12698   6594  6606  6640    12
12699   6607  6656  6643    12
12700   6687  6737  6743    12
12701   6597  6607  6643    12
12702   6568  6559  6607    12
12703   6656  6690  6643    12
12704   6690  6732  6684    12
12705   6732  6690  6750    12
12706   6684  6643  6690    12
12707   6818  6732  6750    12
12708   6766  6718  6732    12
12709   6640  6687  6656    12
12710   6640  6650  6687    12
12711   6743  6709  6687    12
12712   6743  6750  6709    12
12713   6754  6707  6705    12
12714   6698  6687  6650    12
12715   6752  6705  6700    12
12716   6606  6650  6640    12
12717   6756  6752  6700    12
12718   6611  6655  6612    12
12719   6705  6707  6665    12
12720   6612  6655  6659    12
12721   6713  6756  6700    12
12722   6705  6665  6659    12
12723   6707  6650  6665    12
12724   6758  6698  6707    12
12725   6737  6687  6698    12
12726   6576  6606  6565    12
12727   6623  6650  6606    12
12728   6576  6623  6606    12
12729   6659  6665  6623    12
12730   6420  6450  6457    12
12731   6421  6438  6465    12
12732   6594  6565  6606    12
12733   6559  6523  6565    12
12734   6450  6490  6489    12
12735   6450  6421  6465    12
12736   6490  6538  6529    12
12737   6572  6581  6611    12
12738   6529  6576  6565    12
12739   6572  6543  6581    12
12740   6538  6572  6576    12
12741   6655  6713  6700    12
12742   6576  6572  6612    12
12743   6581  6620  6634    12
12744   6490  6465  6509    12
12745   6490  6450  6465    12
12746   6612  6572  6611    12
12747   6538  6543  6572    12
12748   6429  6470  6418    12
12749   6470  6485  6514    12
12750   6560  6593  6548    12
12751   6541  6543  6499    12
12752   6548  6593  6582    12
12753   6581  6543  6541    12
12754   6506  6548  6541    12
12755   6631  6673  6620    12
12756   6582  6620  6581    12
12757   6741  6693  6712    12
12758   6582  6631  6620    12
12759   6608  6560  6578    12
12760   6581  6634  6611    12
12761   6620  6673  6634    12
12762   6659  6655  6700    12
12763   6611  6634  6655    12
12764   6655  6677  6713    12
12765   6634  6673  6677    12
12766   6677  6722  6713    12
12767   6673  6681  6728    12
12768   6631  6681  6673    12
12769   6631  6644  6681    12
12770   6808  6777  6728    12
12771   6722  6673  6728    12
12772   6810  6777  6809    12
12773   6722  6728  6777    12
12774   6810  6760  6777    12
12775   6811  6812  6756    12
12776   6713  6722  6760    12
12777   6752  6756  6812    12
12778   6713  6760  6756    12
12779   6812  6813  6752    12
12780   6752  6754  6705    12
12781   6698  6758  6737    12
12782   6754  6813  6814    12
12783   6754  6814  6758    12
12784   6737  6815  6816    12
12785   6758  6814  6815    12
12786   6756  6760  6811    12
12787   6772  6794  6775    12
12788   6702  6689  6738    12
12789   6767  6723  6699    12
12790   6772  6775  6724    12
12791   6794  6795  6775    12
12792   6748  6721  6775    12
12793   6678  6671  6723    12
12794   6723  6767  6772    12
12795   6736  6791  6792    12
12796   6678  6723  6724    12
12797   6767  6792  6793    12
12798   6772  6793  6794    12
12799   6772  6767  6793    12
12800   6745  6791  6736    12
12801   6767  6736  6792    12
12802   6757  6770  6787    12
12803   6764  6790  6745    12
12804   6778  6770  6726    12
12805   6786  6787  6770    12
12806   6785  6786  6778    12
12807   6664  6704  6716    12
12808   6757  6788  6753    12
12809   6704  6764  6716    12
12810   6753  6789  6764    12
12811   6701  6704  6662    12
12812   6753  6764  6704    12
12813   6714  6701  6663    12
12814   6757  6753  6701    12
12815   6669  6714  6663    12
12816   6726  6770  6714    12
12817   6549  6573  6590    12
12818   6641  6669  6622    12
12819   6622  6669  6663    12
12820   6641  6683  6669    12
12821   6664  6629  6621    12
12822   6664  6716  6686    12
12823   6663  6662  6624    12
12824   6704  6664  6662    12
12825   6699  6648  6686    12
12826   6671  6627  6648    12
12827   6629  6686  6648    12
12828   6716  6745  6686    12
12829   6648  6699  6671    12
12830   6686  6736  6699    12
12831   6724  6723  6772    12
12832   6671  6699  6723    12
12833   6721  6674  6724    12
12834   6636  6627  6671    12
12835   6689  6721  6748    12
12836   6724  6775  6721    12
12837   6674  6636  6678    12
12838   6639  6584  6603    12
12839   6636  6674  6639    12
12840   6678  6724  6674    12
12841   6614  6577  6575    12
12842   6639  6674  6689    12
12843   6646  6637  6685    12
12844   6602  6577  6637    12
12845   6682  6657  6710    12
12846   6605  6602  6646    12
12847   6692  6657  6646    12
12848   6682  6632  6657    12
12849   6657  6692  6710    12
12850   6646  6685  6692    12
12851   6653  6689  6702    12
12852   6653  6639  6689    12
12853   6702  6715  6666    12
12854   6702  6738  6759    12
12855   6715  6759  6747    12
12856   6738  6796  6797    12
12857   6759  6798  6747    12
12858   6759  6738  6797    12
12859   6759  6797  6798    12
12860   6747  6799  6733    12
12861   6762  6744  6801    12
12862   6692  6733  6744    12
12863   6798  6799  6747    12
12864   6710  6762  6731    12
12865   6710  6744  6762    12
12866   6802  6803  6731    12
12867   6804  6730  6763    12
12868   6731  6762  6802    12
12869   6763  6803  6804    12
12870   6763  6731  6803    12
12871   6804  6805  6730    12
12872   6808  6728  6735    12
12873   6807  6741  6806    12
12874   6735  6728  6681    12
12875   6806  6765  6805    12
12876   6741  6712  6765    12
12877   6630  6680  6661    12
12878   6712  6693  6661    12
12879   6807  6735  6741    12
12880   6807  6808  6735    12
12881   6712  6680  6730    12
12882   6649  6630  6604    12
12883   6730  6706  6763    12
12884   6680  6649  6706    12
12885   6587  6632  6604    12
12886   6605  6657  6632    12
12887   6630  6649  6680    12
12888   6632  6682  6649    12
12889   6644  6608  6661    12
12890   6604  6632  6649    12
12891   6693  6644  6661    12
12892   6631  6582  6593    12
12893   6644  6593  6608    12
12894   6582  6541  6548    12
12895   6514  6548  6506    12
12896   6532  6552  6578    12
12897   6514  6532  6560    12
12898   6608  6630  6661    12
12899   6548  6514  6560    12
12900   6485  6464  6508    12
12901   6532  6578  6560    12
12902   6587  6605  6632    12
12903   6578  6604  6630    12
12904   6578  6552  6604    12
12905   6560  6608  6593    12
12906   6578  6630  6608    12
12907   6502  6462  6479    12
12908   6613  6584  6639    12
12909   6552  6587  6604    12
12910   6563  6533  6577    12
12911   6533  6536  6577    12
12912   6545  6584  6575    12
12913   6577  6614  6637    12
12914   6575  6584  6613    12
12915   6602  6563  6577    12
12916   6462  6493  6447    12
12917   6513  6493  6533    12
12918   6502  6545  6536    12
12919   6552  6553  6587    12
12920   6444  6485  6470    12
12921   6605  6563  6602    12
12922   6553  6513  6563    12
12923   6524  6484  6513    12
12924   6533  6563  6513    12
12925   6484  6472  6513    12
12926   6462  6416  6439    12
12927   6533  6493  6536    12
12928   6472  6425  6447    12
12929   6392  6425  6442    12
12930   6397  6416  6447    12
12931   6472  6447  6493    12
12932   6425  6397  6447    12
12933   6395  6364  6419    12
12934   6314  6276  6333    12
12935   6392  6442  6419    12
12936   6425  6472  6442    12
12937   6484  6464  6442    12
12938   6508  6532  6485    12
12939   6472  6484  6442    12
12940   6513  6553  6524    12
12941   6484  6508  6464    12
12942   6552  6532  6508    12
12943   6552  6524  6553    12
12944   6508  6484  6524    12
12945   6463  6470  6506    12
12946   6429  6444  6470    12
12947   6470  6514  6506    12
12948   6485  6532  6514    12
12949   6444  6395  6419    12
12950   6429  6418  6379    12
12951   6395  6444  6429    12
12952   6419  6464  6444    12
12953   6300  6344  6336    12
12954   6395  6429  6379    12
12955   6215  6253  6198    12
12956   6285  6252  6237    12
12957   6285  6344  6300    12
12958   6285  6314  6344    12
12959   6128  6101  6133    12
12960   6130  6109  6079    12
12961   6166  6203  6204    12
12962   6167  6198  6203    12
12963   6123  6124  6161    12
12964   6167  6203  6166    12
12965   6195  6204  6239    12
12966   6195  6161  6204    12
12967   6161  6124  6166    12
12968   6089  6064  6050    12
12969   6166  6128  6167    12
12970   6089  6093  6064    12
12971   6089  6050  6062    12
12972   6064  6029  6050    12
12973   6124  6089  6128    12
12974   6124  6093  6089    12
12975   6007  6040  5999    12
12976   6007  6052  6040    12
12977   6101  6062  6077    12
12978   6050  6025  6062    12
12979   6133  6101  6077    12
12980   6128  6089  6101    12
12981   6128  6133  6167    12
12982   6077  6052  6109    12
12983   6133  6198  6167    12
12984   6253  6314  6285    12
12985   6133  6109  6162    12
12986   6346  6311  6367    12
12987   6077  6109  6133    12
12988   6052  6038  6079    12
12989   6198  6162  6215    12
12990   6198  6133  6162    12
12991   6044  6088  6038    12
12992   6130  6162  6109    12
12993   6135  6088  6080    12
12994   6135  6130  6088    12
12995   6088  6130  6079    12
12996   6178  6162  6130    12
12997   6130  6135  6178    12
12998   6142  6099  6164    12
12999   6178  6234  6215    12
13000   6178  6135  6191    12
13001   6333  6292  6346    12
13002   6234  6254  6292    12
13003   6198  6253  6237    12
13004   6215  6234  6276    12
13005   6253  6276  6314    12
13006   6253  6215  6276    12
13007   6364  6333  6392    12
13008   6276  6292  6333    12
13009   6314  6364  6344    12
13010   6314  6333  6364    12
13011   6375  6346  6397    12
13012   6292  6311  6346    12
13013   6346  6375  6333    12
13014   6397  6425  6375    12
13015   6391  6358  6405    12
13016   6391  6416  6367    12
13017   6259  6309  6273    12
13018   6405  6452  6440    12
13019   6417  6405  6378    12
13020   6358  6309  6339    12
13021   6339  6309  6296    12
13022   6358  6332  6309    12
13023   6273  6332  6311    12
13024   6273  6309  6332    12
13025   6191  6210  6254    12
13026   6142  6080  6099    12
13027   6273  6254  6210    12
13028   6311  6292  6254    12
13029   6197  6164  6139    12
13030   6210  6191  6142    12
13031   6178  6191  6234    12
13032   6135  6142  6191    12
13033   6016  6043  6080    12
13034   5997  5993  6049    12
13035   6210  6142  6164    12
13036   6135  6080  6142    12
13037   5982  6041  5993    12
13038   6020  6048  6073    12
13039   6043  6049  6099    12
13040   6043  5997  6049    12
13041   6020  6073  6041    12
13042   6154  6139  6098    12
13043   6208  6197  6154    12
13044   6244  6259  6197    12
13045   6120  6143  6173    12
13046   6220  6258  6208    12
13047   6041  6073  6098    12
13048   6095  6074  6114    12
13049   6098  6120  6154    12
13050   6073  6048  6095    12
13051   6073  6095  6120    12
13052   6048  6074  6095    12
13053   6092  6108  6131    12
13054   6107  6087  6071    12
13055   6095  6143  6120    12
13056   6114  6158  6143    12
13057   6154  6173  6208    12
13058   6154  6120  6173    12
13059   6265  6260  6227    12
13060   6220  6185  6227    12
13061   6258  6260  6303    12
13062   6220  6227  6260    12
13063   6296  6258  6303    12
13064   6244  6208  6258    12
13065   6259  6296  6309    12
13066   6244  6258  6296    12
13067   6303  6334  6296    12
13068   6378  6358  6339    12
13069   6339  6374  6378    12
13070   6334  6303  6337    12
13071   6297  6299  6265    12
13072   6337  6303  6299    12
13073   6339  6334  6374    12
13074   6339  6296  6334    12
13075   6458  6480  6486    12
13076   6407  6370  6401    12
13077   6403  6433  6401    12
13078   6487  6497  6531    12
13079   6504  6477  6466    12
13080   6458  6430  6454    12
13081   6461  6466  6435    12
13082   6495  6534  6504    12
13083   6517  6477  6504    12
13084   6466  6495  6504    12
13085   6435  6407  6401    12
13086   6413  6374  6407    12
13087   6407  6441  6413    12
13088   6435  6466  6441    12
13089   6378  6405  6358    12
13090   6378  6413  6417    12
13091   6441  6456  6413    12
13092   6452  6405  6417    12
13093   6332  6391  6367    12
13094   6405  6440  6391    12
13095   6479  6439  6440    12
13096   6479  6462  6439    12
13097   6416  6462  6447    12
13098   6479  6516  6502    12
13099   6440  6482  6479    12
13100   6452  6487  6482    12
13101   6417  6456  6452    12
13102   6417  6413  6456    12
13103   6482  6487  6521    12
13104   6452  6456  6487    12
13105   6561  6557  6521    12
13106   6556  6516  6520    12
13107   6520  6557  6556    12
13108   6520  6521  6557    12
13109   6545  6502  6516    12
13110   6536  6493  6502    12
13111   6536  6545  6575    12
13112   6516  6556  6545    12
13113   6557  6591  6556    12
13114   6636  6639  6603    12
13115   6614  6613  6653    12
13116   6614  6575  6613    12
13117   6561  6600  6557    12
13118   6627  6636  6591    12
13119   6585  6600  6561    12
13120   6629  6648  6600    12
13121   6624  6583  6590    12
13122   6621  6585  6583    12
13123   6629  6585  6621    12
13124   6561  6531  6585    12
13125   6531  6497  6517    12
13126   6487  6456  6497    12
13127   6585  6531  6551    12
13128   6561  6521  6531    12
13129   6549  6517  6504    12
13130   6517  6497  6477    12
13131   6534  6549  6504    12
13132   6551  6531  6517    12
13133   6573  6549  6534    12
13134   6590  6583  6549    12
13135   6590  6573  6622    12
13136   6534  6522  6554    12
13137   6466  6461  6495    12
13138   6435  6433  6461    12
13139   6433  6403  6430    12
13140   6401  6371  6403    12
13141   6458  6433  6430    12
13142   6435  6401  6433    12
13143   6357  6384  6377    12
13144   6400  6388  6409    12
13145   6403  6406  6430    12
13146   6384  6381  6400    12
13147   6406  6424  6430    12
13148   6406  6400  6424    12
13149   6433  6458  6461    12
13150   6454  6474  6480    12
13151   6437  6451  6432    12
13152   6460  6481  6475    12
13153   6492  6467  6475    12
13154   6474  6445  6467    12
13155   6445  6432  6451    12
13156   6393  6388  6372    12
13157   6361  6388  6381    12
13158   6422  6409  6432    12
13159   6400  6406  6384    12
13160   6359  6381  6384    12
13161   6359  6345  6361    12
13162   6388  6400  6381    12
13163   6422  6424  6400    12
13164   6330  6345  6359    12
13165   6361  6352  6372    12
13166   6317  6321  6345    12
13167   6359  6361  6381    12
13168   6347  6352  6361    12
13169   6321  6305  6327    12
13170   6304  6283  6305    12
13171   6345  6321  6347    12
13172   6304  6305  6321    12
13173   6271  6272  6289    12
13174   6246  6233  6257    12
13175   6302  6317  6330    12
13176   6289  6304  6317    12
13177   6302  6268  6271    12
13178   6297  6323  6299    12
13179   6302  6271  6289    12
13180   6268  6232  6236    12
13181   6317  6302  6289    12
13182   6325  6297  6302    12
13183   6371  6351  6377    12
13184   6325  6330  6357    12
13185   6357  6351  6325    12
13186   6337  6299  6323    12
13187   6337  6351  6371    12
13188   6323  6325  6351    12
13189   6232  6265  6227    12
13190   6268  6297  6265    12
13191   6302  6297  6268    12
13192   6325  6323  6297    12
13193   6236  6232  6207    12
13194   6268  6265  6232    12
13195   6199  6172  6207    12
13196   6121  6108  6087    12
13197   6196  6222  6207    12
13198   6271  6268  6236    12
13199   6232  6199  6207    12
13200   6092  6074  6053    12
13201   6196  6177  6171    12
13202   6087  6072  6055    12
13203   6131  6158  6114    12
13204   6172  6199  6158    12
13205   6227  6199  6232    12
13206   6227  6185  6199    12
13207   6145  6131  6108    12
13208   6172  6158  6131    12
13209   6092  6131  6114    12
13210   6108  6121  6145    12
13211   6033  6053  6014    12
13212   6033  6072  6053    12
13213   6074  6092  6114    12
13214   6053  6072  6092    12
13215   6071  6055  6036    12
13216   6072  6033  6055    12
13217   6107  6121  6087    12
13218   6108  6072  6087    12
13219   6107  6138  6121    12
13220   6177  6172  6145    12
13221   6151  6145  6121    12
13222   6172  6131  6145    12
13223   6097  6107  6071    12
13224   6171  6151  6138    12
13225   6186  6171  6157    12
13226   6177  6145  6151    12
13227   6071  6036  6045    12
13228   6055  6018  6036    12
13229   6097  6071  6069    12
13230   6087  6055  6071    12
13231   6071  6045  6069    12
13232   6036  6015  6045    12
13233   6075  6102  6097    12
13234   6097  6126  6107    12
13235   6097  6102  6126    12
13236   6157  6138  6126    12
13237   6157  6171  6138    12
13238   6171  6186  6196    12
13239   6152  6180  6157    12
13240   6205  6212  6186    12
13241   6212  6196  6186    12
13242   6177  6151  6171    12
13243   6222  6196  6212    12
13244   6207  6177  6196    12
13245   6233  6246  6222    12
13246   6236  6207  6222    12
13247   6271  6246  6272    12
13248   6271  6236  6246    12
13249   6205  6230  6212    12
13250   6257  6272  6246    12
13251   6272  6257  6283    12
13252   6233  6212  6230    12
13253   6126  6152  6157    12
13254   6186  6180  6205    12
13255   6097  6069  6075    12
13256   6126  6127  6152    12
13257   6126  6102  6127    12
13258   6045  6019  6047    12
13259   6047  6075  6069    12
13260   6257  6256  6280    12
13261   6257  6230  6256    12
13262   6347  6327  6352    12
13263   6361  6372  6388    12
13264   6409  6388  6393    12
13265   6409  6415  6432    12
13266   6409  6393  6415    12
13267   6451  6437  6460    12
13268   6432  6415  6437    12
13269   6588  6619  6610    12
13270   6592  6571  6610    12
13271   6628  6635  6596    12
13272   6519  6505  6530    12
13273   6498  6492  6475    12
13274   6498  6475  6481    12
13275   6467  6451  6475    12
13276   6481  6505  6498    12
13277   6555  6546  6530    12
13278   6555  6588  6571    12
13279   6546  6519  6530    12
13280   6546  6542  6519    12
13281   6503  6515  6537    12
13282   6571  6588  6610    12
13283   6519  6515  6498    12
13284   6474  6454  6445    12
13285   6537  6515  6542    12
13286   6492  6498  6515    12
13287   6503  6474  6492    12
13288   6480  6458  6454    12
13289   6480  6503  6511    12
13290   6492  6515  6503    12
13291   6503  6480  6474    12
13292   6486  6495  6461    12
13293   6511  6486  6480    12
13294   6511  6522  6486    12
13295   6495  6522  6534    12
13296   6495  6486  6522    12
13297   6511  6544  6522    12
13298   6625  6641  6598    12
13299   6566  6569  6537    12
13300   6544  6511  6537    12
13301   6569  6544  6537    12
13302   6554  6522  6544    12
13303   6542  6566  6537    12
13304   6580  6625  6598    12
13305   6596  6635  6609    12
13306   6658  6711  6670    12
13307   6569  6580  6544    12
13308   6609  6625  6580    12
13309   6622  6598  6641    12
13310   6573  6554  6598    12
13311   6609  6635  6658    12
13312   6729  6778  6726    12
13313   6669  6683  6726    12
13314   6641  6670  6683    12
13315   6569  6596  6609    12
13316   6628  6668  6635    12
13317   6625  6658  6670    12
13318   6635  6668  6676    12
13319   6725  6676  6668    12
13320   6628  6610  6645    12
13321   6635  6676  6658    12
13322   6668  6719  6725    12
13323   6546  6566  6542    12
13324   6592  6628  6596    12
13325   6566  6596  6569    12
13326   6566  6571  6592    12
13327   6546  6571  6566    12
13328   6546  6555  6571    12
13329   6628  6592  6610    12
13330   6596  6566  6592    12
13331   6628  6645  6668    12
13332   6688  6652  6691    12
13333   6645  6619  6652    12
13334   6719  6688  6740    12
13335   6668  6645  6688    12
13336   6776  6719  6740    12
13337   6776  6740  6780    12
13338   6768  6776  6781    12
13339   6768  6781  6782    12
13340   6768  6725  6776    12
13341   6668  6688  6719    12
13342   6776  6725  6719    12
13343   6768  6755  6703    12
13344   6658  6703  6711    12
13345   6676  6725  6703    12
13346   6784  6778  6774    12
13347   6711  6703  6755    12
13348   6670  6729  6683    12
13349   6711  6755  6774    12
13350   6711  6774  6729    12
13351   6755  6783  6774    12
13352   6755  6782  6783    12
13353   6778  6784  6785    12
13354   6774  6783  6784    12
13355   6740  6779  6780    12
13356   7470  7455  7429    13
13357   7535  7571  7548    13
13358   6944  6965  6985    13
13359   7014  6969  6962    13
13360   7044  7047  7008    13
13361   7443  7402  7427    13
13362   7156  7148  7176    13
13363   7196  7182  7169    13
13364   7543  7505  7526    13
13365   8060  8072  8040    13
13366   8002  8041  8025    13
13367   7068  7112  7081    13
13368   6803  8365  6804    13
13369   7510  7472  7495    13
13370   7455  7470  7489    13
13371   6983  6939  6932    13
13372   7363  7342  7333    13
13373   7086  7103  7057    13
13374   7687  7722  7713    13
13375   6844  6845  6906    13
13376   6835  6891  6834    13
13377   6997  7027  6978    13
13378   7131  7148  7156    13
13379   6960  7011  6973    13
13380   7212  7239  7250    13
13381   6894  6871  6912    13
13382   7190  7146  7173    13
13383   6994  6990  7037    13
13384   6940  6894  6968    13
13385   4378  7261  7242    13
13386   8381  6827  8375    13
13387   7212  7224  7183    13
13388   6959  6958  7003    13
13389   7298  7255  7277    13
13390   7648  7635  7607    13
13391   7488  7473  7505    13
13392   7365  7366  7317    13
13393   7918  7961  7947    13
13394   1085  1083  7909    13
13395   7260  7237  7217    13
13396   7983  8025  8009    13
13397   7931  7906  1082    13
13398   1078  1077  7982    13
13399   8035  8015  8049    13
13400   7909  7935  7905    13
13401   8290  8289  8243    13
13402   1088  1086  7870    13
13403   8186  8183  8221    13
13404   6797  8369  6798    13
13405   1085  7909  7880    13
13406   7664  7619  7612    13
13407   8154  8116  8160    13
13408   7187  7144  7152    13
13409   7445  7481  7459    13
13410   7862  1082  1083    13
13411   7463  7493  7487    13
13412   7903  7870  7905    13
13413   8139  8134  8097    13
13414   7556  7537  7520    13
13415   6792  6791  8378    13
13416   7131  7139  7109    13
13417   6939  6899  6879    13
13418   6934  6891  6950    13
13419   7179  7185  7159    13
13420   7258  7236  7249    13
13421   7449  7457  7479    13
13422   7409  7405  7383    13
13423   7531  7561  7551    13
13424   7519  7486  7512    13
13425   7891  7866  7910    13
13426   7956  7985  7995    13
13427   7276  7275  7256    13
13428   7066  7034  7020    13
13429   7370  7355  7381    13
13430   7388  7356  7377    13
13431   7287  7311  7293    13
13432   7155  7122  7111    13
13433   7218  7251  7232    13
13434   7123  7145  7103    13
13435   7325  7340  7308    13
13436   7302  7283  7329    13
13437   7286  7300  7314    13
13438   7202  7189  7176    13
13439   7402  7397  7376    13
13440   1121  1119  7621    13
13441   7506  7497  7532    13
13442   7532  7542  7506    13
13443   7277  7257  7302    13
13444   7402  7429  7397    13
13445   7325  7308  7284    13
13446   7390  7371  7410    13
13447   6929  6880  6955    13
13448   6836  6907  6835    13
13449   6930  6880  6844    13
13450   6844  6906  6930    13
13451   7200  7167  7165    13
13452   7125  7097  7140    13
13453   6838  6896  6837    13
13454   6839  6927  6838    13
13455   6880  6843  6844    13
13456   7104  7074  7125    13
13457   6920  6954  6964    13
13458   6919  6852  6915    13
13459   7101  7056  7070    13
13460   6947  6977  6931    13
13461   6989  7040  7021    13
13462   7158  7166  7127    13
13463   6903  6941  6953    13
13464   7292  7266  7289    13
13465   8152  8185  8168    13
13466   4550  7483  7450    13
13467   7331  7313  7301    13
13468   7526  7541  7560    13
13469   7366  7365  7416    13
13470   7100  7093  7118    13
13471   7335  7358  7348    13
13472   6890  6941  6903    13
13473   7178  7169  7151    13
13474   6942  6964  6992    13
13475   7039  7002  7031    13
13476   7171  7209  7204    13
13477   7113  7141  7157    13
13478   7082  7130  7117    13
13479   7231  7274  7268    13
13480   7464  7431  7450    13
13481   7244  7228  7213    13
13482   7804  1097  1094    13
13483   1085  1086  7830    13
13484   7889  7888  7942    13
13485   7903  7871  7870    13
13486   7935  7939  7905    13
13487   7906  7933  7909    13
13488   7957  7946  1079    13
13489   7806  7777  7765    13
13490   8253  8214  8213    13
13491   7965  7920  7940    13
13492   7940  7920  7898    13
13493   7500  7460  7474    13
13494   7740  7709  7701    13
13495   7569  7575  7521    13
13496   7890  7857  7853    13
13497   7560  7594  7578    13
13498   7940  7983  7965    13
13499   7900  7864  7873    13
13500   8004  8032  8002    13
13501   7802  7785  7823    13
13502   7872  7904  7853    13
13503   7689  7706  7726    13
13504   7898  7919  7940    13
13505   7762  7772  7723    13
13506   5116  8306  8266    13
13507   1066  1067  8092    13
13508   8266  8306  8259    13
13509   6828  6827  8381    13
13510   8257  8264  8221    13
13511   8293  8249  8300    13
13512   8375  8380  8331    13
13513   8368  6823  8404    13
13514   8042  8047  8081    13
13515   1069  1068  8105    13
13516   8122  8108  8093    13
13517   8227  8267  8249    13
13518   7903  7928  7895    13
13519   8325  8285  8326    13
13520   8372  6810  8394    13
13521   8337  8376  8382    13
13522   8295  8251  8283    13
13523   8385  6806  8409    13
13524   8293  8339  8299    13
13525   8330  8346  8391    13
13526   6789  8362  6790    13
13527   7953  7941  7996    13
13528   8271  8237  8270    13
13529   6796  8390  8397    13
13530   8322  8315  8269    13
13531   8177  8160  8126    13
13532   8023  7980  7971    13
13533   8286  8298  8245    13
13534   8250  8241  8208    13
13535   1121  7562  7579    13
13536   7999  7988  7943    13
13537   7571  7583  7548    13
13538   7633  7609  7596    13
13539   7490  7485  7524    13
13540   1093  7782  1091    13
13541   7582  7614  7570    13
13542   7521  7469  7467    13
13543   7654  7677  7641    13
13544   7711  7698  7742    13
13545   7749  7732  7774    13
13546   7711  7742  7756    13
13547   7841  7884  7834    13
13548   7941  7879  7927    13
13549   7875  7888  7850    13
13550   7794  7834  7788    13
13551   8276  8329  8308    13
13552   8018  7987  7997    13
13553   8174  8194  8165    13
13554   7603  7649  7624    13
13555   7608  7609  7646    13
13556   7727  7678  7704    13
13557   7786  7733  7775    13
13558   7797  7821  7829    13
13559   7821  7811  7855    13
13560   7914  7887  7912    13
13561   8135  8114  8144    13
13562   8356  8302  8316    13
13563   8111  8125  8095    13
13564   8263  8248  8225    13
13565   8078  8100  8068    13
13566   8240  8196  8236    13
13567   8357  8405  8398    13
13568   7564  7577  7599    13
13569   6926  6883  6944    13
13570   6891  6889  6834    13
13571   6831  6899  6917    13
13572   6879  6832  6833    13
13573   7106  7067  7078    13
13574   6829  6883  6926    13
13575   6965  6939  7006    13
13576   6970  6933  6896    13
13577   6962  6911  6948    13
13578   6889  6934  6932    13
13579   7084  7036  7083    13
13580   6835  6907  6891    13
13581   7078  7067  7033    13
13582   7164  7122  7155    13
13583   7025  6983  7015    13
13584   6896  6927  6970    13
13585   7109  7098  7131    13
13586   7218  7184  7224    13
13587   7095  7076  7062    13
13588   7095  7107  7076    13
13589   7075  7061  7098    13
13590   7126  7109  7139    13
13591   6985  6971  6944    13
13592   7006  6939  6983    13
13593   7075  7038  7061    13
13594   7045  7026  7062    13
13595   7076  7045  7062    13
13596   7156  7172  7139    13
13597   7265  7276  7256    13
13598   7194  7205  7179    13
13599   7265  7256  7246    13
13600   7334  7311  7330    13
13601   7305  7295  7276    13
13602   7350  7323  7344    13
13603   7254  7234  7230    13
13604   7531  7551  7517    13
13605   7767  7750  7736    13
13606   7603  7624  7584    13
13607   7346  7338  7327    13
13608   7226  7253  7249    13
13609   7387  7396  7413    13
13610   7454  7438  7476    13
13611   7440  7449  7466    13
13612   7519  7546  7561    13
13613   7463  7486  7493    13
13614   7528  7502  7536    13
13615   7622  7667  7650    13
13616   7561  7531  7519    13
13617   7577  7611  7599    13
13618   7430  7437  7404    13
13619   7438  7444  7476    13
13620   7552  7584  7546    13
13621   7454  7476  7486    13
13622   1140  7461  7459    13
13623   7344  7374  7350    13
13624   7476  7514  7512    13
13625   7444  7480  7476    13
13626   7350  7354  7330    13
13627   7398  7375  7374    13
13628   7356  7388  7372    13
13629   7350  7374  7375    13
13630   7287  7293  7265    13
13631   7344  7314  7337    13
13632   7398  7421  7435    13
13633   7372  7374  7344    13
13634   7225  7249  7236    13
13635   7226  7249  7225    13
13636   7219  7211  7236    13
13637   7287  7265  7258    13
13638   7142  7114  7106    13
13639   7203  7177  7164    13
13640   7278  7287  7258    13
13641   7253  7226  7232    13
13642   7404  7395  7430    13
13643   7444  7452  7480    13
13644   7173  7214  7190    13
13645   7128  7167  7123    13
13646   7239  7212  7200    13
13647   7298  7284  7255    13
13648   7430  7419  7445    13
13649   7430  7461  7437    13
13650   7392  7423  7419    13
13651   7559  7538  7573    13
13652   7363  7395  7377    13
13653   7420  7404  7437    13
13654   7445  7462  7481    13
13655   7423  7462  7445    13
13656   1138  7515  1140    13
13657   7576  7623  7603    13
13658   7540  7515  7529    13
13659   7580  7540  7559    13
13660   7492  1140  7515    13
13661   7512  7514  7552    13
13662   7608  7637  7600    13
13663   7529  7559  7540    13
13664   7608  7600  7573    13
13665   7671  7658  7698    13
13666   7738  7775  7718    13
13667   1127  7572  1130    13
13668   7555  1130  7572    13
13669   1135  1133  7538    13
13670   7609  7581  7572    13
13671   1124  7542  7562    13
13672   7532  7497  7510    13
13673   7671  7711  7690    13
13674   7507  7489  7527    13
13675   1121  7604  1124    13
13676   7548  7566  7533    13
13677   7572  7596  7609    13
13678   7621  7630  7604    13
13679   7579  1119  1121    13
13680   7592  7607  7563    13
13681   7524  7554  7563    13
13682   7841  7790  7845    13
13683   7545  7579  7562    13
13684   7545  7566  7579    13
13685   7532  7510  7545    13
13686   1115  7641  1119    13
13687   7583  7566  7548    13
13688   7349  7329  7371    13
13689   7509  7490  7535    13
13690   7418  7407  7367    13
13691   7471  7490  7509    13
13692   7489  7482  7455    13
13693   1133  7507  1130    13
13694   7533  7510  7495    13
13695   7545  7510  7533    13
13696   7349  7371  7390    13
13697   7298  7339  7325    13
13698   7390  7434  7427    13
13699   7322  7364  7339    13
13700   7192  7173  7149    13
13701   6987  6979  7029    13
13702   7341  7386  7384    13
13703   7329  7357  7371    13
13704   6846  6916  6845    13
13705   7217  7174  7188    13
13706   7149  7121  7104    13
13707   7174  7192  7149    13
13708   6915  6881  6935    13
13709   7082  7117  7071    13
13710   6924  6980  6945    13
13711   6961  6916  6895    13
13712   6943  6980  6924    13
13713   6930  6976  6955    13
13714   7018  7013  7058    13
13715   7074  7027  7049    13
13716   7077  7028  7059    13
13717   7125  7149  7104    13
13718   7190  7162  7146    13
13719   7239  7207  7255    13
13720   7051  7036  7012    13
13721   7028  7001  6980    13
13722   7058  7088  7051    13
13723   7165  7124  7162    13
13724   7155  7111  7143    13
13725   7212  7167  7200    13
13726   7143  7105  7103    13
13727   7212  7183  7167    13
13728   6927  6839  6918    13
13729   7019  7063  7020    13
13730   7057  7014  7046    13
13731   7004  6962  6948    13
13732   6930  6955  6880    13
13733   7051  7018  7058    13
13734   7053  7013  7001    13
13735   6916  6961  6963    13
13736   6895  6846  6847    13
13737   6980  7001  6945    13
13738   6925  6978  6943    13
13739   6868  6869  6920    13
13740   6908  6860  6861    13
13741   6938  6902  6975    13
13742   6856  6905  6855    13
13743   6886  6919  6936    13
13744   6855  6905  6928    13
13745   7125  7140  7174    13
13746   7007  6959  7003    13
13747   6987  7032  7016    13
13748   7023  7005  7056    13
13749   6957  6998  6946    13
13750   7072  7023  7056    13
13751   7101  7113  7072    13
13752   6908  6861  6923    13
13753   6921  6859  6860    13
13754   7040  6998  7035    13
13755   7003  6993  7041    13
13756   7110  7079  7115    13
13757   7070  7056  7021    13
13758   7110  7101  7070    13
13759   6910  6937  6887    13
13760   6867  6904  6866    13
13761   7054  7091  7092    13
13762   6940  6996  6954    13
13763   6910  6973  6937    13
13764   6872  6873  6900    13
13765   6878  4015  6890    13
13766   6984  6953  6941    13
13767   4180  7060  7024    13
13768   6941  4063  4102    13
13769   7024  4144  4180    13
13770   4239  7093  4211    13
13771   6893  6874  6931    13
13772   7116  7138  7102    13
13773   7002  7039  6995    13
13774   6909  6892  6876    13
13775   6909  6953  6947    13
13776   6903  6909  6877    13
13777   6872  6912  6871    13
13778   6894  6940  6898    13
13779   6995  6949  6951    13
13780   6994  7031  6977    13
13781   6940  6954  6898    13
13782   6900  6912  6872    13
13783   7178  7213  7196    13
13784   7147  7160  7134    13
13785   7379  7359  7348    13
13786   7266  7240  7261    13
13787   7488  7505  7530    13
13788   7400  7385  7378    13
13789   7292  7289  7310    13
13790   7304  4436  7328    13
13791   7310  7320  7292    13
13792   7348  7320  7335    13
13793   7186  7201  7178    13
13794   7216  7201  7186    13
13795   7197  7220  7216    13
13796   7186  7197  7216    13
13797   7632  7610  7647    13
13798   4624  7574  4605    13
13799   7610  7632  7594    13
13800   4568  7483  4550    13
13801   7541  7574  7560    13
13802   7426  7431  7400    13
13803   7382  7373  7343    13
13804   7541  7526  7511    13
13805   7511  7526  7491    13
13806   7682  7652  7689    13
13807   7762  7744  7785    13
13808   7474  7446  7488    13
13809   7508  7539  7568    13
13810   7745  7754  7792    13
13811   7488  7513  7474    13
13812   7368  7353  7394    13
13813   7664  7710  7715    13
13814   7522  7465  7508    13
13815   7664  7612  7665    13
13816   7235  7267  7272    13
13817   7094  7050  7090    13
13818   7394  7353  7380    13
13819   7494  7475  7523    13
13820   7288  7299  7267    13
13821   7240  7252  7227    13
13822   7343  7347  7319    13
13823   7288  7313  7319    13
13824   7267  7245  7259    13
13825   7240  7227  7216    13
13826   7235  7245  7267    13
13827   7336  7299  7319    13
13828   7042  6996  7047    13
13829   7102  7112  7068    13
13830   7091  7129  7133    13
13831   7168  7170  7133    13
13832   7085  7127  7087    13
13833   7110  7144  7101    13
13834   7208  7243  7248    13
13835   7198  7206  7166    13
13836   7248  7291  7247    13
13837   7101  7144  7141    13
13838   7291  7282  7247    13
13839   7209  7208  7248    13
13840   7223  7193  7181    13
13841   7133  7132  7092    13
13842   7602  7638  7640    13
13843   7282  7238  7247    13
13844   7043  7092  7089    13
13845   7011  6992  7043    13
13846   7094  7090  7136    13
13847   7187  7180  7144    13
13848   7241  7199  7221    13
13849   7199  7222  7181    13
13850   7188  7174  7140    13
13851   7071  7029  7082    13
13852   7229  7217  7188    13
13853   7371  7403  7410    13
13854   7260  7217  7229    13
13855   7410  7403  7447    13
13856   7318  7279  7268    13
13857   7241  7268  7279    13
13858   7384  7393  7345    13
13859   7554  7557  7585    13
13860   7268  7241  7221    13
13861   7365  7317  7326    13
13862   7465  7522  7467    13
13863   7326  7291  7332    13
13864   7570  7593  7547    13
13865   7672  7619  7664    13
13866   7679  7717  7700    13
13867   7691  7734  7721    13
13868   7407  7451  7453    13
13869   7439  7478  7485    13
13870   7618  7585  7602    13
13871   7679  7670  7640    13
13872   7660  7631  7676    13
13873   7626  7638  7590    13
13874   7701  7659  7680    13
13875   7593  7589  7549    13
13876   7691  7676  7642    13
13877   7714  7731  7680    13
13878   7905  7870  7880    13
13879   7731  7740  7701    13
13880   7830  1086  7819    13
13881   7854  7826  7862    13
13882   7776  7800  7761    13
13883   7707  7721  7741    13
13884   1093  1091  7837    13
13885   7729  7741  7755    13
13886   1094  1093  7820    13
13887   7992  7960  8008    13
13888   7960  7913  7928    13
13889   7951  7960  7992    13
13890   8089  8043  8052    13
13891   7837  7820  1093    13
13892   7993  8019  7986    13
13893   8043  8089  8076    13
13894   7933  7952  7909    13
13895   7903  7905  7939    13
13896   8096  8138  8115    13
13897   8055  8071  8021    13
13898   7848  1088  7870    13
13899   7909  7905  7880    13
13900   7900  1080  7882    13
13901   7805  7766  7808    13
13902   7968  7993  7963    13
13903   7957  7981  7946    13
13904   1077  7945  1076    13
13905   7989  8020  8016    13
13906   7981  8013  8007    13
13907   1078  7982  7957    13
13908   8112  8117  8081    13
13909   8138  8163  8115    13
13910   7979  1074  7976    13
13911   7982  8016  8013    13
13912   8060  8073  8094    13
13913   8051  8040  8072    13
13914   1075  8006  1076    13
13915   7843  7836  7805    13
13916   7989  1077  1076    13
13917   8060  8039  8073    13
13918   1071  8035  1070    13
13919   7857  7874  7835    13
13920   1078  7929  1077    13
13921   7981  7957  7982    13
13922   7840  7801  7836    13
13923   1078  7911  7929    13
13924   7882  1082  7862    13
13925   1079  1080  7900    13
13926   7801  7765  7757    13
13927   7664  7715  7672    13
13928   1083  7854  7862    13
13929   7864  7882  7840    13
13930   7634  7697  7665    13
13931   7886  7868  7907    13
13932   7765  7714  7757    13
13933   7873  7836  7843    13
13934   7629  7645  7681    13
13935   7803  4755  7832    13
13936   7692  7682  7723    13
13937   7723  7739  7692    13
13938   7890  7853  7904    13
13939   7959  1075  1076    13
13940   7874  7857  7901    13
13941   7959  7944  7976    13
13942   7832  7861  7823    13
13943   7974  7962  7936    13
13944   7876  7902  7919    13
13945   7772  7739  7723    13
13946   7898  7856  7876    13
13947   7876  7919  7898    13
13948   7803  7823  7785    13
13949   7803  7768  4736    13
13950   4736  4755  7803    13
13951   7897  7924  7902    13
13952   4800  4818  7897    13
13953   4836  4856  7958    13
13954   7897  4818  7924    13
13955   7924  4818  4836    13
13956   8002  7974  8004    13
13957   4856  7991  7958    13
13958   7936  7958  7974    13
13959   4942  4966  8109    13
13960   8057  8032  8022    13
13961   8152  8121  8141    13
13962   8025  8041  8061    13
13963   8045  8061  8079    13
13964   8093  8108  8083    13
13965   1067  8140  8119    13
13966   7976  7944  7947    13
13967   8093  8105  8122    13
13968   1071  1072  8028    13
13969   8083  8066  1071    13
13970   7976  1075  7959    13
13971   7918  7907  7874    13
13972   1074  1075  7976    13
13973   7961  7979  7947    13
13974   1072  8066  8053    13
13975   7994  1073  1074    13
13976   8073  8053  8087    13
13977   8072  8103  8085    13
13978   8092  8113  1066    13
13979   8211  8191  8175    13
13980   8292  8336  8321    13
13981   8381  8406  6828    13
13982   6823  6822  8404    13
13983   6826  8380  8375    13
13984   8380  6825  8370    13
13985   8290  8331  8289    13
13986   6824  8368  8370    13
13987   8289  8292  8247    13
13988   8266  8259  8228    13
13989   8228  8198  5047    13
13990   5153  8347  8306    13
13991   8141  4992  8170    13
13992   5116  5153  8306    13
13993   6825  6824  8370    13
13994   8299  8264  8257    13
13995   8374  6812  8388    13
13996   8337  8382  8340    13
13997   8326  8393  8374    13
13998   8351  8393  8326    13
13999   8278  8328  8317    13
14000   8195  8186  8231    13
14001   8213  8204  8246    13
14002   8355  8328  8309    13
14003   8217  8183  8179    13
14004   8292  8267  8247    13
14005   8157  8195  8164    13
14006   8309  8264  8299    13
14007   8166  8213  8172    13
14008   8123  8127  8101    13
14009   8280  8337  8294    13
14010   8285  8253  8297    13
14011   8355  8387  8328    13
14012   8280  8317  8337    13
14013   8337  8317  8376    13
14014   8239  8280  8246    13
14015   8374  8325  8326    13
14016   8399  8393  8351    13
14017   6809  6808  8395    13
14018   8273  8230  8251    13
14019   8189  8178  8145    13
14020   8283  8285  8325    13
14021   8323  8341  8372    13
14022   8346  8301  8335    13
14023   8126  8076  8089    13
14024   8338  8333  8287    13
14025   8230  8256  8207    13
14026   6807  6806  8385    13
14027   8273  8256  8230    13
14028   8333  8303  8287    13
14029   8385  8383  6807    13
14030   8393  6814  6813    13
14031   8388  6811  8372    13
14032   8330  8327  8284    13
14033   8311  8334  8358    13
14034   8286  8327  8344    13
14035   8361  8320  8401    13
14036   8352  8319  8307    13
14037   8364  8390  6795    13
14038   6790  8362  8366    13
14039   8277  8320  8313    13
14040   7995  8036  8001    13
14041   6792  8378  8400    13
14042   8270  8311  8271    13
14043   8244  8279  8291    13
14044   8277  8274  8320    13
14045   8279  8271  8318    13
14046   8322  8345  8378    13
14047   8167  8158  8120    13
14048   8205  8209  8169    13
14049   8318  8271  8311    13
14050   8364  8324  8318    13
14051   8358  8318  8311    13
14052   8364  8318  8390    13
14053   6797  6796  8397    13
14054   8314  8377  8365    13
14055   8287  8262  8232    13
14056   8188  8222  8224    13
14057   8346  8384  8391    13
14058   8371  8373  6800    13
14059   8178  8219  8222    13
14060   8128  8178  8143    13
14061   8224  8250  8208    13
14062   8304  8265  8261    13
14063   8241  8284  8242    13
14064   8188  8177  8143    13
14065   8031  8023  8077    13
14066   8241  8242  8197    13
14067   7923  7888  7875    13
14068   7895  7860  7871    13
14069   7955  8005  7971    13
14070   8058  8064  8014    13
14071   7951  7969  7916    13
14072   7804  7817  7783    13
14073   7913  7960  7951    13
14074   7917  7971  7923    13
14075   7921  7917  7881    13
14076   7755  1097  7737    13
14077   7849  7812  7817    13
14078   7895  7878  7860    13
14079   7628  7666  7648    13
14080   7729  7702  7693    13
14081   1100  7717  1098    13
14082   1094  7755  7771    13
14083   7686  7670  7700    13
14084   7735  7748  7716    13
14085   1105  7735  7716    13
14086   7877  7878  7916    13
14087   7850  7839  7809    13
14088   7881  7851  7842    13
14089   7824  7851  7875    13
14090   7752  7796  7747    13
14091   7752  7747  7713    13
14092   1110  7674  1111    13
14093   7787  7809  7839    13
14094   7749  7809  7787    13
14095   7654  1113  7674    13
14096   7657  7677  7703    13
14097   7749  7787  7752    13
14098   7748  7774  7732    13
14099   7713  7747  7703    13
14100   7621  7641  7657    13
14101   7713  7703  7677    13
14102   7749  7722  7705    13
14103   7690  7646  7671    13
14104   7637  7673  7639    13
14105   7794  7742  7790    13
14106   7788  7756  7794    13
14107   7943  7950  7999    13
14108   7841  7834  7794    13
14109   8014  7972  7953    13
14110   7879  7941  7892    13
14111   7893  7950  7943    13
14112   7839  7796  7787    13
14113   8124  8107  8154    13
14114   7889  7950  7893    13
14115   8245  8270  8237    13
14116   8197  8154  8160    13
14117   8209  8245  8237    13
14118   8205  8245  8209    13
14119   8075  8003  8031    13
14120   8167  8169  8209    13
14121   8193  8216  8180    13
14122   7996  8058  8014    13
14123   8064  8104  8059    13
14124   8151  8190  8173    13
14125   8118  8078  8098    13
14126   8165  8194  8184    13
14127   8100  8132  8114    13
14128   8165  8135  8144    13
14129   8018  7997  8030    13
14130   8095  8086  8111    13
14131   8134  8181  8161    13
14132   8044  8058  7996    13
14133   8161  8151  8118    13
14134   8059  8065  8026    13
14135   7956  7934  7985    13
14136   8026  7995  7985    13
14137   8036  8078  8037    13
14138   8064  8059  8017    13
14139   7838  7816  7863    13
14140   7930  7891  7910    13
14141   7915  7885  7863    13
14142   7930  7910  7956    13
14143   7694  7688  7667    13
14144   7746  7696  7727    13
14145   7728  7699  7688    13
14146   7675  7667  7644    13
14147   7867  7858  7829    13
14148   7937  7912  7925    13
14149   8033  8054  8063    13
14150   7650  7669  7636    13
14151   7987  7970  7954    13
14152   7750  7719  7736    13
14153   8086  8114  8111    13
14154   8125  8135  8153    13
14155   8218  8225  8248    13
14156   8263  8307  8281    13
14157   8196  8215  8176    13
14158   8263  8268  8307    13
14159   8190  8202  8229    13
14160   8144  8173  8174    13
14161   8226  8252  8202    13
14162   8276  8252  8226    13
14163   8282  8343  8310    13
14164   8229  8272  8254    13
14165   8359  8312  8302    13
14166   8252  8272  8229    13
14167   6788  8403  8361    13
14168   8408  6780  8407    13
14169   8307  8319  8281    13
14170   8389  8411  8356    13
14171   8407  6779  8363    13
14172   8389  8402  6784    13
14173   8408  6781  6780    13
14174   6883  6917  6944    13
14175   6899  6831  6832    13
14176   6889  6932  6879    13
14177   6934  6889  6891    13
14178   7034  6991  7020    13
14179   6934  6974  6932    13
14180   6956  6907  6882    13
14181   6889  6833  6834    13
14182   6879  6833  6889    13
14183   6932  6939  6879    13
14184   6974  6983  6932    13
14185   6965  6944  6917    13
14186   6965  7006  6985    13
14187   6899  6939  6965    13
14188   6899  6832  6879    13
14189   6965  6917  6899    13
14190   6830  6831  6917    13
14191   6883  6830  6917    13
14192   6829  6830  6883    13
14193   7045  7010  7026    13
14194   7075  7062  7038    13
14195   7075  7109  7095    13
14196   7139  7154  7126    13
14197   7095  7109  7126    13
14198   7038  7006  7025    13
14199   7095  7062  7075    13
14200   7098  7114  7131    13
14201   7109  7075  7098    13
14202   7006  7026  6985    13
14203   6983  7025  7006    13
14204   7038  7026  7006    13
14205   7062  7026  7038    13
14206   7048  7025  7015    13
14207   6986  7015  6974    13
14208   7015  6986  7033    13
14209   7061  7048  7080    13
14210   6986  6974  6934    13
14211   7034  7033  6999    13
14212   7015  6983  6974    13
14213   7033  7048  7015    13
14214   7067  7048  7033    13
14215   7080  7048  7067    13
14216   7080  7067  7106    13
14217   7025  7048  7061    13
14218   7061  7080  7098    13
14219   7038  7025  7061    13
14220   7114  7080  7106    13
14221   7098  7080  7114    13
14222   7211  7194  7189    13
14223   7164  7142  7122    13
14224   7176  7189  7156    13
14225   7164  7177  7142    13
14226   7142  7148  7114    13
14227   7177  7148  7142    13
14228   7148  7131  7114    13
14229   7177  7176  7148    13
14230   7177  7202  7176    13
14231   7218  7191  7184    13
14232   7203  7202  7177    13
14233   7225  7202  7226    13
14234   7189  7194  7172    13
14235   7202  7211  7189    13
14236   7236  7246  7219    13
14237   7202  7225  7211    13
14238   7194  7179  7172    13
14239   7156  7189  7172    13
14240   7179  7154  7172    13
14241   7211  7219  7194    13
14242   7154  7137  7126    13
14243   7131  7156  7139    13
14244   7154  7179  7159    13
14245   7139  7172  7154    13
14246   7205  7185  7179    13
14247   7230  7210  7205    13
14248   7205  7210  7185    13
14249   7219  7230  7205    13
14250   7126  7137  7107    13
14251   7154  7159  7137    13
14252   7010  6985  7026    13
14253   7095  7126  7107    13
14254   6926  6944  6971    13
14255   7010  6971  6985    13
14256   7275  7254  7256    13
14257   7234  7210  7230    13
14258   7254  7230  7256    13
14259   7316  7295  7305    13
14260   7327  7305  7311    13
14261   7361  7370  7387    13
14262   7620  7636  7653    13
14263   7479  7498  7466    13
14264   7528  7536  7558    13
14265   7396  7387  7370    13
14266   7440  7413  7425    13
14267   7383  7381  7354    13
14268   7457  7487  7479    13
14269   7440  7425  7449    13
14270   7493  7517  7487    13
14271   7466  7449  7479    13
14272   7502  7528  7498    13
14273   7487  7517  7502    13
14274   7479  7502  7498    13
14275   7577  7564  7551    13
14276   7599  7611  7636    13
14277   7564  7599  7588    13
14278   7636  7669  7653    13
14279   7588  7599  7620    13
14280   7561  7601  7587    13
14281   7536  7551  7564    13
14282   7636  7611  7650    13
14283   7620  7599  7636    13
14284   7536  7517  7551    13
14285   7502  7517  7536    13
14286   7564  7558  7536    13
14287   7588  7558  7564    13
14288   7587  7577  7551    13
14289   7546  7584  7561    13
14290   7587  7622  7611    13
14291   7551  7561  7587    13
14292   7611  7622  7650    13
14293   7577  7587  7611    13
14294   7644  7667  7622    13
14295   7644  7622  7601    13
14296   7601  7561  7584    13
14297   7622  7587  7601    13
14298   7624  7601  7584    13
14299   7678  7649  7623    13
14300   7552  7603  7584    13
14301   7519  7512  7546    13
14302   7552  7576  7603    13
14303   7546  7512  7552    13
14304   7463  7457  7433    13
14305   7421  7454  7435    13
14306   7486  7476  7512    13
14307   7463  7454  7486    13
14308   7487  7502  7479    13
14309   7531  7517  7493    13
14310   7493  7519  7531    13
14311   7486  7519  7493    13
14312   7433  7449  7425    13
14313   7398  7409  7383    13
14314   7457  7463  7487    13
14315   7449  7433  7457    13
14316   7435  7463  7433    13
14317   7454  7463  7435    13
14318   7438  7408  7444    13
14319   7399  7408  7438    13
14320   7399  7421  7398    13
14321   7372  7408  7399    13
14322   7421  7438  7454    13
14323   7399  7438  7421    13
14324   7344  7337  7372    13
14325   7314  7323  7296    13
14326   7374  7399  7398    13
14327   7372  7399  7374    13
14328   7330  7311  7306    13
14329   7383  7354  7375    13
14330   7354  7334  7330    13
14331   7346  7334  7355    13
14332   7375  7354  7350    13
14333   7398  7383  7375    13
14334   7409  7435  7433    13
14335   7398  7435  7409    13
14336   7405  7433  7425    13
14337   7354  7381  7355    13
14338   7405  7425  7396    13
14339   7409  7433  7405    13
14340   7413  7396  7425    13
14341   7346  7327  7334    13
14342   7361  7338  7346    13
14343   7381  7405  7396    13
14344   7361  7346  7370    13
14345   7355  7334  7354    13
14346   7370  7346  7355    13
14347   7381  7396  7370    13
14348   7383  7405  7381    13
14349   7323  7350  7330    13
14350   7287  7278  7306    13
14351   7311  7287  7306    13
14352   7316  7327  7338    13
14353   7305  7293  7311    13
14354   7276  7293  7305    13
14355   7327  7311  7334    13
14356   7316  7305  7327    13
14357   7246  7256  7230    13
14358   7258  7265  7246    13
14359   7276  7295  7275    13
14360   7265  7293  7276    13
14361   7219  7205  7194    13
14362   7246  7230  7219    13
14363   7236  7211  7225    13
14364   7258  7246  7236    13
14365   7249  7278  7258    13
14366   7203  7226  7202    13
14367   7278  7296  7306    13
14368   7249  7270  7278    13
14369   7296  7278  7270    13
14370   7330  7306  7323    13
14371   7323  7314  7344    13
14372   7306  7296  7323    13
14373   7286  7296  7270    13
14374   7269  7250  7294    13
14375   7314  7300  7337    13
14376   7296  7286  7314    13
14377   7253  7270  7249    13
14378   7286  7270  7253    13
14379   7232  7264  7253    13
14380   7203  7232  7226    13
14381   7264  7286  7253    13
14382   7191  7218  7232    13
14383   7308  7294  7273    13
14384   7232  7251  7264    13
14385   7300  7286  7264    13
14386   7356  7324  7342    13
14387   7290  7300  7264    13
14388   7212  7250  7224    13
14389   7290  7264  7251    13
14390   7337  7300  7324    13
14391   7155  7143  7184    13
14392   7191  7164  7155    13
14393   7191  7203  7164    13
14394   7232  7203  7191    13
14395   7184  7143  7183    13
14396   7191  7155  7184    13
14397   7224  7251  7218    13
14398   7290  7324  7300    13
14399   7167  7128  7165    13
14400   7183  7145  7167    13
14401   7183  7143  7145    13
14402   7224  7184  7183    13
14403   7269  7251  7224    13
14404   7239  7273  7250    13
14405   7294  7250  7273    13
14406   7362  7333  7340    13
14407   7269  7224  7250    13
14408   7290  7251  7269    13
14409   7309  7290  7269    13
14410   7308  7333  7294    13
14411   7362  7391  7392    13
14412   7308  7340  7333    13
14413   7419  7430  7395    13
14414   7333  7362  7363    13
14415   7360  7391  7362    13
14416   7298  7325  7284    13
14417   7360  7362  7340    13
14418   7402  7364  7390    13
14419   7422  7448  7423    13
14420   7360  7397  7391    13
14421   7422  7391  7397    13
14422   7423  7391  7422    13
14423   7392  7391  7423    13
14424   7363  7362  7392    13
14425   7419  7423  7445    13
14426   7363  7392  7395    13
14427   7309  7333  7342    13
14428   7372  7388  7408    13
14429   7395  7404  7377    13
14430   7392  7419  7395    13
14431   7309  7294  7333    13
14432   7269  7294  7309    13
14433   7342  7324  7309    13
14434   7363  7377  7342    13
14435   7324  7290  7309    13
14436   7356  7337  7324    13
14437   7356  7342  7377    13
14438   7372  7337  7356    13
14439   7388  7420  7408    13
14440   7377  7404  7388    13
14441   7420  7388  7404    13
14442   7444  7408  7420    13
14443   7452  7444  7420    13
14444   7459  7461  7430    13
14445   7461  7484  7452    13
14446   7420  7437  7452    13
14447   1135  1138  7481    13
14448   7430  7445  7459    13
14449   7461  7452  7437    13
14450   7480  7452  7484    13
14451   7484  7461  7492    13
14452   7476  7480  7514    13
14453   7492  7461  1140    13
14454   7503  7484  7492    13
14455   7503  7520  7537    13
14456   7480  7484  7503    13
14457   7514  7537  7552    13
14458   7480  7503  7514    13
14459   7537  7556  7576    13
14460   7514  7503  7537    13
14461   7576  7556  7591    13
14462   7552  7537  7576    13
14463   7591  7616  7623    13
14464   7540  7580  7556    13
14465   7623  7656  7678    13
14466   7576  7591  7623    13
14467   7556  7580  7591    13
14468   7520  7540  7556    13
14469   7690  7718  7673    13
14470   7591  7580  7616    13
14471   7515  1138  7529    13
14472   7520  7492  7515    13
14473   7520  7515  7540    13
14474   7503  7492  7520    13
14475   7573  7600  7559    13
14476   7555  7538  1133    13
14477   7600  7580  7559    13
14478   7581  7608  7573    13
14479   7600  7616  7580    13
14480   7646  7637  7608    13
14481   7639  7616  7600    13
14482   7683  7673  7718    13
14483   7581  7555  7572    13
14484   7671  7646  7633    13
14485   1124  7604  7596    13
14486   7646  7609  7633    13
14487   7527  7542  1127    13
14488   7482  7462  7448    13
14489   7581  7573  7555    13
14490   7609  7608  7581    13
14491   7507  7527  1130    13
14492   7482  7489  7507    13
14493   1133  1130  7555    13
14494   7482  7507  7496    13
14495   1135  7538  7529    13
14496   7507  1133  7496    13
14497   7538  7559  7529    13
14498   7555  7573  7538    13
14499   1138  1140  7459    13
14500   7482  7496  7462    13
14501   1138  1135  7529    13
14502   7459  7481  1138    13
14503   7496  1135  7481    13
14504   7423  7448  7462    13
14505   7496  7481  7462    13
14506   1133  1135  7496    13
14507   7470  7429  7443    13
14508   7506  7489  7470    13
14509   7427  7434  7458    13
14510   7506  7470  7497    13
14511   7497  7472  7510    13
14512   7470  7472  7497    13
14513   7598  1119  7579    13
14514   7458  7495  7472    13
14515   7562  7532  7545    13
14516   7542  7532  7562    13
14517   7527  1127  1130    13
14518   7489  7506  7527    13
14519   7542  7527  7506    13
14520   1121  1124  7562    13
14521   1124  1127  7542    13
14522   7572  1127  7596    13
14523   7604  7630  7596    13
14524   1127  1124  7596    13
14525   7630  7633  7596    13
14526   1121  7621  7604    13
14527   7658  7671  7633    13
14528   7621  7657  7630    13
14529   1119  7641  7621    13
14530   7654  7641  1115    13
14531   7566  7583  7598    13
14532   1119  7598  1115    13
14533   7566  7545  7533    13
14534   1111  7635  1110    13
14535   7598  7579  7566    13
14536   7654  1115  1113    13
14537   7583  7571  7605    13
14538   1111  7617  7635    13
14539   7571  7563  7607    13
14540   7598  7583  7617    13
14541   7617  7583  7605    13
14542   1115  7598  1113    13
14543   1113  7617  1111    13
14544   7598  7617  1113    13
14545   7651  7666  7628    13
14546   7640  7651  7618    13
14547   7635  7617  7605    13
14548   7628  7648  7607    13
14549   7607  7635  7605    13
14550   7592  7628  7607    13
14551   7618  7602  7640    13
14552   7628  7592  7618    13
14553   7585  7618  7592    13
14554   7550  7557  7516    13
14555   7563  7554  7592    13
14556   7535  7524  7563    13
14557   7548  7509  7535    13
14558   7533  7509  7548    13
14559   7571  7607  7605    13
14560   7535  7563  7571    13
14561   7471  7434  7447    13
14562   7495  7458  7471    13
14563   7495  7509  7533    13
14564   7471  7509  7495    13
14565   7490  7471  7447    13
14566   7554  7524  7518    13
14567   7490  7524  7535    13
14568   7439  7485  7447    13
14569   7439  7447  7403    13
14570   7516  7478  7468    13
14571   7447  7434  7410    13
14572   7485  7490  7447    13
14573   7283  7312  7329    13
14574   7302  7349  7322    13
14575   7393  7432  7439    13
14576   7371  7357  7403    13
14577   7302  7329  7349    13
14578   7298  7277  7322    13
14579   7260  7312  7283    13
14580   7277  7302  7322    13
14581   7427  7458  7472    13
14582   7397  7429  7422    13
14583   7434  7390  7410    13
14584   7471  7458  7434    13
14585   7402  7390  7427    13
14586   7349  7364  7322    13
14587   7443  7472  7470    13
14588   7427  7472  7443    13
14589   7455  7448  7422    13
14590   7402  7443  7429    13
14591   7455  7422  7429    13
14592   7482  7448  7455    13
14593   7325  7360  7340    13
14594   7376  7360  7339    13
14595   7376  7339  7364    13
14596   7397  7360  7376    13
14597   7339  7298  7322    13
14598   7360  7325  7339    13
14599   7364  7402  7376    13
14600   7349  7390  7364    13
14601   7233  7207  7190    13
14602   7277  7255  7233    13
14603   7257  7283  7302    13
14604   7237  7257  7214    13
14605   7255  7207  7233    13
14606   7273  7239  7284    13
14607   7284  7239  7255    13
14608   7308  7273  7284    13
14609   7128  7083  7124    13
14610   7207  7200  7165    13
14611   7207  7162  7190    13
14612   7239  7200  7207    13
14613   7146  7121  7173    13
14614   7088  7096  7119    13
14615   7162  7119  7146    13
14616   7207  7165  7162    13
14617   7173  7121  7149    13
14618   7233  7190  7214    13
14619   7214  7173  7192    13
14620   7277  7233  7257    13
14621   7214  7192  7237    13
14622   7233  7214  7257    13
14623   7312  7357  7329    13
14624   7257  7237  7283    13
14625   7262  7297  7260    13
14626   7193  7229  7188    13
14627   7341  7384  7345    13
14628   7341  7297  7303    13
14629   7174  7149  7125    13
14630   7217  7192  7174    13
14631   7237  7260  7283    13
14632   7192  7217  7237    13
14633   7161  7193  7153    13
14634   7074  7097  7125    13
14635   7077  7053  7028    13
14636   7074  7104  7059    13
14637   7032  7071  7064    13
14638   7074  7049  7097    13
14639   7009  7059  7028    13
14640   7016  7064  7049    13
14641   7009  7028  6980    13
14642   7049  7027  6997    13
14643   6997  7016  7049    13
14644   6978  6936  6997    13
14645   7027  7059  7009    13
14646   7074  7059  7027    13
14647   6936  6919  6966    13
14648   6980  6943  7009    13
14649   6967  7016  6966    13
14650   6997  6936  6966    13
14651   6888  6849  6925    13
14652   6886  6851  6919    13
14653   6888  6943  6924    13
14654   6925  6886  6936    13
14655   6850  6886  6925    13
14656   6943  6978  7009    13
14657   6888  6925  6943    13
14658   6978  7027  7009    13
14659   6925  6936  6978    13
14660   6961  7001  7013    13
14661   6895  6945  6961    13
14662   7001  6961  6945    13
14663   7058  7013  7053    13
14664   6895  6924  6945    13
14665   6916  6846  6895    13
14666   6963  6906  6916    13
14667   6948  6929  6982    13
14668   6982  7004  6948    13
14669   7018  6976  6963    13
14670   6963  6961  7013    13
14671   6930  6906  6963    13
14672   6976  6930  6963    13
14673   7012  6955  6976    13
14674   7046  7004  7036    13
14675   7018  7051  7012    13
14676   7018  6963  7013    13
14677   7012  6976  7018    13
14678   7053  7001  7028    13
14679   7146  7096  7121    13
14680   7077  7059  7104    13
14681   7058  7053  7096    13
14682   7096  7053  7077    13
14683   7088  7058  7096    13
14684   7121  7077  7104    13
14685   7096  7077  7121    13
14686   7088  7083  7051    13
14687   7146  7119  7096    13
14688   7119  7124  7088    13
14689   7162  7124  7119    13
14690   7128  7123  7084    13
14691   7051  7083  7036    13
14692   7128  7124  7165    13
14693   7086  7084  7123    13
14694   7004  6982  7036    13
14695   7086  7046  7084    13
14696   7083  7128  7084    13
14697   7088  7124  7083    13
14698   6982  7012  7036    13
14699   6918  6969  6927    13
14700   7014  7019  6969    13
14701   7057  7019  7014    13
14702   7046  7036  7084    13
14703   7014  7004  7046    13
14704   7123  7103  7086    13
14705   7167  7145  7123    13
14706   7105  7063  7103    13
14707   7066  7105  7111    13
14708   7143  7103  7145    13
14709   7111  7105  7143    13
14710   7034  7066  7078    13
14711   7106  7078  7122    13
14712   7122  7078  7111    13
14713   7142  7106  7122    13
14714   7034  7078  7033    13
14715   7111  7078  7066    13
14716   7066  7063  7105    13
14717   7020  7063  7066    13
14718   7019  7020  6981    13
14719   7086  7057  7046    13
14720   7057  7063  7019    13
14721   7103  7063  7057    13
14722   6950  6907  6956    13
14723   7034  6999  6991    13
14724   6970  6981  7020    13
14725   6999  6956  6991    13
14726   6950  6986  6934    13
14727   6999  6986  6950    13
14728   6999  6950  6956    13
14729   7033  6986  6999    13
14730   6896  6933  6882    13
14731   6836  6837  6882    13
14732   6907  6836  6882    13
14733   6950  6891  6907    13
14734   6896  6882  6837    13
14735   6956  6882  6933    13
14736   6933  6991  6956    13
14737   6981  6970  6927    13
14738   6981  6927  6969    13
14739   6962  7004  7014    13
14740   6885  6948  6911    13
14741   6969  7019  6981    13
14742   6918  6962  6969    13
14743   6970  6991  6933    13
14744   7020  6991  6970    13
14745   6885  6842  6929    13
14746   6948  6885  6929    13
14747   6982  6955  7012    13
14748   6929  6955  6982    13
14749   6842  6880  6929    13
14750   6911  6841  6885    13
14751   6962  6918  6911    13
14752   6842  6843  6880    13
14753   6885  6841  6842    13
14754   6840  6911  6918    13
14755   6840  6841  6911    13
14756   6839  6840  6918    13
14757   6927  6896  6838    13
14758   6847  6924  6895    13
14759   6888  6848  6849    13
14760   6845  6916  6906    13
14761   6924  6848  6888    13
14762   6924  6847  6848    13
14763   6850  6925  6849    13
14764   6851  6886  6850    13
14765   6881  6854  6928    13
14766   6913  6857  6901    13
14767   6938  6901  6902    13
14768   6857  6858  6901    13
14769   6856  6857  6913    13
14770   6855  6928  6854    13
14771   6915  6853  6881    13
14772   6919  6851  6852    13
14773   6853  6854  6881    13
14774   6966  6919  6967    13
14775   6915  6852  6853    13
14776   6928  6935  6881    13
14777   6959  6979  6928    13
14778   6935  6928  6979    13
14779   6919  6915  6967    13
14780   6987  6935  6979    13
14781   6966  7016  6997    13
14782   6967  6935  6987    13
14783   6915  6935  6967    13
14784   7032  7064  7016    13
14785   6967  6987  7016    13
14786   7117  7153  7108    13
14787   6987  7029  7032    13
14788   7064  7097  7049    13
14789   7140  7097  7108    13
14790   7108  7097  7064    13
14791   7157  7136  7113    13
14792   7108  7064  7071    13
14793   7188  7140  7153    13
14794   7082  7029  7052    13
14795   7108  7071  7117    13
14796   7153  7140  7108    13
14797   7181  7161  7130    13
14798   7029  6979  7007    13
14799   7071  7032  7029    13
14800   7052  7094  7082    13
14801   7029  7007  7052    13
14802   7003  6958  6993    13
14803   7052  7007  7050    13
14804   7050  7041  7090    13
14805   7007  7003  7050    13
14806   7094  7136  7130    13
14807   7052  7050  7094    13
14808   7136  7157  7181    13
14809   7082  7094  7130    13
14810   7090  7072  7113    13
14811   7041  7072  7090    13
14812   7136  7090  7113    13
14813   7181  7130  7136    13
14814   6975  7005  7023    13
14815   7050  7003  7041    13
14816   7041  7023  7072    13
14817   6975  7023  6993    13
14818   6902  6859  6921    13
14819   6958  6938  6993    13
14820   6993  7023  7041    13
14821   6901  6938  6958    13
14822   6958  6913  6901    13
14823   6959  6913  6958    13
14824   6959  6905  6913    13
14825   7007  6979  6959    13
14826   6905  6959  6928    13
14827   6856  6913  6905    13
14828   6938  6975  6993    13
14829   6908  6921  6860    13
14830   6902  6858  6859    13
14831   6901  6858  6902    13
14832   6921  6975  6902    13
14833   6952  6975  6921    13
14834   6884  6914  6946    13
14835   6952  6908  6972    13
14836   6946  6914  6957    13
14837   6973  7011  7022    13
14838   6863  6887  6914    13
14839   6908  6923  6972    13
14840   6957  6887  6937    13
14841   7021  7040  7070    13
14842   6988  7022  7035    13
14843   6957  6937  6988    13
14844   6952  6972  7005    13
14845   6921  6908  6952    13
14846   6972  6989  7021    13
14847   6923  6946  6972    13
14848   6989  6946  6998    13
14849   6972  6946  6989    13
14850   7005  6972  7021    13
14851   6975  6952  7005    13
14852   7079  7110  7070    13
14853   6989  6998  7040    13
14854   7056  7005  7021    13
14855   7101  7072  7056    13
14856   7079  7069  7115    13
14857   7070  7040  7079    13
14858   7171  7163  7135    13
14859   7069  7099  7115    13
14860   7035  7079  7040    13
14861   6957  6988  6998    13
14862   7022  7055  7069    13
14863   6998  6988  7035    13
14864   7055  7089  7099    13
14865   6942  6904  6897    13
14866   7069  7055  7099    13
14867   7079  7035  7069    13
14868   7132  7135  7099    13
14869   7054  7092  7043    13
14870   7135  7115  7099    13
14871   7187  7152  7195    13
14872   7092  7132  7089    13
14873   7091  7133  7092    13
14874   7132  7099  7089    13
14875   7171  7170  7209    13
14876   7043  7089  7055    13
14877   6964  6942  6897    13
14878   7120  7127  7085    13
14879   7008  7047  6996    13
14880   6988  6973  7022    13
14881   7054  7043  7017    13
14882   7017  7043  6992    13
14883   7008  6996  6968    13
14884   7011  7043  7055    13
14885   6904  6922  6866    13
14886   7022  7069  7035    13
14887   7011  7055  7022    13
14888   6960  6992  7011    13
14889   6897  6904  6867    13
14890   6973  6922  6960    13
14891   6988  6937  6973    13
14892   6942  6992  6960    13
14893   7017  6992  6964    13
14894   7091  7054  7042    13
14895   6897  6920  6964    13
14896   6868  6897  6867    13
14897   6920  6897  6868    13
14898   6887  6863  6864    13
14899   6922  6865  6866    13
14900   6942  6960  6904    13
14901   6922  6973  6910    13
14902   6904  6960  6922    13
14903   6914  6887  6957    13
14904   6862  6863  6884    13
14905   6862  6923  6861    13
14906   6914  6884  6863    13
14907   6884  6923  6862    13
14908   6946  6923  6884    13
14909   6864  6910  6887    13
14910   6865  6910  6864    13
14911   6922  6910  6865    13
14912   6920  6869  6898    13
14913   6894  6870  6871    13
14914   6873  6893  6900    13
14915   6951  6949  6900    13
14916   6875  6931  6874    13
14917   6892  6875  6876    13
14918   6893  6873  6874    13
14919   6903  6877  6878    13
14920   6890  4015  4063    13
14921   6903  6878  6890    13
14922   6909  6876  6877    13
14923   4102  4144  6984    13
14924   6890  4063  6941    13
14925   7024  6984  4144    13
14926   6953  6984  6990    13
14927   7030  6984  7024    13
14928   7068  7073  7102    13
14929   7030  7024  7060    13
14930   6984  6941  4102    13
14931   4239  4267  7118    13
14932   7102  7073  7116    13
14933   4180  4211  7060    13
14934   4211  7093  7060    13
14935   7093  4239  7118    13
14936   7065  7073  7037    13
14937   7118  4267  7147    13
14938   7060  7065  7030    13
14939   7116  7151  7138    13
14940   7118  7134  7100    13
14941   7134  7160  7151    13
14942   7118  7147  7134    13
14943   7102  7138  7112    13
14944   7093  7065  7060    13
14945   7112  7120  7081    13
14946   7138  7150  7112    13
14947   7037  6990  7030    13
14948   7031  6994  7037    13
14949   7065  7100  7073    13
14950   7031  7037  7073    13
14951   7065  7037  7030    13
14952   7116  7073  7100    13
14953   7100  7134  7116    13
14954   7065  7093  7100    13
14955   6990  6984  7030    13
14956   6947  6953  6990    13
14957   7031  7073  7068    13
14958   6931  6977  6951    13
14959   6909  6947  6892    13
14960   6903  6953  6909    13
14961   6947  6931  6892    13
14962   6990  6994  6947    13
14963   6931  6875  6892    13
14964   6995  7044  7008    13
14965   6951  6893  6931    13
14966   6900  6893  6951    13
14967   7002  6995  6951    13
14968   6947  6994  6977    13
14969   7002  6977  7031    13
14970   6951  6977  7002    13
14971   6968  6996  6940    13
14972   6995  7008  6968    13
14973   7039  7068  7081    13
14974   7031  7068  7039    13
14975   6912  6968  6894    13
14976   6949  6968  6912    13
14977   6949  6912  6900    13
14978   6995  6968  6949    13
14979   6898  6870  6894    13
14980   6869  6870  6898    13
14981   6954  6920  6898    13
14982   7017  6964  7000    13
14983   6996  7000  6954    13
14984   7091  7087  7129    13
14985   7000  6964  6954    13
14986   7054  7017  7000    13
14987   7042  7000  6996    13
14988   7054  7000  7042    13
14989   7087  7091  7042    13
14990   7039  7044  6995    13
14991   7044  7085  7047    13
14992   7039  7081  7044    13
14993   7085  7081  7120    13
14994   7044  7081  7085    13
14995   7150  7182  7158    13
14996   7112  7150  7120    13
14997   7127  7129  7087    13
14998   7120  7158  7127    13
14999   7087  7047  7085    13
15000   7042  7047  7087    13
15001   7129  7168  7133    13
15002   7198  7166  7158    13
15003   7169  7182  7150    13
15004   7134  7151  7116    13
15005   7151  7169  7138    13
15006   7186  7178  7160    13
15007   7160  7178  7151    13
15008   7175  7186  7160    13
15009   7201  7213  7178    13
15010   7227  7213  7201    13
15011   7240  7216  7220    13
15012   7201  7216  7227    13
15013   7227  7244  7213    13
15014   7271  7244  7252    13
15015   7228  7196  7213    13
15016   7301  7285  7271    13
15017   7259  7228  7244    13
15018   7310  7289  7304    13
15019   7292  7301  7271    13
15020   7320  7301  7292    13
15021   7331  7348  7359    13
15022   7301  7320  7331    13
15023   7351  7378  7358    13
15024   7331  7320  7348    13
15025   7266  7261  7289    13
15026   7252  7266  7271    13
15027   7335  7320  7310    13
15028   7379  7358  7385    13
15029   7252  7244  7227    13
15030   7292  7271  7266    13
15031   7261  7280  7289    13
15032   7252  7240  7266    13
15033   7261  4398  7280    13
15034   4360  7242  7220    13
15035   7280  7304  7289    13
15036   7304  7280  4418    13
15037   7335  7310  7328    13
15038   7328  4436  4455    13
15039   7310  7304  7328    13
15040   7304  4418  4436    13
15041   7335  7328  7351    13
15042   4378  4398  7261    13
15043   4398  4418  7280    13
15044   4337  7220  7197    13
15045   4360  7220  4337    13
15046   7240  7220  7242    13
15047   7186  7175  7197    13
15048   7242  7261  7240    13
15049   4360  4378  7242    13
15050   4295  7175  7147    13
15051   7175  7160  7147    13
15052   4317  7197  7175    13
15053   4267  4295  7147    13
15054   4317  7175  4295    13
15055   4337  7197  4317    13
15056   4530  7426  4512    13
15057   7574  7541  4605    13
15058   4644  7610  4624    13
15059   7574  7594  7560    13
15060   4624  7610  7574    13
15061   7632  7613  7594    13
15062   7744  7730  7768    13
15063   7450  7431  7426    13
15064   7483  7464  7450    13
15065   7483  7511  7491    13
15066   4568  7511  7483    13
15067   4585  7511  4568    13
15068   4585  7541  7511    13
15069   4605  7541  4585    13
15070   7378  7351  4474    13
15071   4512  7400  4494    13
15072   4530  7450  7426    13
15073   4550  7450  4530    13
15074   7351  4455  4474    13
15075   7328  4455  7351    13
15076   7378  7385  7358    13
15077   4474  4494  7378    13
15078   7358  7335  7351    13
15079   7379  7348  7358    13
15080   7385  7406  7379    13
15081   4494  7400  7378    13
15082   7400  7406  7385    13
15083   4512  7426  7400    13
15084   7473  7441  7464    13
15085   7491  7464  7483    13
15086   7441  7406  7431    13
15087   7491  7473  7464    13
15088   7441  7431  7464    13
15089   7505  7491  7526    13
15090   7406  7400  7431    13
15091   7379  7406  7389    13
15092   7359  7379  7389    13
15093   7473  7446  7441    13
15094   7343  7313  7331    13
15095   7424  7436  7460    13
15096   7389  7406  7417    13
15097   7380  7401  7424    13
15098   7417  7406  7441    13
15099   7401  7436  7424    13
15100   7446  7417  7441    13
15101   7389  7417  7412    13
15102   7488  7446  7473    13
15103   7544  7553  7595    13
15104   7567  7553  7530    13
15105   7560  7543  7526    13
15106   7505  7543  7530    13
15107   7473  7491  7505    13
15108   7543  7567  7530    13
15109   7560  7578  7543    13
15110   7594  7613  7578    13
15111   7574  7610  7594    13
15112   7606  7567  7578    13
15113   7652  7643  7613    13
15114   7553  7513  7530    13
15115   7543  7578  7567    13
15116   7606  7578  7613    13
15117   7629  7595  7645    13
15118   7629  7615  7586    13
15119   7567  7606  7595    13
15120   7513  7488  7530    13
15121   7424  7442  7394    13
15122   7500  7474  7513    13
15123   7567  7595  7553    13
15124   7494  7456  7442    13
15125   7553  7544  7513    13
15126   7544  7565  7523    13
15127   7595  7586  7544    13
15128   7565  7544  7586    13
15129   7634  7597  7655    13
15130   7629  7586  7595    13
15131   7655  7663  7708    13
15132   7539  7565  7597    13
15133   7569  7568  7612    13
15134   7697  7710  7665    13
15135   7508  7568  7522    13
15136   7569  7521  7522    13
15137   7525  7521  7575    13
15138   7568  7597  7634    13
15139   7619  7569  7612    13
15140   7508  7465  7456    13
15141   7569  7522  7568    13
15142   7568  7634  7612    13
15143   7539  7597  7568    13
15144   7565  7615  7597    13
15145   7456  7494  7508    13
15146   7565  7586  7615    13
15147   7539  7523  7565    13
15148   7414  7368  7411    13
15149   7539  7508  7494    13
15150   7494  7523  7539    13
15151   7436  7412  7446    13
15152   7414  7411  7456    13
15153   7521  7467  7522    13
15154   7415  7414  7465    13
15155   7469  7416  7467    13
15156   7291  7281  7321    13
15157   7456  7465  7414    13
15158   7415  7416  7365    13
15159   7465  7467  7415    13
15160   7353  7336  7380    13
15161   7456  7411  7442    13
15162   7442  7475  7494    13
15163   7411  7394  7442    13
15164   7446  7474  7436    13
15165   7394  7380  7424    13
15166   7475  7442  7424    13
15167   7544  7500  7513    13
15168   7475  7500  7523    13
15169   7424  7460  7475    13
15170   7500  7475  7460    13
15171   7544  7523  7500    13
15172   7412  7417  7446    13
15173   7359  7389  7382    13
15174   7436  7474  7460    13
15175   7382  7412  7401    13
15176   7382  7389  7412    13
15177   7319  7347  7336    13
15178   7401  7412  7436    13
15179   7343  7373  7347    13
15180   7313  7285  7301    13
15181   7343  7319  7313    13
15182   7343  7359  7382    13
15183   7331  7359  7343    13
15184   7347  7380  7336    13
15185   7401  7380  7373    13
15186   7373  7380  7347    13
15187   7382  7401  7373    13
15188   7206  7198  7235    13
15189   7336  7307  7299    13
15190   7299  7288  7319    13
15191   7321  7307  7353    13
15192   7267  7299  7272    13
15193   7285  7259  7271    13
15194   7259  7244  7271    13
15195   7313  7288  7285    13
15196   7215  7182  7196    13
15197   7288  7267  7259    13
15198   7245  7215  7228    13
15199   7285  7288  7259    13
15200   7169  7150  7138    13
15201   7178  7196  7169    13
15202   7158  7120  7150    13
15203   7215  7198  7182    13
15204   7166  7129  7127    13
15205   7182  7198  7158    13
15206   7166  7168  7129    13
15207   7206  7168  7166    13
15208   7215  7196  7228    13
15209   7235  7198  7215    13
15210   7245  7228  7259    13
15211   7235  7215  7245    13
15212   7243  7281  7248    13
15213   7235  7272  7243    13
15214   7281  7307  7321    13
15215   7243  7272  7281    13
15216   7170  7132  7133    13
15217   7206  7208  7168    13
15218   7206  7243  7208    13
15219   7235  7243  7206    13
15220   7170  7168  7208    13
15221   7135  7132  7171    13
15222   7171  7132  7170    13
15223   7115  7163  7152    13
15224   7274  7231  7238    13
15225   7208  7209  7170    13
15226   7209  7247  7204    13
15227   7248  7247  7209    13
15228   7282  7317  7274    13
15229   7204  7238  7195    13
15230   7332  7369  7326    13
15231   7368  7369  7332    13
15232   7291  7248  7281    13
15233   7326  7282  7291    13
15234   7307  7272  7299    13
15235   7281  7272  7307    13
15236   7353  7307  7336    13
15237   7368  7321  7353    13
15238   7368  7394  7411    13
15239   7326  7369  7365    13
15240   7332  7321  7368    13
15241   7291  7321  7332    13
15242   7369  7414  7415    13
15243   7368  7414  7369    13
15244   7365  7369  7415    13
15245   7282  7326  7317    13
15246   7367  7407  7352    13
15247   7318  7366  7367    13
15248   7416  7415  7467    13
15249   7367  7366  7418    13
15250   7199  7180  7221    13
15251   7315  7279  7318    13
15252   7263  7222  7241    13
15253   7303  7352  7341    13
15254   7187  7195  7231    13
15255   7318  7268  7274    13
15256   7317  7318  7274    13
15257   7366  7318  7317    13
15258   7163  7171  7204    13
15259   7221  7187  7231    13
15260   7238  7282  7274    13
15261   7204  7247  7238    13
15262   7152  7163  7195    13
15263   7110  7115  7152    13
15264   7163  7204  7195    13
15265   7115  7135  7163    13
15266   7141  7113  7101    13
15267   7221  7180  7187    13
15268   7144  7180  7141    13
15269   7110  7152  7144    13
15270   7180  7157  7141    13
15271   7222  7199  7241    13
15272   7231  7195  7238    13
15273   7268  7221  7231    13
15274   7222  7223  7181    13
15275   7263  7223  7222    13
15276   7263  7241  7279    13
15277   7229  7223  7262    13
15278   7161  7117  7130    13
15279   7181  7193  7161    13
15280   7199  7157  7180    13
15281   7181  7157  7199    13
15282   7153  7193  7188    13
15283   7117  7161  7153    13
15284   7229  7262  7260    13
15285   7193  7223  7229    13
15286   7297  7312  7260    13
15287   7223  7263  7262    13
15288   7341  7345  7297    13
15289   7303  7297  7262    13
15290   7345  7312  7297    13
15291   7432  7428  7468    13
15292   7345  7357  7312    13
15293   7403  7357  7393    13
15294   7303  7263  7315    13
15295   7262  7263  7303    13
15296   7315  7318  7367    13
15297   7263  7279  7315    13
15298   7352  7315  7367    13
15299   7303  7315  7352    13
15300   7407  7386  7352    13
15301   7501  7549  7550    13
15302   7386  7341  7352    13
15303   7432  7384  7428    13
15304   7393  7357  7345    13
15305   7439  7403  7393    13
15306   7432  7468  7478    13
15307   7393  7384  7432    13
15308   7478  7439  7432    13
15309   7524  7485  7518    13
15310   7468  7501  7516    13
15311   7554  7518  7557    13
15312   7518  7478  7516    13
15313   7485  7478  7518    13
15314   7501  7550  7516    13
15315   7386  7428  7384    13
15316   7499  7549  7501    13
15317   7418  7451  7407    13
15318   7453  7501  7468    13
15319   7386  7407  7428    13
15320   7453  7428  7407    13
15321   7468  7428  7453    13
15322   7469  7477  7418    13
15323   7366  7416  7418    13
15324   7499  7501  7453    13
15325   7525  7477  7469    13
15326   7469  7418  7416    13
15327   7451  7418  7477    13
15328   7534  7504  7477    13
15329   7521  7525  7469    13
15330   7525  7534  7477    13
15331   7680  7672  7714    13
15332   7504  7451  7477    13
15333   7582  7570  7534    13
15334   7504  7534  7570    13
15335   7453  7451  7499    13
15336   7504  7499  7451    13
15337   7547  7499  7504    13
15338   7547  7593  7549    13
15339   7504  7570  7547    13
15340   7626  7590  7589    13
15341   7614  7642  7593    13
15342   7582  7534  7525    13
15343   7714  7672  7715    13
15344   7582  7525  7575    13
15345   7593  7570  7614    13
15346   7619  7575  7569    13
15347   7582  7575  7625    13
15348   7625  7575  7619    13
15349   7614  7582  7627    13
15350   7661  7691  7642    13
15351   7625  7627  7582    13
15352   7659  7661  7614    13
15353   7680  7659  7627    13
15354   7631  7642  7676    13
15355   7549  7589  7550    13
15356   7631  7660  7626    13
15357   7593  7642  7631    13
15358   7589  7590  7550    13
15359   7499  7547  7549    13
15360   7589  7631  7626    13
15361   7593  7631  7589    13
15362   7557  7590  7602    13
15363   7518  7516  7557    13
15364   7585  7557  7602    13
15365   7592  7554  7585    13
15366   7590  7557  7550    13
15367   7638  7602  7590    13
15368   7638  7679  7640    13
15369   7693  7662  7660    13
15370   7721  7707  7676    13
15371   7761  7734  7776    13
15372   7721  7676  7691    13
15373   7813  7830  7798    13
15374   7761  7741  7721    13
15375   7771  7741  7782    13
15376   7734  7709  7753    13
15377   7778  7813  7798    13
15378   7776  7734  7753    13
15379   7782  7761  7800    13
15380   7661  7642  7614    13
15381   7709  7691  7661    13
15382   7734  7761  7721    13
15383   7740  7753  7709    13
15384   7659  7614  7627    13
15385   7709  7661  7659    13
15386   7709  7659  7701    13
15387   7734  7691  7709    13
15388   7672  7625  7619    13
15389   7701  7680  7731    13
15390   7680  7625  7672    13
15391   7627  7625  7680    13
15392   7715  7757  7714    13
15393   7795  7808  7760    13
15394   7765  7731  7714    13
15395   7808  7766  7760    13
15396   7819  7798  7830    13
15397   7813  7854  7830    13
15398   7777  7740  7731    13
15399   7830  7854  1085    13
15400   7777  7731  7765    13
15401   7753  7740  7778    13
15402   7806  7840  7826    13
15403   7753  7798  7776    13
15404   7805  7801  7757    13
15405   7806  7801  7840    13
15406   7806  7765  7801    13
15407   7813  7777  7826    13
15408   7836  7801  7805    13
15409   7900  7873  7911    13
15410   7840  7882  7862    13
15411   7836  7864  7840    13
15412   7826  7840  7862    13
15413   7777  7806  7826    13
15414   7854  7813  7826    13
15415   1083  1085  7854    13
15416   1088  7800  7819    13
15417   7837  1091  7848    13
15418   1086  1088  7819    13
15419   1085  7880  1086    13
15420   7778  7777  7813    13
15421   7740  7777  7778    13
15422   7798  7753  7778    13
15423   7819  7776  7798    13
15424   7782  7800  1091    13
15425   7741  7761  7782    13
15426   7800  1088  1091    13
15427   7776  7819  7800    13
15428   7848  1091  1088    13
15429   7860  7837  7871    13
15430   7870  1086  7880    13
15431   7871  7848  7870    13
15432   7968  7963  7931    13
15433   7931  7963  7933    13
15434   7986  7978  7952    13
15435   7909  7952  7935    13
15436   1082  7906  1083    13
15437   7968  7931  7946    13
15438   7906  7909  1083    13
15439   7931  7933  7906    13
15440   7978  7939  7935    13
15441   7986  7963  7993    13
15442   7952  7933  7963    13
15443   8074  8081  8117    13
15444   7952  7978  7935    13
15445   7963  7986  7952    13
15446   7978  7973  7939    13
15447   8021  8011  7978    13
15448   8021  7978  7986    13
15449   8046  8021  8071    13
15450   8021  7986  8019    13
15451   8145  8163  8189    13
15452   8046  8011  8021    13
15453   8089  8143  8126    13
15454   8071  8055  8096    13
15455   8091  8071  8115    13
15456   8055  8034  8074    13
15457   8021  8019  8055    13
15458   8146  8192  8162    13
15459   8055  8074  8096    13
15460   8034  8055  8019    13
15461   7968  8007  7993    13
15462   8034  8042  8074    13
15463   8019  7993  8034    13
15464   8007  7968  7981    13
15465   8034  7993  8007    13
15466   8013  7981  7982    13
15467   8034  8007  8042    13
15468   8016  8047  8013    13
15469   8007  8013  8042    13
15470   8051  8085  8047    13
15471   8074  8042  8081    13
15472   8085  8112  8081    13
15473   8006  8020  7989    13
15474   8103  8130  8085    13
15475   8051  8072  8085    13
15476   8047  8042  8013    13
15477   8040  8051  8020    13
15478   8047  8085  8081    13
15479   8016  8051  8047    13
15480   7929  7945  1077    13
15481   7836  7873  7864    13
15482   7957  1079  1078    13
15483   1080  1079  7946    13
15484   1080  1082  7882    13
15485   7931  1082  1080    13
15486   7946  7931  1080    13
15487   7981  7968  7946    13
15488   7900  7882  7864    13
15489   7929  7908  7945    13
15490   7911  1079  7900    13
15491   1078  1079  7911    13
15492   7896  7929  7911    13
15493   7808  7843  7805    13
15494   7896  7869  7908    13
15495   7911  7873  7896    13
15496   1077  7989  7982    13
15497   7959  1076  7945    13
15498   7922  7944  7959    13
15499   7896  7908  7929    13
15500   7947  7979  7976    13
15501   7994  7979  7961    13
15502   8024  8040  8006    13
15503   8053  8039  1073    13
15504   8024  8006  1075    13
15505   8012  7984  8000    13
15506   7989  8016  7982    13
15507   1076  8006  7989    13
15508   8020  8051  8016    13
15509   8006  8040  8020    13
15510   8024  1075  1074    13
15511   8060  8040  8024    13
15512   8094  8103  8072    13
15513   8060  8094  8072    13
15514   8127  8129  8094    13
15515   8073  8101  8094    13
15516   8130  8112  8085    13
15517   8164  8166  8129    13
15518   8053  8066  8087    13
15519   1073  1072  8053    13
15520   8073  8087  8101    13
15521   8039  8053  8073    13
15522   8039  8024  1074    13
15523   8012  1072  1073    13
15524   8039  1074  1073    13
15525   8060  8024  8039    13
15526   8066  8083  8087    13
15527   1072  1071  8066    13
15528   1070  8049  1069    13
15529   8083  1071  1070    13
15530   8083  8108  8087    13
15531   1070  8093  8083    13
15532   8123  8101  8087    13
15533   8186  8148  8183    13
15534   8029  8067  8049    13
15535   8093  1070  1069    13
15536   8105  8093  1069    13
15537   8179  8150  8171    13
15538   7966  7932  7975    13
15539   1071  8028  8035    13
15540   8049  8067  1069    13
15541   1070  8035  8049    13
15542   7961  7938  7984    13
15543   8028  8012  8000    13
15544   8015  7990  8029    13
15545   8035  8000  8015    13
15546   7994  1074  7979    13
15547   8012  1073  7994    13
15548   8028  8000  8035    13
15549   1072  8012  8028    13
15550   7984  8012  7994    13
15551   7966  7984  7938    13
15552   7984  7966  8000    13
15553   7994  7961  7984    13
15554   7975  8015  8000    13
15555   7901  7932  7938    13
15556   7975  7948  7990    13
15557   8000  7966  7975    13
15558   7872  7856  7898    13
15559   7932  7890  7904    13
15560   7932  7948  7975    13
15561   7901  7890  7932    13
15562   7763  7764  7807    13
15563   7629  7663  7615    13
15564   7763  7810  7754    13
15565   7868  7874  7907    13
15566   7754  7810  7792    13
15567   7846  7831  7868    13
15568   7874  7901  7918    13
15569   7795  7831  7846    13
15570   7938  7961  7918    13
15571   7857  7890  7901    13
15572   7938  7932  7966    13
15573   7918  7901  7938    13
15574   7944  7922  7907    13
15575   7918  7947  7907    13
15576   7944  7907  7947    13
15577   7886  7907  7922    13
15578   7922  7959  7945    13
15579   7869  7886  7908    13
15580   7922  7908  7886    13
15581   7945  7908  7922    13
15582   7869  7896  7873    13
15583   7846  7869  7843    13
15584   7869  7846  7886    13
15585   7873  7843  7869    13
15586   7846  7808  7795    13
15587   7843  7808  7846    13
15588   7831  7835  7874    13
15589   7886  7846  7868    13
15590   7792  7831  7795    13
15591   7857  7835  7810    13
15592   7831  7874  7868    13
15593   7792  7835  7831    13
15594   7760  7745  7795    13
15595   7757  7715  7766    13
15596   7766  7715  7760    13
15597   7805  7757  7766    13
15598   7745  7760  7710    13
15599   7612  7634  7665    13
15600   7710  7664  7665    13
15601   7760  7715  7710    13
15602   7655  7708  7697    13
15603   7634  7655  7697    13
15604   7745  7792  7795    13
15605   7710  7697  7745    13
15606   7754  7745  7697    13
15607   7597  7615  7655    13
15608   7725  7712  7681    13
15609   7681  7712  7663    13
15610   7810  7835  7792    13
15611   7697  7708  7754    13
15612   7810  7853  7857    13
15613   7825  7814  7856    13
15614   7763  7754  7708    13
15615   7853  7810  7807    13
15616   7807  7810  7763    13
15617   7825  7853  7807    13
15618   7663  7655  7615    13
15619   7763  7708  7712    13
15620   7712  7708  7663    13
15621   7764  7763  7712    13
15622   7645  7692  7681    13
15623   7663  7629  7681    13
15624   7643  7606  7613    13
15625   7595  7606  7645    13
15626   7682  7692  7645    13
15627   7606  7643  7645    13
15628   7682  7689  7723    13
15629   7645  7643  7682    13
15630   7689  7668  7706    13
15631   7762  7726  7744    13
15632   7692  7725  7681    13
15633   7739  7725  7692    13
15634   7779  7764  7725    13
15635   7814  7779  7772    13
15636   7779  7825  7807    13
15637   7712  7725  7764    13
15638   7779  7725  7739    13
15639   7807  7764  7779    13
15640   7856  7872  7825    13
15641   7803  7785  7768    13
15642   7872  7853  7825    13
15643   7920  7904  7872    13
15644   7814  7825  7779    13
15645   7876  7856  7844    13
15646   7844  7856  7814    13
15647   7897  7865  4800    13
15648   7772  7779  7739    13
15649   7844  7814  7802    13
15650   7802  7772  7762    13
15651   7814  7772  7802    13
15652   7730  4699  4720    13
15653   7723  7726  7762    13
15654   7785  7802  7762    13
15655   7844  7802  7823    13
15656   7861  7876  7844    13
15657   7861  7844  7823    13
15658   7902  7876  7861    13
15659   7832  7823  7803    13
15660   7897  7861  7865    13
15661   7861  7832  7865    13
15662   7768  7730  4720    13
15663   7785  7744  7768    13
15664   7768  4720  4736    13
15665   7647  4644  4662    13
15666   7632  7647  7668    13
15667   7668  7684  7706    13
15668   7744  7706  7730    13
15669   7684  4699  7730    13
15670   7652  7668  7689    13
15671   7726  7706  7744    13
15672   7723  7689  7726    13
15673   7652  7613  7632    13
15674   7682  7643  7652    13
15675   7684  7730  7706    13
15676   7652  7632  7668    13
15677   7647  4662  7684    13
15678   7610  4644  7647    13
15679   7668  7647  7684    13
15680   4662  4682  7684    13
15681   4682  4699  7684    13
15682   4778  7832  4755    13
15683   4778  7865  7832    13
15684   4800  7865  4778    13
15685   7991  7974  7958    13
15686   7991  4856  4878    13
15687   4919  8048  4896    13
15688   4942  8109  8082    13
15689   8109  8088  8082    13
15690   8088  8057  8082    13
15691   8170  4992  5019    13
15692   8102  8080  8070    13
15693   8109  8121  8088    13
15694   8102  8070  8088    13
15695   8061  8080  8092    13
15696   8032  8057  8070    13
15697   8048  8057  8022    13
15698   8057  8088  8070    13
15699   4896  8022  4878    13
15700   8048  8082  8057    13
15701   4919  8082  8048    13
15702   4942  8082  4919    13
15703   7991  8022  8004    13
15704   4878  8022  7991    13
15705   7924  7936  7902    13
15706   4836  7958  7924    13
15707   7902  7936  7919    13
15708   7861  7897  7902    13
15709   7962  7940  7919    13
15710   7924  7958  7936    13
15711   7974  7991  8004    13
15712   7919  7936  7962    13
15713   8022  8032  8004    13
15714   4896  8048  8022    13
15715   8009  8045  8029    13
15716   7975  7990  8015    13
15717   8041  8070  8080    13
15718   7983  8002  8025    13
15719   7962  7983  7940    13
15720   7974  8002  7962    13
15721   7983  8009  7965    13
15722   7962  8002  7983    13
15723   7920  7872  7898    13
15724   7948  7904  7920    13
15725   7948  7920  7965    13
15726   7932  7904  7948    13
15727   7990  7965  8009    13
15728   7948  7965  7990    13
15729   8029  7990  8009    13
15730   8049  8015  8029    13
15731   8045  8079  8067    13
15732   8009  8025  8045    13
15733   8067  1068  1069    13
15734   8029  8045  8067    13
15735   8041  8032  8070    13
15736   8002  8032  8041    13
15737   8061  8041  8080    13
15738   8045  8025  8061    13
15739   8092  1067  8079    13
15740   8061  8092  8079    13
15741   8092  8080  8113    13
15742   8105  8131  8122    13
15743   1068  8079  1067    13
15744   8067  8079  1068    13
15745   8119  8105  1068    13
15746   8171  8191  8206    13
15747   1066  8156  8140    13
15748   1068  1067  8119    13
15749   8133  8142  8113    13
15750   8175  8142  8168    13
15751   8140  1067  1066    13
15752   8148  8123  8108    13
15753   8156  8171  8140    13
15754   8243  8259  8290    13
15755   8150  8119  8140    13
15756   8247  8203  8243    13
15757   8150  8140  8171    13
15758   8105  8119  8131    13
15759   8179  8206  8217    13
15760   8131  8150  8155    13
15761   8206  8179  8171    13
15762   8299  8257  8293    13
15763   8249  8217  8206    13
15764   8349  8321  8368    13
15765   8257  8217  8249    13
15766   8392  8379  6821    13
15767   8300  8321  8349    13
15768   8267  8321  8300    13
15769   8227  8211  8247    13
15770   8300  8249  8267    13
15771   8321  8370  8368    13
15772   8267  8292  8321    13
15773   8191  8171  8156    13
15774   8267  8227  8247    13
15775   8227  8206  8191    13
15776   8249  8206  8227    13
15777   8203  8168  8185    13
15778   8247  8211  8203    13
15779   8175  8168  8203    13
15780   8227  8191  8211    13
15781   8289  8247  8243    13
15782   8336  8292  8289    13
15783   8331  8336  8289    13
15784   8380  8336  8331    13
15785   8332  8331  8290    13
15786   6828  8406  5289    13
15787   8332  8290  8306    13
15788   8375  8331  8332    13
15789   8185  8170  8198    13
15790   8243  8203  8220    13
15791   8259  8243  8220    13
15792   8306  8290  8259    13
15793   8185  8220  8203    13
15794   8198  8220  8185    13
15795   8266  8228  5083    13
15796   8133  8121  8152    13
15797   8211  8175  8203    13
15798   8142  8133  8168    13
15799   8191  8156  8175    13
15800   8142  8156  1066    13
15801   8080  8102  8113    13
15802   8142  1066  8113    13
15803   8175  8156  8142    13
15804   8121  8102  8088    13
15805   8133  8102  8121    13
15806   8133  8152  8168    13
15807   8113  8102  8133    13
15808   8121  8109  8141    13
15809   8141  8109  4966    13
15810   8198  8170  5019    13
15811   8170  8152  8141    13
15812   8185  8152  8170    13
15813   5047  8198  5019    13
15814   8141  4966  4992    13
15815   8228  8220  8198    13
15816   8259  8220  8228    13
15817   8266  5083  5116    13
15818   8228  5047  5083    13
15819   8381  8332  8347    13
15820   5195  5289  8406    13
15821   8347  5153  5195    13
15822   8375  6827  6826    13
15823   8347  8332  8306    13
15824   5195  8406  8347    13
15825   8381  8347  8406    13
15826   8375  8332  8381    13
15827   8380  8370  8336    13
15828   6826  6825  8380    13
15829   8370  8321  8336    13
15830   6823  8368  6824    13
15831   8349  8368  8404    13
15832   8293  8300  8349    13
15833   8299  8348  8309    13
15834   8410  8387  8355    13
15835   6815  8382  6816    13
15836   6814  8399  6815    13
15837   8317  8367  8376    13
15838   6818  8387  6819    13
15839   6817  8367  6818    13
15840   8404  8379  8349    13
15841   8392  6821  6820    13
15842   8410  6820  6819    13
15843   8404  6822  8379    13
15844   8379  6822  6821    13
15845   8293  8349  8339    13
15846   8392  6820  8410    13
15847   8339  8379  8392    13
15848   8387  8367  8328    13
15849   8392  8410  8348    13
15850   8387  6818  8367    13
15851   8410  6819  8387    13
15852   8278  8239  8231    13
15853   8348  8355  8309    13
15854   8328  8278  8309    13
15855   8367  8317  8328    13
15856   8339  8348  8299    13
15857   8349  8379  8339    13
15858   8348  8410  8355    13
15859   8339  8392  8348    13
15860   8183  8217  8221    13
15861   8150  8179  8155    13
15862   8257  8249  8293    13
15863   8221  8217  8257    13
15864   8131  8155  8122    13
15865   8119  8150  8131    13
15866   8155  8148  8122    13
15867   8179  8183  8155    13
15868   8123  8087  8108    13
15869   8094  8129  8103    13
15870   8148  8155  8183    13
15871   8108  8122  8148    13
15872   8186  8221  8231    13
15873   8123  8148  8157    13
15874   8264  8231  8221    13
15875   8278  8231  8264    13
15876   8164  8204  8166    13
15877   8186  8157  8148    13
15878   8195  8204  8164    13
15879   8231  8239  8195    13
15880   8127  8157  8164    13
15881   8094  8101  8127    13
15882   8157  8127  8123    13
15883   8186  8195  8157    13
15884   8166  8130  8129    13
15885   8127  8164  8129    13
15886   8130  8103  8129    13
15887   8253  8258  8297    13
15888   8239  8246  8204    13
15889   8195  8239  8204    13
15890   8213  8166  8204    13
15891   8214  8172  8213    13
15892   8258  8253  8213    13
15893   8340  8294  8337    13
15894   8294  8340  8297    13
15895   8213  8246  8258    13
15896   8278  8264  8309    13
15897   8280  8239  8278    13
15898   8294  8258  8246    13
15899   8278  8317  8280    13
15900   8294  8246  8280    13
15901   8297  8258  8294    13
15902   8376  6817  6816    13
15903   8367  6817  8376    13
15904   8382  8376  6816    13
15905   8399  8340  8382    13
15906   8399  8382  6815    13
15907   8297  8340  8351    13
15908   8351  8340  8399    13
15909   8326  8297  8351    13
15910   8388  8325  8374    13
15911   8283  8325  8341    13
15912   8393  6813  8374    13
15913   8399  6814  8393    13
15914   8295  8273  8251    13
15915   8273  8295  8323    13
15916   8341  8325  8388    13
15917   8273  8323  8305    13
15918   8283  8238  8285    13
15919   8341  8295  8283    13
15920   8285  8297  8326    13
15921   8238  8253  8285    13
15922   8146  8130  8172    13
15923   8251  8210  8238    13
15924   8214  8192  8172    13
15925   8238  8192  8214    13
15926   8130  8146  8112    13
15927   8166  8172  8130    13
15928   8146  8162  8117    13
15929   8172  8192  8146    13
15930   8117  8112  8146    13
15931   8096  8074  8117    13
15932   8162  8192  8210    13
15933   8096  8117  8138    13
15934   8238  8214  8253    13
15935   8210  8192  8238    13
15936   8251  8238  8283    13
15937   8187  8210  8230    13
15938   8207  8187  8230    13
15939   8350  8354  8304    13
15940   8230  8210  8251    13
15941   8232  8207  8256    13
15942   8138  8187  8163    13
15943   8117  8162  8138    13
15944   8187  8162  8210    13
15945   8138  8162  8187    13
15946   8115  8071  8096    13
15947   8046  8071  8091    13
15948   8163  8145  8115    13
15949   8187  8207  8163    13
15950   8189  8163  8207    13
15951   8188  8178  8222    13
15952   8395  8383  8338    13
15953   8189  8207  8232    13
15954   8256  8287  8232    13
15955   8305  8287  8256    13
15956   8219  8189  8232    13
15957   8273  8305  8256    13
15958   8353  8338  8305    13
15959   6809  8395  8394    13
15960   8323  8394  8353    13
15961   8295  8341  8323    13
15962   8353  8394  8395    13
15963   8305  8323  8353    13
15964   6810  6809  8394    13
15965   8341  8388  8372    13
15966   8333  8385  8350    13
15967   8383  8385  8333    13
15968   8338  8287  8305    13
15969   8383  8333  8338    13
15970   8395  8338  8353    13
15971   6807  8383  6808    13
15972   6808  8383  8395    13
15973   8323  8372  8394    13
15974   8372  6811  6810    13
15975   8388  6812  6811    13
15976   8374  6813  6812    13
15977   8384  8365  6803    13
15978   8391  6802  6801    13
15979   8391  6801  8373    13
15980   8324  8386  8342    13
15981   6794  8386  8364    13
15982   8403  8343  8361    13
15983   8315  8366  8362    13
15984   8291  8255  8244    13
15985   6790  8366  6791    13
15986   8364  6795  6794    13
15987   8334  8369  8397    13
15988   8371  8396  8344    13
15989   8311  8270  8334    13
15990   8397  8358  8334    13
15991   8390  8358  8397    13
15992   8386  8400  8342    13
15993   8291  8324  8342    13
15994   8386  8324  8364    13
15995   6792  8400  6793    13
15996   8390  6796  6795    13
15997   8318  8358  8390    13
15998   8386  6794  6793    13
15999   8378  8366  8322    13
16000   6791  8366  8378    13
16001   8400  8386  6793    13
16002   8345  8342  8400    13
16003   8401  6788  8361    13
16004   6788  8401  6789    13
16005   8320  8362  8401    13
16006   8274  8315  8320    13
16007   8362  6789  8401    13
16008   8322  8366  8315    13
16009   8315  8362  8320    13
16010   8345  8322  8296    13
16011   8345  8400  8378    13
16012   8291  8342  8345    13
16013   8199  8233  8236    13
16014   8236  8233  8274    13
16015   8296  8322  8269    13
16016   8291  8345  8296    13
16017   8236  8274  8277    13
16018   8058  8106  8064    13
16019   8274  8269  8315    13
16020   8233  8269  8274    13
16021   8240  8260  8215    13
16022   8199  8236  8196    13
16023   8255  8296  8269    13
16024   8058  8090  8106    13
16025   8193  8244  8216    13
16026   8182  8180  8223    13
16027   8233  8223  8269    13
16028   8182  8223  8233    13
16029   8056  8075  8110    13
16030   8255  8216  8244    13
16031   8180  8149  8193    13
16032   8296  8255  8291    13
16033   8279  8324  8291    13
16034   8200  8234  8193    13
16035   8255  8223  8216    13
16036   8269  8223  8255    13
16037   8200  8167  8209    13
16038   8234  8200  8237    13
16039   8279  8318  8324    13
16040   8234  8271  8279    13
16041   8234  8244  8193    13
16042   8209  8237  8200    13
16043   8234  8279  8244    13
16044   8237  8271  8234    13
16045   8242  8205  8197    13
16046   8301  8275  8335    13
16047   8242  8245  8205    13
16048   8298  8344  8334    13
16049   8208  8241  8197    13
16050   8188  8224  8177    13
16051   8288  8284  8241    13
16052   8224  8275  8250    13
16053   8286  8245  8242    13
16054   8344  8327  8371    13
16055   8288  8241  8250    13
16056   8330  8284  8288    13
16057   8286  8242  8284    13
16058   8270  8245  8298    13
16059   8298  8334  8270    13
16060   8369  8334  8344    13
16061   8371  6800  6799    13
16062   8298  8286  8344    13
16063   8369  6797  8397    13
16064   6799  8396  8371    13
16065   8396  8369  8344    13
16066   6801  6800  8373    13
16067   8396  6798  8369    13
16068   6799  6798  8396    13
16069   8373  8330  8391    13
16070   8327  8330  8373    13
16071   8327  8373  8371    13
16072   8286  8284  8327    13
16073   8346  8330  8288    13
16074   6802  8391  8384    13
16075   8335  8384  8346    13
16076   8275  8314  8335    13
16077   8377  6805  6804    13
16078   8335  8314  8365    13
16079   8384  6803  6802    13
16080   8335  8365  8384    13
16081   8377  8409  6805    13
16082   8377  6804  8365    13
16083   8350  8409  8354    13
16084   6806  6805  8409    13
16085   8350  8304  8303    13
16086   8385  8409  8350    13
16087   8354  8377  8314    13
16088   8409  8377  8354    13
16089   8303  8262  8287    13
16090   8333  8350  8303    13
16091   8275  8224  8265    13
16092   8354  8314  8304    13
16093   8301  8288  8250    13
16094   8304  8314  8265    13
16095   8301  8250  8275    13
16096   8346  8288  8301    13
16097   8261  8265  8222    13
16098   8303  8304  8261    13
16099   8265  8224  8222    13
16100   8314  8275  8265    13
16101   8219  8261  8222    13
16102   8262  8261  8219    13
16103   8262  8219  8232    13
16104   8303  8261  8262    13
16105   8178  8189  8219    13
16106   8091  8128  8089    13
16107   8052  8011  8046    13
16108   7992  8027  7969    13
16109   8091  8115  8145    13
16110   8052  8046  8091    13
16111   8008  8011  8052    13
16112   7939  7973  7928    13
16113   8128  8143  8089    13
16114   8052  8091  8089    13
16115   8128  8145  8178    13
16116   8091  8145  8128    13
16117   8143  8177  8126    13
16118   8178  8188  8143    13
16119   8205  8154  8197    13
16120   8208  8197  8160    13
16121   8177  8208  8160    13
16122   8224  8208  8177    13
16123   8154  8107  8116    13
16124   8126  8160  8116    13
16125   8077  8062  8107    13
16126   8169  8124  8154    13
16127   8005  8062  8023    13
16128   8116  8062  8076    13
16129   8027  7992  8043    13
16130   8062  8005  8027    13
16131   8043  8008  8052    13
16132   8076  8027  8043    13
16133   8076  8062  8027    13
16134   8126  8116  8076    13
16135   7878  7913  7916    13
16136   7847  7878  7849    13
16137   7969  7955  7921    13
16138   8027  8005  7969    13
16139   7875  7851  7881    13
16140   7917  7875  7881    13
16141   7955  7969  8005    13
16142   7917  7921  7955    13
16143   7842  7812  7849    13
16144   7921  7916  7969    13
16145   7815  7791  7842    13
16146   7850  7824  7875    13
16147   7817  7804  7847    13
16148   7881  7842  7877    13
16149   7877  7842  7849    13
16150   7921  7881  7877    13
16151   7878  7877  7849    13
16152   7895  7913  7878    13
16153   7916  7913  7951    13
16154   7921  7877  7916    13
16155   7973  8011  8008    13
16156   7895  7928  7913    13
16157   7992  8008  8043    13
16158   7969  7951  7992    13
16159   7928  7973  7960    13
16160   7903  7939  7928    13
16161   7973  8008  7960    13
16162   7978  8011  7973    13
16163   7860  7820  7837    13
16164   7878  7847  7860    13
16165   7871  7837  7848    13
16166   7903  7895  7871    13
16167   1094  7820  7804    13
16168   7741  7771  7755    13
16169   7820  7847  7804    13
16170   7860  7847  7820    13
16171   7783  1098  1097    13
16172   7769  7783  7812    13
16173   7791  7769  7812    13
16174   7847  7849  7817    13
16175   1098  7783  7769    13
16176   7702  7717  7679    13
16177   1097  1098  7737    13
16178   7804  7783  1097    13
16179   7755  7737  7729    13
16180   1094  1097  7755    13
16181   7771  1093  1094    13
16182   7782  1093  7771    13
16183   7707  7741  7729    13
16184   7638  7626  7662    13
16185   7707  7660  7676    13
16186   7729  7693  7707    13
16187   7660  7662  7626    13
16188   7707  7693  7660    13
16189   7662  7679  7638    13
16190   7702  7679  7662    13
16191   1103  7686  7700    13
16192   7737  7717  7702    13
16193   7702  7729  7737    13
16194   7662  7693  7702    13
16195   7717  1100  7700    13
16196   7737  1098  7717    13
16197   1105  7686  1103    13
16198   1098  7769  1100    13
16199   7666  7651  7686    13
16200   7774  7824  7809    13
16201   1103  1100  7751    13
16202   7700  1100  1103    13
16203   7651  7670  7686    13
16204   7628  7618  7651    13
16205   7670  7679  7700    13
16206   7651  7640  7670    13
16207   7648  1110  7635    13
16208   1106  7648  7666    13
16209   1106  1110  7648    13
16210   7686  1105  7666    13
16211   1106  7666  1105    13
16212   7705  7695  7732    13
16213   7716  1106  1105    13
16214   1110  1106  7695    13
16215   1105  1103  7735    13
16216   1106  7716  7695    13
16217   7735  7751  7770    13
16218   7774  7748  7789    13
16219   7735  7770  7748    13
16220   7791  7770  7751    13
16221   7751  1100  7769    13
16222   7735  1103  7751    13
16223   7791  7751  7769    13
16224   7789  7770  7815    13
16225   7812  7783  7817    13
16226   7842  7791  7812    13
16227   7789  7815  7824    13
16228   7748  7770  7789    13
16229   7815  7842  7851    13
16230   7770  7791  7815    13
16231   7845  7796  7839    13
16232   7888  7889  7839    13
16233   7845  7889  7893    13
16234   7794  7790  7841    13
16235   7845  7893  7841    13
16236   7839  7889  7845    13
16237   7747  7790  7742    13
16238   7796  7790  7747    13
16239   7796  7752  7787    13
16240   7845  7790  7796    13
16241   7809  7824  7850    13
16242   7749  7774  7809    13
16243   7824  7815  7851    13
16244   7774  7789  7824    13
16245   7705  7674  7695    13
16246   7687  7674  7705    13
16247   7732  7716  7748    13
16248   7749  7705  7732    13
16249   7674  1113  1111    13
16250   7713  7722  7752    13
16251   7695  7716  7732    13
16252   7674  1110  7695    13
16253   7677  7687  7713    13
16254   7657  7641  7677    13
16255   7687  7654  7674    13
16256   7677  7654  7687    13
16257   7658  7630  7657    13
16258   7747  7742  7703    13
16259   7722  7749  7752    13
16260   7687  7705  7722    13
16261   7698  7703  7742    13
16262   7657  7703  7698    13
16263   7711  7756  7738    13
16264   7671  7698  7711    13
16265   7658  7657  7698    13
16266   7633  7630  7658    13
16267   7690  7711  7738    13
16268   7637  7646  7673    13
16269   7639  7600  7637    13
16270   7656  7639  7683    13
16271   7673  7646  7690    13
16272   7704  7758  7727    13
16273   7683  7639  7673    13
16274   7616  7639  7656    13
16275   7718  7690  7738    13
16276   7704  7683  7733    13
16277   7733  7758  7704    13
16278   7683  7718  7733    13
16279   7775  7788  7827    13
16280   7733  7718  7775    13
16281   7788  7775  7738    13
16282   7742  7794  7756    13
16283   7788  7834  7827    13
16284   7738  7756  7788    13
16285   7884  7879  7834    13
16286   7893  7884  7841    13
16287   7879  7827  7834    13
16288   7893  7943  7884    13
16289   7833  7775  7827    13
16290   7915  7863  7892    13
16291   7892  7833  7827    13
16292   7943  7927  7884    13
16293   7892  7827  7879    13
16294   7863  7833  7892    13
16295   7953  7915  7892    13
16296   8044  7996  7988    13
16297   7953  7996  8014    13
16298   7892  7941  7953    13
16299   8044  8050  8090    13
16300   7943  7988  7927    13
16301   8050  7988  7999    13
16302   8193  8158  8200    13
16303   8056  8050  7999    13
16304   8090  8136  8106    13
16305   7927  7879  7884    13
16306   7996  7941  7988    13
16307   7988  7941  7927    13
16308   8050  8044  7988    13
16309   8003  7999  7950    13
16310   7955  7971  7917    13
16311   7980  8003  7942    13
16312   7889  7942  7950    13
16313   7888  7923  7942    13
16314   7839  7850  7888    13
16315   7971  7980  7923    13
16316   7875  7917  7923    13
16317   7980  7942  7923    13
16318   8005  8023  7971    13
16319   8003  7950  7942    13
16320   8023  8031  7980    13
16321   8003  8056  7999    13
16322   8075  8056  8003    13
16323   8031  8003  7980    13
16324   8077  8075  8031    13
16325   8099  8050  8056    13
16326   8200  8158  8167    13
16327   8120  8110  8075    13
16328   8158  8110  8120    13
16329   8077  8023  8062    13
16330   8120  8075  8124    13
16331   8107  8062  8116    13
16332   8075  8077  8124    13
16333   8124  8077  8107    13
16334   8167  8120  8124    13
16335   8169  8154  8205    13
16336   8167  8124  8169    13
16337   8099  8056  8110    13
16338   8223  8180  8216    13
16339   8158  8149  8110    13
16340   8193  8149  8158    13
16341   8137  8099  8149    13
16342   8199  8182  8233    13
16343   8182  8137  8180    13
16344   8106  8136  8159    13
16345   8099  8110  8149    13
16346   8090  8050  8099    13
16347   8137  8149  8180    13
16348   8090  8099  8137    13
16349   8106  8104  8064    13
16350   8044  8090  8058    13
16351   8106  8147  8104    13
16352   8182  8159  8136    13
16353   8136  8137  8182    13
16354   8090  8137  8136    13
16355   8159  8199  8196    13
16356   8182  8199  8159    13
16357   8226  8260  8276    13
16358   8159  8147  8106    13
16359   8098  8065  8097    13
16360   8014  8064  8017    13
16361   8059  8026  8017    13
16362   8104  8097  8059    13
16363   7985  7972  8017    13
16364   8036  7995  8026    13
16365   8065  8036  8026    13
16366   8078  8036  8065    13
16367   8078  8065  8098    13
16368   8111  8114  8135    13
16369   8097  8065  8059    13
16370   8181  8215  8226    13
16371   8084  8068  8100    13
16372   8018  8030  8054    13
16373   8100  8114  8084    13
16374   8078  8118  8100    13
16375   8086  8054  8084    13
16376   8069  8063  8086    13
16377   8114  8132  8144    13
16378   8086  8084  8114    13
16379   7995  8001  7967    13
16380   7970  7998  7977    13
16381   8030  8068  8054    13
16382   8033  8018  8054    13
16383   8068  8084  8054    13
16384   8001  7964  7967    13
16385   8068  8037  8078    13
16386   8030  8037  8068    13
16387   7930  7956  7967    13
16388   7887  7883  7858    13
16389   8001  8037  8030    13
16390   7954  7964  7987    13
16391   7894  7926  7925    13
16392   7937  7954  7970    13
16393   7987  7964  7997    13
16394   7899  7925  7912    13
16395   7859  7894  7899    13
16396   7887  7867  7899    13
16397   7937  7914  7912    13
16398   7894  7925  7899    13
16399   7828  7855  7811    13
16400   7925  7964  7954    13
16401   7926  7964  7925    13
16402   7930  7967  7926    13
16403   7894  7891  7926    13
16404   7930  7926  7891    13
16405   7964  7926  7967    13
16406   8001  7997  7964    13
16407   7956  7995  7967    13
16408   8001  8030  7997    13
16409   8036  8037  8001    13
16410   7972  8014  8017    13
16411   7915  7953  7972    13
16412   7985  8017  8026    13
16413   7934  7972  7985    13
16414   7885  7915  7934    13
16415   7828  7866  7855    13
16416   7934  7956  7910    13
16417   7915  7972  7934    13
16418   7816  7786  7833    13
16419   7910  7885  7934    13
16420   7885  7838  7863    13
16421   7866  7838  7885    13
16422   7799  7780  7838    13
16423   7781  7773  7811    13
16424   7866  7885  7910    13
16425   7828  7838  7866    13
16426   7780  7727  7758    13
16427   7828  7799  7838    13
16428   7746  7727  7780    13
16429   7811  7773  7799    13
16430   7816  7838  7780    13
16431   7775  7833  7786    13
16432   7816  7833  7863    13
16433   7758  7786  7816    13
16434   7678  7656  7704    13
16435   7724  7746  7773    13
16436   7758  7816  7780    13
16437   7733  7786  7758    13
16438   7656  7683  7704    13
16439   7623  7616  7656    13
16440   7649  7603  7623    13
16441   7696  7649  7678    13
16442   7649  7675  7624    13
16443   7696  7675  7649    13
16444   7696  7678  7727    13
16445   7694  7675  7724    13
16446   7746  7780  7799    13
16447   7675  7696  7724    13
16448   7773  7746  7799    13
16449   7759  7781  7797    13
16450   7694  7720  7688    13
16451   7746  7724  7696    13
16452   7724  7720  7694    13
16453   7773  7743  7724    13
16454   7644  7624  7675    13
16455   7601  7624  7644    13
16456   7688  7669  7650    13
16457   7675  7694  7667    13
16458   7699  7685  7669    13
16459   7667  7688  7650    13
16460   7688  7699  7669    13
16461   7720  7728  7688    13
16462   7720  7759  7728    13
16463   7724  7743  7720    13
16464   7759  7797  7767    13
16465   7720  7743  7759    13
16466   7797  7822  7793    13
16467   7728  7759  7767    13
16468   7793  7784  7767    13
16469   7828  7811  7799    13
16470   7781  7743  7773    13
16471   7759  7743  7781    13
16472   7821  7797  7781    13
16473   7894  7855  7891    13
16474   7855  7894  7859    13
16475   7781  7811  7821    13
16476   7855  7859  7821    13
16477   7866  7891  7855    13
16478   7829  7858  7822    13
16479   7859  7867  7829    13
16480   7859  7829  7821    13
16481   7899  7867  7859    13
16482   7912  7887  7899    13
16483   7852  7822  7858    13
16484   7797  7793  7767    13
16485   7793  7818  7784    13
16486   7829  7822  7797    13
16487   7822  7818  7793    13
16488   7852  7818  7822    13
16489   7736  7719  7699    13
16490   7728  7767  7736    13
16491   7767  7784  7750    13
16492   7685  7653  7669    13
16493   7728  7736  7699    13
16494   7719  7685  7699    13
16495   7883  7852  7858    13
16496   7887  7858  7867    13
16497   7914  7883  7887    13
16498   7937  7949  7914    13
16499   7925  7954  7937    13
16500   7998  7970  7987    13
16501   7937  7970  7949    13
16502   7970  7977  7949    13
16503   8018  7998  7987    13
16504   8010  7998  8033    13
16505   7998  8010  7977    13
16506   8018  8033  7998    13
16507   8063  8054  8086    13
16508   8069  8086  8095    13
16509   8033  8063  8038    13
16510   8038  8063  8069    13
16511   8010  8033  8038    13
16512   8248  8263  8281    13
16513   8319  8352  8363    13
16514   8352  8408  8407    13
16515   8316  8302  8272    13
16516   8363  8352  8407    13
16517   8235  8268  8263    13
16518   8144  8174  8165    13
16519   8194  8225  8218    13
16520   8194  8218  8184    13
16521   8235  8201  8212    13
16522   8111  8135  8125    13
16523   8165  8184  8153    13
16524   8135  8165  8153    13
16525   8201  8225  8194    13
16526   8202  8181  8226    13
16527   8201  8194  8174    13
16528   8118  8151  8132    13
16529   8201  8174  8173    13
16530   8254  8235  8212    13
16531   8212  8201  8173    13
16532   8252  8229  8202    13
16533   8235  8225  8201    13
16534   8263  8225  8235    13
16535   8190  8212  8173    13
16536   8254  8212  8229    13
16537   8229  8212  8190    13
16538   8302  8254  8272    13
16539   8132  8173  8144    13
16540   8100  8118  8132    13
16541   8151  8173  8132    13
16542   8202  8190  8161    13
16543   8134  8098  8097    13
16544   8118  8098  8134    13
16545   8161  8118  8134    13
16546   8190  8151  8161    13
16547   8147  8159  8196    13
16548   8097  8104  8139    13
16549   8147  8139  8104    13
16550   8176  8139  8147    13
16551   8176  8147  8196    13
16552   8134  8139  8181    13
16553   8240  8282  8260    13
16554   8236  8277  8240    13
16555   8181  8139  8176    13
16556   8202  8161  8181    13
16557   8215  8196  8240    13
16558   8181  8176  8215    13
16559   8310  8329  8276    13
16560   8215  8260  8226    13
16561   8329  8360  8308    13
16562   8252  8276  8308    13
16563   8260  8310  8276    13
16564   8282  8310  8260    13
16565   8313  8343  8282    13
16566   8240  8277  8282    13
16567   8313  8320  8361    13
16568   8282  8277  8313    13
16569   8343  8313  8361    13
16570   8329  8310  8357    13
16571   8360  8316  8308    13
16572   8343  8357  8310    13
16573   8398  8402  8329    13
16574   8360  8389  8316    13
16575   8329  8402  8360    13
16576   8389  8356  8316    13
16577   8272  8308  8316    13
16578   8252  8308  8272    13
16579   8356  8359  8302    13
16580   8411  8359  8356    13
16581   8312  8352  8307    13
16582   8235  8254  8268    13
16583   8302  8268  8254    13
16584   8352  8359  8408    13
16585   8312  8268  8302    13
16586   8307  8268  8312    13
16587   8359  8352  8312    13
16588   8411  8408  8359    13
16589   8411  6781  8408    13
16590   8389  6782  8411    13
16591   6782  6781  8411    13
16592   6784  8402  6785    13
16593   8402  8398  6785    13
16594   8389  8360  8402    13
16595   6783  8389  6784    13
16596   6782  8389  6783    13
16597   8329  8357  8398    13
16598   6786  8398  8405    13
16599   6785  8398  6786    13
16600   8405  8357  8343    13
16601   8405  6787  6786    13
16602   8343  8403  8405    13
16603   6787  8403  6788    13
16604   8405  8403  6787    13
16605   6779  8407  6780    13
16606   8524  8538  8563    14
16607   8662  8635  8619    14
16608   8924  8940  8943    14
16609   8533  8550  8511    14
16610   8771  8799  8803    14
16611   8716  8740  8754    14
16612   8542  8497  8540    14
16613   8635  8678  8647    14
16614   8415  8466  8507    14
16615   8478  8527  8479    14
16616   8525  8554  8502    14
16617   8855  8849  8823    14
16618   8610  8620  8574    14
16619   8702  8699  8661    14
16620   8656  8693  8674    14
16621   8579  8614  8617    14
16622   8700  8727  8735    14
16623   9029  9055  9040    14
16624   9187  9159  9173    14
16625   8718  8721  8692    14
16626   9159  9144  9133    14
16627   8248  8281  9466    14
16628   8125  9341  8095    14
16629   6779  6734  9604    14
16630   6530  9572  9593    14
16631   9366  9385  9394    14
16632   8993  8998  9012    14
16633   8917  8890  8877    14
16634   9513  9469  9496    14
16635   8923  8929  8910    14
16636   8992  8985  8953    14
16637   9239  9261  9279    14
16638   8608  8649  8655    14
16639   9560  5816  9587    14
16640   9399  9434  9397    14
16641   8760  8733  8723    14
16642   8707  8735  8743    14
16643   8601  8569  8613    14
16644   8524  8517  8477    14
16645   9033  9039  9026    14
16646   9004  9005  9021    14
16647   8683  8668  8637    14
16648   9528  9576  9571    14
16649   8891  8904  8874    14
16650   8618  8645  8650    14
16651   8799  8828  8830    14
16652   8518  8490  8479    14
16653   8901  8890  8928    14
16654   8804  8833  8850    14
16655   8989  8964  8952    14
16656   8816  8825  8784    14
16657   8706  8680  8663    14
16658   8816  8850  8860    14
16659   8768  8735  8727    14
16660   8673  8695  8653    14
16661   8616  8639  8663    14
16662   8626  8625  8584    14
16663   8644  8623  8668    14
16664   8715  8706  8742    14
16665   8431  8496  8489    14
16666   8527  8568  8565    14
16667   8520  8537  8481    14
16668   8541  8526  8484    14
16669   8498  8469  8429    14
16670   8421  8483  8420    14
16671   8425  8502  8481    14
16672   8433  8434  8479    14
16673   8430  8431  8489    14
16674   8614  8570  8599    14
16675   8562  8608  8587    14
16676   8464  8510  8446    14
16677   8575  8573  8532    14
16678   7275  8809  7254    14
16679   8847  7295  7316    14
16680   7107  8658  7076    14
16681   7045  8592  7010    14
16682   7316  8870  8847    14
16683   8732  8751  8726    14
16684   9011  9000  9029    14
16685   7387  7413  8908    14
16686   8896  8909  8915    14
16687   8912  8911  8878    14
16688   8951  8958  8938    14
16689   8895  8909  8896    14
16690   8719  8726  8745    14
16691   8467  8459  8460    14
16692   8900  8910  8895    14
16693   8737  8718  8704    14
16694   6926  8509  8460    14
16695   8599  8630  8638    14
16696   8781  8795  8814    14
16697   8535  8581  8552    14
16698   8823  8806  8780    14
16699   8752  8792  8774    14
16700   8885  8893  8849    14
16701   9125  9142  9103    14
16702   8974  8995  9017    14
16703   9101  9137  9096    14
16704   9394  9427  9405    14
16705   9398  9359  9378    14
16706   9340  9345  9375    14
16707   9394  9422  9427    14
16708   9068  9042  9083    14
16709   9499  9547  9540    14
16710   9063  9060  9045    14
16711   9180  9165  9134    14
16712   8968  8958  8971    14
16713   9069  9052  9074    14
16714   9060  9038  9045    14
16715   9128  9132  9150    14
16716   9245  9262  9271    14
16717   9229  9211  9194    14
16718   9436  9466  9456    14
16719   9382  9379  9352    14
16720   9404  9439  9452    14
16721   9535  9495  9538    14
16722   9602  6691  9561    14
16723   9595  9547  9583    14
16724   9510  9491  9534    14
16725   9526  9574  9582    14
16726   9580  6372  6352    14
16727   9579  9577  9539    14
16728   9384  9398  9423    14
16729   9571  9575  9527    14
16730   6019  9577  6047    14
16731   9565  9591  6305    14
16732   9494  9473  9454    14
16733   9429  9450  9407    14
16734   5989  5964  9576    14
16735   9458  9480  9428    14
16736   9494  9527  9473    14
16737   9326  9307  9347    14
16738   9161  9157  9141    14
16739   9354  9362  9393    14
16740   9389  9410  9429    14
16741   9400  9450  9435    14
16742   9103  9066  9087    14
16743   9109  9153  9143    14
16744   9102  9100  9126    14
16745   9312  9316  9292    14
16746   9116  9142  9147    14
16747   9429  9410  9454    14
16748   9472  9471  9518    14
16749   9218  9182  9196    14
16750   9058  9039  9050    14
16751   9126  9121  9151    14
16752   9182  9158  9196    14
16753   9124  9148  9140    14
16754   3460  9252  3489    14
16755   9440  9462  9430    14
16756   9360  9356  9336    14
16757   9551  9501  9550    14
16758   2675  2645  8650    14
16759   8414  8415  8461    14
16760   8513  2493  8465    14
16761   8412  8463  8465    14
16762   2675  8650  8672    14
16763   8650  8675  8672    14
16764   8513  2536  2493    14
16765   8762  8750  8775    14
16766   8866  8882  2911    14
16767   8882  8903  2932    14
16768   9004  8980  8983    14
16769   8907  8926  8921    14
16770   8940  8962  8943    14
16771   3052  8991  3077    14
16772   8838  8861  8840    14
16773   8817  8810  8843    14
16774   8882  8894  8903    14
16775   8944  8926  8943    14
16776   2800  2778  8762    14
16777   2868  8831  8845    14
16778   2822  8787  8808    14
16779   8838  8822  8844    14
16780   8775  8801  8787    14
16781   8720  2730  2706    14
16782   8705  8720  8697    14
16783   8762  2778  8744    14
16784   8675  8689  8705    14
16785   8652  8684  8682    14
16786   8738  8755  8761    14
16787   8556  8569  8601    14
16788   8595  8618  8628    14
16789   8756  8724  8714    14
16790   8623  8600  8577    14
16791   8647  8613  8604    14
16792   8682  8684  8708    14
16793   8635  8662  8678    14
16794   8716  8678  8703    14
16795   8678  8684  8647    14
16796   8696  8703  8662    14
16797   8730  8734  8755    14
16798   8891  8925  8904    14
16799   8708  8716  8734    14
16800   8762  8787  2800    14
16801   8798  8766  8785    14
16802   8798  8817  8822    14
16803   8865  8874  8892    14
16804   8902  8920  8924    14
16805   8987  8999  8966    14
16806   8947  8977  8959    14
16807   8977  9010  8987    14
16808   8918  8925  8891    14
16809   8830  8864  8839    14
16810   8838  8844  8854    14
16811   8964  8996  8977    14
16812   8898  8869  8913    14
16813   8786  8756  8784    14
16814   8864  8862  8891    14
16815   8927  8887  8898    14
16816   8804  8796  8833    14
16817   9081  9066  9103    14
16818   9180  9154  9197    14
16819   8877  8833  8835    14
16820   8914  8917  8877    14
16821   9096  9057  9101    14
16822   9008  8973  9023    14
16823   8714  8715  8748    14
16824   8860  8850  8890    14
16825   8835  8875  8877    14
16826   8784  8776  8816    14
16827   8727  8759  8768    14
16828   8776  8742  8765    14
16829   8686  8646  8669    14
16830   8776  8784  8748    14
16831   8731  8712  8758    14
16832   8804  8776  8765    14
16833   8714  8668  8683    14
16834   8776  8748  8742    14
16835   8748  8756  8714    14
16836   8784  8756  8748    14
16837   8680  8683  8651    14
16838   8712  8707  8743    14
16839   8742  8731  8765    14
16840   8680  8706  8715    14
16841   8667  8611  8641    14
16842   8691  8731  8706    14
16843   8518  8479  8527    14
16844   8514  8527  8478    14
16845   8480  8482  8439    14
16846   8498  8429  8430    14
16847   8567  8528  8546    14
16848   8594  8546  8565    14
16849   8525  8503  8549    14
16850   8680  8634  8663    14
16851   8426  8474  8502    14
16852   8571  8600  8622    14
16853   8541  8582  8574    14
16854   8497  8493  8419    14
16855   8613  8647  8652    14
16856   8461  8507  8533    14
16857   8578  8540  8574    14
16858   8483  8484  8526    14
16859   8421  8484  8483    14
16860   8494  8422  8423    14
16861   8520  8502  8554    14
16862   8526  8541  8574    14
16863   8427  8503  8474    14
16864   8423  8424  8494    14
16865   8514  8512  8561    14
16866   8475  8512  8468    14
16867   8512  8522  8558    14
16868   8642  8598  8627    14
16869   8522  8562  8587    14
16870   8641  8603  8642    14
16871   8443  8471  8491    14
16872   8491  8492  8442    14
16873   8575  8536  8579    14
16874   8441  8442  8492    14
16875   8471  8504  8519    14
16876   8552  8504  8535    14
16877   8491  8519  8539    14
16878   8599  8552  8581    14
16879   8570  8519  8552    14
16880   8631  8677  8643    14
16881   8681  8677  8722    14
16882   8510  8462  8446    14
16883   8590  8545  8547    14
16884   8560  8581  8535    14
16885   8495  8529  8464    14
16886   8504  8444  8445    14
16887   8510  8535  8462    14
16888   8444  8504  8471    14
16889   8447  8448  8495    14
16890   8632  8605  8580    14
16891   8590  8626  8584    14
16892   6971  8509  6926    14
16893   8640  8629  8658    14
16894   8719  8701  8726    14
16895   8531  8548  8580    14
16896   8704  8666  8688    14
16897   8458  8499  8457    14
16898   8457  8500  8456    14
16899   8449  8501  8448    14
16900   8521  8547  8486    14
16901   8451  8508  8470    14
16902   8621  8661  8624    14
16903   8470  8521  8486    14
16904   8671  8701  8688    14
16905   8692  8677  8648    14
16906   8726  8751  8745    14
16907   7107  8685  8658    14
16908   8876  8872  8895    14
16909   8777  8772  8788    14
16910   8732  8749  8751    14
16911   7159  8709  7137    14
16912   8609  8606  8640    14
16913   8654  8640  8671    14
16914   7076  8658  8629    14
16915   8709  7159  8732    14
16916   7316  7338  8870    14
16917   7528  9006  8990    14
16918   8777  8788  8800    14
16919   8859  8852  8836    14
16920   8941  8939  8965    14
16921   9012  9037  9019    14
16922   8942  8941  8967    14
16923   9022  9031  9047    14
16924   9025  9011  9040    14
16925   9055  9072  9086    14
16926   9011  8986  8975    14
16927   8965  8939  8956    14
16928   8889  8916  8912    14
16929   8805  8823  8780    14
16930   8896  8876  8895    14
16931   8859  8872  8852    14
16932   8704  8719  8737    14
16933   8878  8868  8889    14
16934   8633  8609  8654    14
16935   8632  8580  8593    14
16936   8704  8688  8719    14
16937   8692  8676  8718    14
16938   8632  8676  8648    14
16939   8543  8597  8585    14
16940   8718  8746  8721    14
16941   8676  8704  8718    14
16942   8795  8818  8814    14
16943   8805  8767  8789    14
16944   8818  8841  8842    14
16945   8805  8824  8846    14
16946   8722  8757  8767    14
16947   8590  8624  8626    14
16948   8625  8602  8584    14
16949   8673  8711  8695    14
16950   8581  8560  8602    14
16951   8673  8638  8674    14
16952   8739  8728  8698    14
16953   8638  8630  8674    14
16954   8642  8670  8679    14
16955   8758  8743  8794    14
16956   8679  8670  8707    14
16957   8667  8691  8639    14
16958   8812  8797  8774    14
16959   8717  8711  8674    14
16960   8906  8881  8863    14
16961   8774  8797  8759    14
16962   8922  8960  8930    14
16963   8912  8942  8911    14
16964   8950  8953  8985    14
16965   8934  8893  8930    14
16966   9036  8995  9008    14
16967   9113  9146  9145    14
16968   9042  9023  9002    14
16969   9012  9019  8993    14
16970   8837  8863  8881    14
16971   8995  8955  8970    14
16972   8955  8906  8932    14
16973   8905  8914  8875    14
16974   8985  8992  9027    14
16975   9223  9197  9171    14
16976   9040  9059  9025    14
16977   9092  9059  9075    14
16978   9119  9144  9115    14
16979   9171  9197  9154    14
16980   9042  9059  9083    14
16981   9291  9330  9311    14
16982   9297  9284  9323    14
16983   9155  9117  9131    14
16984   9223  9240  9197    14
16985   9117  9146  9113    14
16986   9375  9345  9387    14
16987   9339  9323  9363    14
16988   9460  9442  9417    14
16989   9490  9447  9455    14
16990   9364  9396  9372    14
16991   9359  9339  9378    14
16992   9418  9452  9453    14
16993   9321  9359  9346    14
16994   9559  9532  9514    14
16995   9448  9424  9464    14
16996   9187  9174  9159    14
16997   9330  9342  9370    14
16998   9339  9363  9378    14
16999   9318  9309  9287    14
17000   9309  9318  9342    14
17001   9486  9495  9535    14
17002   9370  9342  9379    14
17003   9377  9418  9390    14
17004   9394  9408  9422    14
17005   8095  9320  8069    14
17006   9412  9420  9451    14
17007   9456  9427  9422    14
17008   9274  9246  9258    14
17009   9318  9287  9299    14
17010   9349  9366  9376    14
17011   9150  9132  9149    14
17012   9204  9202  9224    14
17013   9144  9159  9174    14
17014   9131  9160  9155    14
17015   9173  9202  9187    14
17016   9000  8994  9029    14
17017   9106  9115  9136    14
17018   9019  9037  9046    14
17019   9136  9115  9144    14
17020   9020  9028  9038    14
17021   9022  9047  9037    14
17022   9133  9127  9152    14
17023   9063  9045  7620    14
17024   7685  9079  7653    14
17025   7685  9095  9079    14
17026   9084  9089  9108    14
17027   9150  9166  9170    14
17028   9189  9208  9202    14
17029   9114  9132  9128    14
17030   9271  9281  9299    14
17031   8153  9385  9361    14
17032   7914  7949  9220    14
17033   9256  9236  7977    14
17034   9295  8069  9320    14
17035   9191  9189  9170    14
17036   7914  9220  9203    14
17037   9271  9262  9281    14
17038   8010  8038  9276    14
17039   9267  9286  9281    14
17040   9228  9236  9247    14
17041   9324  9304  9327    14
17042   9379  9420  9412    14
17043   9495  9465  9516    14
17044   9512  9546  9561    14
17045   9441  9468  9498    14
17046   9567  9593  9538    14
17047   9441  9465  9420    14
17048   9489  9505  9546    14
17049   9553  9592  9598    14
17050   9466  8281  9505    14
17051   9602  9552  9604    14
17052   9489  9456  9466    14
17053   9468  9489  9512    14
17054   9436  8248  9466    14
17055   9602  9546  9552    14
17056   9604  6734  9602    14
17057   9592  9525  9561    14
17058   9592  9561  6652    14
17059   9602  9561  9546    14
17060   9540  9547  9595    14
17061   9382  9405  9420    14
17062   9368  9370  9402    14
17063   9519  9572  9583    14
17064   9493  9499  9540    14
17065   9448  9455  9419    14
17066   9439  9474  9452    14
17067   9368  9404  9377    14
17068   9530  9537  9580    14
17069   9595  6460  9578    14
17070   9581  9530  9580    14
17071   9537  9597  9580    14
17072   9591  6327  6305    14
17073   9554  9605  9597    14
17074   9536  9530  9581    14
17075   9536  9490  9530    14
17076   9447  9488  9461    14
17077   6280  9565  6305    14
17078   6352  6327  9581    14
17079   9536  9542  9488    14
17080   9506  9529  9485    14
17081   9588  5989  9576    14
17082   9574  6180  9582    14
17083   9541  9584  9573    14
17084   9497  9523  9549    14
17085   5751  9563  5782    14
17086   9566  9518  9515    14
17087   9570  9596  9545    14
17088   9469  9435  9450    14
17089   9527  9522  9473    14
17090   9533  9528  9480    14
17091   9438  9484  9463    14
17092   9454  9428  9480    14
17093   9504  9556  9533    14
17094   9463  9508  9504    14
17095   9574  9586  6205    14
17096   9529  9484  9485    14
17097   9555  9599  9589    14
17098   9492  9526  9543    14
17099   9395  9374  9355    14
17100   9601  6256  9559    14
17101   9506  9543  9555    14
17102   9328  9369  9362    14
17103   9494  9454  9480    14
17104   9362  9369  9400    14
17105   9496  9450  9473    14
17106   9421  9458  9428    14
17107   9407  9389  9429    14
17108   9326  9367  9344    14
17109   9369  9389  9407    14
17110   9298  9290  9331    14
17111   9458  9463  9504    14
17112   9421  9428  9392    14
17113   9331  9364  9332    14
17114   9332  9364  9372    14
17115   9257  9250  9221    14
17116   9015  9014  9056    14
17117   9322  9328  9362    14
17118   9240  9223  9265    14
17119   9331  9290  9315    14
17120   9096  9098  9056    14
17121   9125  9120  9158    14
17122   9067  9076  9109    14
17123   8976  9014  9015    14
17124   9298  9307  9270    14
17125   9165  9205  9190    14
17126   9367  9410  9389    14
17127   9289  9302  9260    14
17128   9177  9207  9164    14
17129   9143  9137  9101    14
17130   9071  9056  9098    14
17131   9010  9044  9016    14
17132   9182  9168  9142    14
17133   9120  9164  9158    14
17134   9100  9073  9094    14
17135   9125  9103  9087    14
17136   9116  9094  9081    14
17137   9172  9201  9192    14
17138   9142  9125  9158    14
17139   9151  9172  9148    14
17140   9253  9218  9264    14
17141   9322  9288  9328    14
17142   9126  9151  9148    14
17143   9425  9391  9433    14
17144   9275  9244  9283    14
17145   9273  9294  9306    14
17146   9317  9283  9322    14
17147   9264  9294  9253    14
17148   9369  9407  9400    14
17149   9354  9322  9362    14
17150   9450  9400  9407    14
17151   9433  9435  9478    14
17152   9317  9354  9351    14
17153   9551  9600  9594    14
17154   9433  9393  9435    14
17155   9371  9409  9399    14
17156   9254  9230  9238    14
17157   9162  9175  9156    14
17158   9210  9216  9200    14
17159   9169  9188  9162    14
17160   3460  3433  9235    14
17161   9230  9206  9212    14
17162   9175  9188  9199    14
17163   9162  9156  9140    14
17164   9206  9222  9199    14
17165   9242  9230  9254    14
17166   9192  9188  9169    14
17167   9226  9209  9241    14
17168   9141  9122  9138    14
17169   9175  9162  9188    14
17170   9078  9049  9073    14
17171   9082  9078  9102    14
17172   9073  9065  9094    14
17173   9082  9102  9104    14
17174   9007  8997  9013    14
17175   9082  9064  9054    14
17176   9090  9085  9105    14
17177   8980  8997  8979    14
17178   9082  9054  9078    14
17179   9070  9064  9085    14
17180   9138  9140  9156    14
17181   9161  9141  9138    14
17182   9070  9077  9058    14
17183   9050  9064  9070    14
17184   9054  9041  9034    14
17185   9122  9105  9123    14
17186   9112  9122  9130    14
17187   3350  3325  9176    14
17188   9185  9176  9161    14
17189   9200  3379  9176    14
17190   9175  9185  9161    14
17191   9252  9255  9272    14
17192   9293  9272  9277    14
17193   9216  3403  9200    14
17194   3668  9380  9406    14
17195   9462  9440  9470    14
17196   9380  9383  9411    14
17197   9285  9282  9266    14
17198   9334  9314  9316    14
17199   9337  9348  9319    14
17200   9241  9273  9269    14
17201   9373  9365  9397    14
17202   9431  9467  9459    14
17203   9381  9348  9373    14
17204   9356  9383  9380    14
17205   9459  9481  9446    14
17206   9386  9416  9383    14
17207   9358  9386  9360    14
17208   9557  9520  9573    14
17209   9462  9502  3776    14
17210   5421  9573  5455    14
17211   5652  5620  9590    14
17212   9603  3866  9548    14
17213   9557  9521  9507    14
17214   5378  9607  5421    14
17215   9548  3866  3817    14
17216   8465  2493  2393    14
17217   8416  8466  8415    14
17218   8414  8461  8413    14
17219   8556  8533  8507    14
17220   8417  8477  8416    14
17221   8517  8569  8556    14
17222   8507  8466  8517    14
17223   8533  8511  8461    14
17224   8415  8507  8461    14
17225   8511  8463  8461    14
17226   8513  8511  8550    14
17227   8511  8513  8463    14
17228   8559  8513  8550    14
17229   8461  8463  8413    14
17230   8463  8412  8413    14
17231   8513  8465  8463    14
17232   8465  2393  8412    14
17233   2610  2574  8595    14
17234   8628  2610  8595    14
17235   2645  2610  8628    14
17236   2706  2675  8672    14
17237   8612  8645  8618    14
17238   2645  8628  8650    14
17239   8559  2574  2536    14
17240   8618  8595  8588    14
17241   8618  8650  8628    14
17242   8533  8576  8550    14
17243   8588  8595  8559    14
17244   8601  8576  8556    14
17245   8556  8507  8517    14
17246   8576  8533  8556    14
17247   8576  8588  8550    14
17248   8612  8588  8576    14
17249   8612  8601  8636    14
17250   8576  8601  8612    14
17251   8636  8652  8682    14
17252   8601  8652  8636    14
17253   8588  8559  8550    14
17254   8612  8618  8588    14
17255   8645  8675  8650    14
17256   8612  8636  8645    14
17257   8713  8725  8705    14
17258   2706  8697  8720    14
17259   8660  8636  8682    14
17260   8645  8636  8660    14
17261   8689  8660  8682    14
17262   8645  8660  8675    14
17263   8708  8684  8716    14
17264   8689  8682  8713    14
17265   8734  8754  8766    14
17266   8682  8708  8713    14
17267   8713  8708  8730    14
17268   8705  8689  8713    14
17269   8808  8787  8801    14
17270   8713  8730  8738    14
17271   8725  8750  8744    14
17272   8713  8738  8725    14
17273   8675  8697  8672    14
17274   8660  8689  8675    14
17275   8697  8675  8705    14
17276   2706  8672  8697    14
17277   8720  8705  8725    14
17278   2778  2755  8744    14
17279   8744  8720  8725    14
17280   2730  8720  8744    14
17281   2730  8744  2755    14
17282   8513  8559  2536    14
17283   8559  8595  2574    14
17284   2845  2822  8808    14
17285   2868  8845  2889    14
17286   8838  8854  8861    14
17287   8882  2932  2911    14
17288   9039  9058  3159    14
17289   8972  8991  3052    14
17290   3025  8972  3052    14
17291   8991  9007  3077    14
17292   3025  3002  8957    14
17293   8907  8921  8903    14
17294   8903  8921  2955    14
17295   8957  3002  8937    14
17296   8921  2975  2955    14
17297   8884  8907  8894    14
17298   8907  8902  8924    14
17299   8871  8866  8851    14
17300   8921  8937  2975    14
17301   8924  8926  8907    14
17302   8926  8937  8921    14
17303   8962  8940  8963    14
17304   8937  3002  2975    14
17305   8944  8957  8937    14
17306   8944  8937  8926    14
17307   8972  8961  8979    14
17308   8957  8961  8972    14
17309   3025  8957  8972    14
17310   9007  3104  3077    14
17311   8972  8979  8991    14
17312   9026  3129  3104    14
17313   9054  9034  9049    14
17314   9013  9026  9007    14
17315   9034  9024  9049    14
17316   9026  3104  9007    14
17317   9050  9039  9033    14
17318   8997  9007  8991    14
17319   8944  8961  8957    14
17320   8997  8991  8979    14
17321   8962  8980  8961    14
17322   9004  9013  8997    14
17323   9021  9005  9034    14
17324   9004  8997  8980    14
17325   9033  9013  9021    14
17326   9033  9026  9013    14
17327   9064  9050  9041    14
17328   9021  9013  9004    14
17329   9050  9033  9041    14
17330   8963  8982  8983    14
17331   9041  9021  9034    14
17332   8983  8982  9005    14
17333   8980  8962  8983    14
17334   8982  8999  9005    14
17335   9004  8983  9005    14
17336   8920  8919  8940    14
17337   8983  8962  8963    14
17338   8943  8926  8924    14
17339   8961  8944  8943    14
17340   8961  8980  8979    14
17341   8943  8962  8961    14
17342   8899  8920  8902    14
17343   8884  8879  8902    14
17344   8936  8966  8945    14
17345   8899  8919  8920    14
17346   8899  8873  8892    14
17347   8902  8879  8899    14
17348   8920  8940  8924    14
17349   8925  8918  8947    14
17350   8873  8899  8879    14
17351   8839  8843  8810    14
17352   8844  8865  8873    14
17353   8766  8779  8755    14
17354   8854  8873  8879    14
17355   8844  8873  8854    14
17356   8821  8815  8840    14
17357   2845  8831  2868    14
17358   8861  8854  8879    14
17359   8845  8851  8866    14
17360   8884  8902  8907    14
17361   8861  8879  8884    14
17362   8894  8907  8903    14
17363   8861  8871  8851    14
17364   8884  8894  8871    14
17365   8903  2955  2932    14
17366   8866  2911  2889    14
17367   8821  8840  8831    14
17368   8866  2889  8845    14
17369   8894  8882  8871    14
17370   8851  8840  8861    14
17371   8831  8840  8851    14
17372   8871  8882  8866    14
17373   8861  8884  8871    14
17374   8750  8761  8775    14
17375   8840  8815  8838    14
17376   8821  8808  8801    14
17377   2845  8808  8831    14
17378   8831  8851  8845    14
17379   8808  8821  8831    14
17380   8775  8783  8801    14
17381   8744  8750  8762    14
17382   8787  8762  8775    14
17383   2822  2800  8787    14
17384   8761  8783  8775    14
17385   8725  8738  8750    14
17386   8815  8821  8801    14
17387   8738  8761  8750    14
17388   8798  8779  8766    14
17389   8730  8755  8738    14
17390   8783  8779  8802    14
17391   8801  8783  8802    14
17392   8815  8822  8838    14
17393   8801  8802  8815    14
17394   8822  8815  8802    14
17395   8778  8785  8754    14
17396   8822  8817  8844    14
17397   8802  8798  8822    14
17398   8779  8783  8761    14
17399   8734  8766  8755    14
17400   8779  8761  8755    14
17401   8798  8802  8779    14
17402   8569  8563  8604    14
17403   8652  8601  8613    14
17404   8635  8647  8604    14
17405   8703  8678  8662    14
17406   8684  8678  8716    14
17407   8652  8647  8684    14
17408   8620  8657  8662    14
17409   8586  8619  8635    14
17410   8586  8635  8604    14
17411   8540  8497  8483    14
17412   8610  8657  8620    14
17413   8578  8620  8619    14
17414   8578  8619  8586    14
17415   8526  8574  8540    14
17416   8582  8610  8574    14
17417   8637  8607  8651    14
17418   8620  8578  8574    14
17419   8622  8646  8610    14
17420   8622  8610  8582    14
17421   8669  8646  8622    14
17422   8723  8686  8710    14
17423   8724  8710  8690    14
17424   8620  8662  8619    14
17425   8696  8662  8657    14
17426   8657  8686  8696    14
17427   8610  8646  8657    14
17428   8733  8703  8696    14
17429   8793  8753  8786    14
17430   8686  8657  8646    14
17431   8723  8696  8686    14
17432   8710  8686  8669    14
17433   8760  8723  8753    14
17434   8760  8771  8733    14
17435   8696  8723  8733    14
17436   8793  8786  8826    14
17437   8756  8786  8753    14
17438   8733  8740  8703    14
17439   8810  8803  8839    14
17440   8830  8839  8803    14
17441   8760  8793  8799    14
17442   8740  8778  8754    14
17443   8810  8778  8803    14
17444   8740  8716  8703    14
17445   8803  8778  8771    14
17446   8771  8760  8799    14
17447   8740  8733  8771    14
17448   8734  8716  8754    14
17449   8730  8708  8734    14
17450   8778  8740  8771    14
17451   8766  8754  8785    14
17452   8785  8817  8798    14
17453   8778  8810  8785    14
17454   8843  8865  8844    14
17455   8785  8810  8817    14
17456   8865  8892  8873    14
17457   8904  8892  8874    14
17458   8843  8844  8817    14
17459   8874  8865  8843    14
17460   8874  8864  8891    14
17461   8843  8839  8874    14
17462   8919  8899  8892    14
17463   8959  8925  8947    14
17464   8936  8945  8919    14
17465   8892  8904  8919    14
17466   8936  8919  8904    14
17467   8940  8919  8945    14
17468   8945  8963  8940    14
17469   8982  8963  8966    14
17470   8999  9024  9005    14
17471   8945  8966  8963    14
17472   9024  9034  9005    14
17473   9010  9016  8987    14
17474   9016  9043  9024    14
17475   8959  8987  8966    14
17476   9016  9024  8999    14
17477   9081  9044  9066    14
17478   8966  8999  8982    14
17479   8936  8959  8966    14
17480   8987  9016  8999    14
17481   8959  8977  8987    14
17482   8964  8977  8947    14
17483   8887  8927  8918    14
17484   8925  8936  8904    14
17485   8959  8936  8925    14
17486   9044  9043  9016    14
17487   8996  9032  9010    14
17488   8996  9010  8977    14
17489   8989  9018  8996    14
17490   9051  9087  9066    14
17491   8996  9018  9032    14
17492   8927  8952  8964    14
17493   8947  8918  8927    14
17494   8964  8947  8927    14
17495   8989  8996  8964    14
17496   8858  8826  8869    14
17497   8793  8828  8799    14
17498   8864  8874  8839    14
17499   8898  8913  8927    14
17500   8887  8891  8862    14
17501   8918  8891  8887    14
17502   8830  8862  8864    14
17503   8803  8799  8830    14
17504   8858  8898  8887    14
17505   8858  8887  8862    14
17506   8828  8862  8830    14
17507   8793  8826  8828    14
17508   8858  8828  8826    14
17509   8862  8828  8858    14
17510   8869  8825  8860    14
17511   8898  8858  8869    14
17512   8816  8776  8804    14
17513   8786  8784  8825    14
17514   8825  8869  8826    14
17515   8816  8860  8825    14
17516   8901  8869  8860    14
17517   8917  8928  8890    14
17518   8984  8952  8946    14
17519   8860  8890  8901    14
17520   8928  8946  8901    14
17521   8869  8901  8913    14
17522   8952  8984  8989    14
17523   8927  8913  8952    14
17524   8946  8928  8976    14
17525   9018  8989  9030    14
17526   9030  8989  8984    14
17527   9087  9051  9071    14
17528   8976  8928  8950    14
17529   9030  8984  9015    14
17530   9015  8984  8976    14
17531   9096  9056  9057    14
17532   8928  8917  8950    14
17533   8913  8901  8946    14
17534   8946  8952  8913    14
17535   8976  8984  8946    14
17536   8955  8974  8931    14
17537   8976  8950  8985    14
17538   9027  9067  9057    14
17539   8976  8985  9014    14
17540   9008  8995  8970    14
17541   9014  8985  9027    14
17542   8992  9035  9027    14
17543   8905  8954  8914    14
17544   9076  9067  9035    14
17545   9107  9062  9080    14
17546   8953  8950  8917    14
17547   8954  8953  8914    14
17548   8953  8954  8992    14
17549   8917  8914  8953    14
17550   8875  8914  8877    14
17551   8931  8906  8955    14
17552   8794  8827  8835    14
17553   8765  8796  8804    14
17554   8850  8877  8890    14
17555   8816  8804  8850    14
17556   8796  8794  8835    14
17557   8765  8758  8796    14
17558   8833  8877  8850    14
17559   8796  8835  8833    14
17560   8794  8796  8758    14
17561   8875  8835  8827    14
17562   8837  8856  8807    14
17563   8773  8807  8827    14
17564   8735  8773  8743    14
17565   8679  8707  8712    14
17566   8670  8700  8707    14
17567   8663  8691  8706    14
17568   8712  8743  8758    14
17569   8667  8679  8712    14
17570   8667  8641  8679    14
17571   8518  8565  8546    14
17572   8731  8742  8706    14
17573   8667  8712  8691    14
17574   8731  8758  8765    14
17575   8691  8712  8731    14
17576   8786  8825  8826    14
17577   8724  8756  8753    14
17578   8690  8668  8714    14
17579   8723  8710  8753    14
17580   8753  8710  8724    14
17581   8793  8760  8753    14
17582   8668  8623  8637    14
17583   8724  8690  8714    14
17584   8690  8644  8668    14
17585   8710  8669  8690    14
17586   8634  8616  8663    14
17587   8748  8715  8742    14
17588   8715  8683  8680    14
17589   8714  8683  8715    14
17590   8637  8596  8607    14
17591   8683  8637  8651    14
17592   8600  8554  8577    14
17593   8669  8644  8690    14
17594   8644  8600  8623    14
17595   8669  8622  8644    14
17596   8596  8637  8623    14
17597   8515  8564  8549    14
17598   8571  8537  8520    14
17599   8644  8622  8600    14
17600   8591  8544  8567    14
17601   8651  8634  8680    14
17602   8607  8564  8591    14
17603   8596  8564  8607    14
17604   8546  8490  8518    14
17605   8663  8639  8691    14
17606   8616  8567  8594    14
17607   8607  8591  8634    14
17608   8634  8591  8616    14
17609   8651  8607  8634    14
17610   8641  8642  8679    14
17611   8594  8639  8616    14
17612   8655  8687  8700    14
17613   8603  8598  8642    14
17614   8611  8603  8641    14
17615   8561  8568  8514    14
17616   8639  8611  8667    14
17617   8594  8611  8639    14
17618   8561  8598  8603    14
17619   8587  8598  8558    14
17620   8565  8611  8594    14
17621   8603  8611  8568    14
17622   8568  8611  8565    14
17623   8561  8603  8568    14
17624   8546  8496  8490    14
17625   8591  8567  8616    14
17626   8490  8433  8479    14
17627   8527  8565  8518    14
17628   8514  8568  8527    14
17629   8468  8435  8436    14
17630   8514  8478  8468    14
17631   8435  8468  8478    14
17632   8475  8468  8436    14
17633   8432  8433  8490    14
17634   8434  8478  8479    14
17635   8435  8478  8434    14
17636   8496  8432  8490    14
17637   8528  8489  8496    14
17638   8431  8432  8496    14
17639   8429  8469  8428    14
17640   8503  8427  8428    14
17641   8489  8498  8430    14
17642   8515  8549  8503    14
17643   8428  8469  8503    14
17644   8498  8515  8469    14
17645   8591  8564  8544    14
17646   8515  8503  8469    14
17647   8544  8564  8515    14
17648   8528  8496  8546    14
17649   8498  8489  8544    14
17650   8567  8546  8594    14
17651   8544  8528  8567    14
17652   8544  8489  8528    14
17653   8515  8498  8544    14
17654   8549  8577  8525    14
17655   8564  8596  8549    14
17656   8577  8596  8623    14
17657   8549  8596  8577    14
17658   8502  8474  8525    14
17659   8424  8425  8481    14
17660   8554  8525  8577    14
17661   8571  8520  8554    14
17662   8541  8484  8494    14
17663   8600  8571  8554    14
17664   8541  8537  8582    14
17665   8494  8537  8541    14
17666   8571  8582  8537    14
17667   8622  8582  8571    14
17668   8563  8538  8586    14
17669   8578  8586  8542    14
17670   8563  8586  8604    14
17671   8542  8586  8538    14
17672   8569  8604  8613    14
17673   8524  8563  8569    14
17674   8569  8517  8524    14
17675   8493  8497  8542    14
17676   8488  8493  8538    14
17677   8497  8420  8483    14
17678   8419  8420  8497    14
17679   8540  8483  8526    14
17680   8578  8542  8540    14
17681   8477  8417  8488    14
17682   8542  8538  8493    14
17683   8477  8517  8466    14
17684   8493  8418  8419    14
17685   8488  8524  8477    14
17686   8538  8524  8488    14
17687   8477  8466  8416    14
17688   8417  8418  8488    14
17689   8484  8421  8422    14
17690   8418  8493  8488    14
17691   8520  8481  8502    14
17692   8494  8484  8422    14
17693   8474  8503  8525    14
17694   8481  8494  8424    14
17695   8537  8494  8481    14
17696   8426  8502  8425    14
17697   8427  8474  8426    14
17698   8443  8491  8442    14
17699   8444  8471  8443    14
17700   8482  8438  8439    14
17701   8475  8437  8438    14
17702   8482  8475  8438    14
17703   8475  8436  8437    14
17704   8440  8480  8439    14
17705   8482  8522  8475    14
17706   8480  8516  8482    14
17707   8516  8522  8482    14
17708   8608  8562  8573    14
17709   8512  8514  8468    14
17710   8587  8558  8522    14
17711   8522  8516  8562    14
17712   8512  8475  8522    14
17713   8558  8561  8512    14
17714   8598  8561  8558    14
17715   8627  8670  8642    14
17716   8598  8587  8627    14
17717   8655  8649  8687    14
17718   8608  8655  8627    14
17719   8617  8659  8615    14
17720   8638  8653  8614    14
17721   8729  8727  8694    14
17722   8587  8608  8627    14
17723   8573  8562  8516    14
17724   8532  8487  8536    14
17725   8608  8615  8649    14
17726   8573  8615  8608    14
17727   8575  8615  8573    14
17728   8638  8614  8599    14
17729   8617  8615  8575    14
17730   8649  8615  8659    14
17731   8694  8687  8649    14
17732   8614  8653  8617    14
17733   8570  8552  8599    14
17734   8659  8617  8653    14
17735   8695  8694  8659    14
17736   8638  8673  8653    14
17737   8539  8519  8570    14
17738   8536  8539  8579    14
17739   8579  8617  8575    14
17740   8570  8614  8579    14
17741   8487  8441  8492    14
17742   8570  8579  8539    14
17743   8532  8516  8480    14
17744   8573  8516  8532    14
17745   8536  8575  8532    14
17746   8491  8539  8492    14
17747   8532  8480  8487    14
17748   8487  8440  8441    14
17749   8480  8440  8487    14
17750   8492  8536  8487    14
17751   8539  8536  8492    14
17752   8519  8504  8552    14
17753   8491  8471  8519    14
17754   8462  8445  8446    14
17755   8529  8510  8464    14
17756   8470  8486  8450    14
17757   8545  8495  8501    14
17758   8583  8521  8551    14
17759   8504  8462  8535    14
17760   8445  8462  8504    14
17761   8510  8560  8535    14
17762   8529  8560  8510    14
17763   8581  8630  8599    14
17764   8584  8602  8560    14
17765   8602  8630  8581    14
17766   8656  8630  8602    14
17767   8656  8674  8630    14
17768   8752  8747  8782    14
17769   8529  8495  8545    14
17770   8583  8590  8547    14
17771   8625  8656  8602    14
17772   8698  8665  8664    14
17773   8529  8584  8560    14
17774   8547  8545  8501    14
17775   8545  8584  8529    14
17776   8590  8584  8545    14
17777   8585  8621  8583    14
17778   8508  8543  8551    14
17779   8624  8590  8583    14
17780   8739  8699  8741    14
17781   8661  8681  8702    14
17782   8626  8624  8664    14
17783   8621  8597  8643    14
17784   8624  8583  8621    14
17785   8643  8597  8631    14
17786   8661  8621  8643    14
17787   8585  8597  8621    14
17788   8583  8551  8585    14
17789   8555  8589  8597    14
17790   8543  8555  8597    14
17791   8543  8585  8551    14
17792   8508  8521  8470    14
17793   8521  8583  8547    14
17794   8508  8551  8521    14
17795   8450  8486  8449    14
17796   8451  8470  8450    14
17797   8486  8501  8449    14
17798   8547  8501  8486    14
17799   8472  8543  8508    14
17800   8472  8508  8451    14
17801   8530  8506  8473    14
17802   8452  8472  8451    14
17803   8543  8506  8555    14
17804   8505  8476  8531    14
17805   8464  8447  8495    14
17806   8501  8495  8448    14
17807   8464  8446  8447    14
17808   8472  8452  8506    14
17809   8455  8505  8454    14
17810   8485  8467  8523    14
17811   6926  8460  6829    14
17812   8566  8534  8523    14
17813   8592  8553  7010    14
17814   8467  8509  8523    14
17815   8553  8509  6971    14
17816   8640  8606  8629    14
17817   8553  6971  7010    14
17818   8606  8566  8592    14
17819   8629  8606  8592    14
17820   8629  7045  7076    14
17821   8592  7045  8629    14
17822   8658  8671  8640    14
17823   8685  8671  8658    14
17824   8566  8553  8592    14
17825   8654  8609  8640    14
17826   8609  8566  8606    14
17827   8676  8666  8704    14
17828   8593  8572  8609    14
17829   8531  8580  8557    14
17830   8593  8609  8633    14
17831   8476  8455  8456    14
17832   8548  8572  8593    14
17833   8485  8534  8499    14
17834   8566  8523  8553    14
17835   8609  8572  8566    14
17836   8523  8509  8553    14
17837   8534  8485  8523    14
17838   8458  8459  8485    14
17839   8467  8460  8509    14
17840   8485  8459  8467    14
17841   8499  8500  8457    14
17842   8534  8572  8548    14
17843   8458  8485  8499    14
17844   8531  8476  8500    14
17845   8499  8548  8500    14
17846   8534  8548  8499    14
17847   8566  8572  8534    14
17848   8531  8557  8505    14
17849   8500  8548  8531    14
17850   8476  8456  8500    14
17851   8454  8505  8473    14
17852   8454  8473  8453    14
17853   8506  8452  8453    14
17854   8476  8505  8455    14
17855   8505  8530  8473    14
17856   8557  8530  8505    14
17857   8506  8453  8473    14
17858   8543  8472  8506    14
17859   8605  8631  8589    14
17860   8506  8530  8555    14
17861   8589  8555  8530    14
17862   8593  8580  8548    14
17863   8589  8530  8557    14
17864   8676  8632  8666    14
17865   8605  8557  8580    14
17866   8692  8648  8676    14
17867   8632  8593  8633    14
17868   8631  8605  8648    14
17869   8589  8631  8597    14
17870   8557  8605  8589    14
17871   8648  8605  8632    14
17872   8677  8631  8648    14
17873   8709  8732  8726    14
17874   8654  8671  8688    14
17875   8685  8701  8671    14
17876   8732  7185  8749    14
17877   8709  8701  8685    14
17878   8726  8701  8709    14
17879   8770  8745  8751    14
17880   8777  8770  8751    14
17881   8749  8772  8751    14
17882   8777  8751  8772    14
17883   8836  8832  8847    14
17884   8790  8770  8777    14
17885   8811  8790  8813    14
17886   8813  8819  8836    14
17887   8842  8841  8867    14
17888   8841  8834  8853    14
17889   8908  8933  8923    14
17890   8832  7295  8847    14
17891   8836  8819  8832    14
17892   8836  8847  8859    14
17893   8788  8772  7234    14
17894   8819  8800  8809    14
17895   8819  8809  8832    14
17896   8811  8813  8834    14
17897   8809  8788  7254    14
17898   8800  8788  8809    14
17899   8870  8859  8847    14
17900   8880  8872  8859    14
17901   8908  7361  7387    14
17902   8832  8809  7275    14
17903   8832  7275  7295    14
17904   8788  7234  7254    14
17905   8749  7210  8772    14
17906   7159  7185  8732    14
17907   7210  7234  8772    14
17908   7185  7210  8749    14
17909   7137  8685  7107    14
17910   8709  8685  7137    14
17911   9045  9028  7588    14
17912   7558  7588  9028    14
17913   7588  7620  9045    14
17914   8958  8951  8971    14
17915   7528  8990  7498    14
17916   8938  8949  8929    14
17917   7361  8886  7338    14
17918   8886  8870  7338    14
17919   8908  8886  7361    14
17920   8886  8880  8870    14
17921   8910  8900  8923    14
17922   8908  8923  8900    14
17923   8900  8886  8908    14
17924   8951  7440  7466    14
17925   7413  7440  8933    14
17926   8938  8929  8923    14
17927   7413  8933  8908    14
17928   8933  8938  8923    14
17929   7440  8951  8933    14
17930   8880  8859  8870    14
17931   8895  8872  8880    14
17932   8900  8880  8886    14
17933   8895  8880  8900    14
17934   8969  8956  8949    14
17935   8933  8951  8938    14
17936   8958  8949  8938    14
17937   7498  8971  7466    14
17938   8998  8978  8969    14
17939   8990  8981  8971    14
17940   8971  8951  7466    14
17941   9001  8990  9006    14
17942   8981  8968  8971    14
17943   8988  8968  8981    14
17944   8990  8971  7498    14
17945   9001  8981  8990    14
17946   9006  7528  7558    14
17947   9031  9020  9038    14
17948   9006  9020  9001    14
17949   7558  9028  9006    14
17950   9020  9006  9028    14
17951   8988  9009  8998    14
17952   9031  9038  9052    14
17953   9001  9020  9009    14
17954   8988  8981  9001    14
17955   8956  8978  8965    14
17956   9009  9020  9031    14
17957   8988  9001  9009    14
17958   8969  8968  8988    14
17959   8958  8968  8949    14
17960   8998  9022  9012    14
17961   8969  8988  8998    14
17962   9022  9009  9031    14
17963   8998  9009  9022    14
17964   9019  8994  8993    14
17965   9055  9029  9046    14
17966   8994  9019  9029    14
17967   8986  9011  9025    14
17968   9011  9029  9040    14
17969   8967  9000  8975    14
17970   8967  8965  8994    14
17971   8975  8942  8967    14
17972   8975  9000  9011    14
17973   8911  8942  8948    14
17974   8978  8998  8993    14
17975   8956  8969  8978    14
17976   8994  8965  8993    14
17977   9000  8967  8994    14
17978   8965  8978  8993    14
17979   8935  8939  8915    14
17980   8941  8942  8912    14
17981   8896  8915  8888    14
17982   8941  8965  8967    14
17983   8912  8916  8941    14
17984   8889  8912  8878    14
17985   8915  8916  8888    14
17986   8855  8846  8883    14
17987   8948  8922  8911    14
17988   8868  8848  8842    14
17989   8896  8888  8867    14
17990   8888  8889  8868    14
17991   8916  8889  8888    14
17992   8841  8853  8867    14
17993   8888  8868  8867    14
17994   8939  8941  8916    14
17995   8909  8935  8915    14
17996   8939  8935  8956    14
17997   8916  8915  8939    14
17998   8929  8909  8910    14
17999   8956  8935  8949    14
18000   8949  8935  8929    14
18001   8968  8969  8949    14
18002   8853  8852  8872    14
18003   8896  8867  8876    14
18004   8909  8929  8935    14
18005   8895  8910  8909    14
18006   8834  8836  8852    14
18007   8814  8842  8848    14
18008   8853  8876  8867    14
18009   8763  8791  8764    14
18010   8853  8872  8876    14
18011   8834  8852  8853    14
18012   8811  8834  8841    14
18013   8791  8811  8818    14
18014   8811  8841  8818    14
18015   8836  8834  8813    14
18016   8813  8800  8819    14
18017   8763  8790  8791    14
18018   8790  8800  8813    14
18019   8777  8800  8790    14
18020   8688  8701  8719    14
18021   8633  8654  8666    14
18022   8770  8763  8745    14
18023   8790  8763  8770    14
18024   8666  8654  8688    14
18025   8632  8633  8666    14
18026   8737  8745  8763    14
18027   8719  8745  8737    14
18028   8764  8737  8763    14
18029   8718  8737  8746    14
18030   8795  8781  8764    14
18031   8790  8811  8791    14
18032   8757  8789  8767    14
18033   8764  8781  8746    14
18034   8721  8722  8677    14
18035   8764  8746  8737    14
18036   8746  8757  8721    14
18037   8781  8757  8746    14
18038   8677  8681  8643    14
18039   8692  8721  8677    14
18040   8681  8661  8643    14
18041   8722  8702  8681    14
18042   8722  8741  8702    14
18043   8721  8757  8722    14
18044   8741  8699  8702    14
18045   8722  8767  8741    14
18046   8824  8848  8846    14
18047   8741  8767  8780    14
18048   8781  8789  8757    14
18049   8814  8789  8781    14
18050   8795  8791  8818    14
18051   8764  8791  8795    14
18052   8842  8867  8868    14
18053   8814  8818  8842    14
18054   8824  8789  8814    14
18055   8868  8878  8848    14
18056   8824  8814  8848    14
18057   8805  8789  8824    14
18058   8878  8883  8846    14
18059   8848  8878  8846    14
18060   8780  8806  8769    14
18061   8767  8805  8780    14
18062   8769  8806  8782    14
18063   8741  8780  8739    14
18064   8806  8820  8782    14
18065   8922  8883  8911    14
18066   8752  8774  8736    14
18067   8769  8782  8747    14
18068   8717  8693  8728    14
18069   8780  8769  8739    14
18070   8728  8739  8769    14
18071   8752  8717  8747    14
18072   8699  8664  8661    14
18073   8626  8664  8665    14
18074   8664  8624  8661    14
18075   8625  8626  8665    14
18076   8698  8699  8739    14
18077   8664  8699  8698    14
18078   8665  8656  8625    14
18079   8693  8656  8665    14
18080   8693  8665  8698    14
18081   8717  8674  8693    14
18082   8717  8728  8747    14
18083   8673  8674  8711    14
18084   8728  8693  8698    14
18085   8769  8747  8728    14
18086   8729  8694  8695    14
18087   8774  8729  8736    14
18088   8695  8659  8653    14
18089   8752  8736  8711    14
18090   8736  8729  8695    14
18091   8717  8752  8711    14
18092   8670  8655  8700    14
18093   8627  8655  8670    14
18094   8694  8649  8659    14
18095   8727  8687  8694    14
18096   8727  8729  8759    14
18097   8700  8687  8727    14
18098   8735  8707  8700    14
18099   8794  8743  8773    14
18100   8773  8827  8794    14
18101   8735  8768  8773    14
18102   8736  8695  8711    14
18103   8759  8729  8774    14
18104   8797  8768  8759    14
18105   8782  8792  8752    14
18106   8792  8812  8774    14
18107   8820  8829  8792    14
18108   8812  8837  8797    14
18109   8792  8829  8812    14
18110   8797  8807  8768    14
18111   8837  8807  8797    14
18112   8807  8773  8768    14
18113   8875  8827  8856    14
18114   8856  8827  8807    14
18115   8905  8856  8881    14
18116   8856  8905  8875    14
18117   8931  8905  8881    14
18118   8881  8906  8931    14
18119   8856  8837  8881    14
18120   8885  8930  8893    14
18121   8829  8857  8863    14
18122   8906  8897  8932    14
18123   8863  8897  8906    14
18124   8863  8837  8812    14
18125   8820  8857  8829    14
18126   8863  8857  8897    14
18127   8812  8829  8863    14
18128   8820  8792  8782    14
18129   8849  8857  8820    14
18130   8849  8820  8806    14
18131   8805  8846  8823    14
18132   8849  8806  8823    14
18133   8922  8885  8883    14
18134   8855  8823  8846    14
18135   8885  8849  8855    14
18136   8883  8885  8855    14
18137   8878  8911  8883    14
18138   8893  8857  8849    14
18139   8897  8857  8893    14
18140   8934  8932  8897    14
18141   9002  8986  9025    14
18142   8934  8897  8893    14
18143   9008  8970  8973    14
18144   8930  8885  8922    14
18145   8973  8930  8960    14
18146   8948  8986  8960    14
18147   8942  8975  8948    14
18148   8960  8922  8948    14
18149   8934  8930  8973    14
18150   8986  8948  8975    14
18151   9002  8960  8986    14
18152   8973  8960  9002    14
18153   8932  8934  8970    14
18154   9023  8973  9002    14
18155   9036  9008  9053    14
18156   9036  9017  8995    14
18157   9129  9080  9099    14
18158   8970  8934  8973    14
18159   8955  8932  8970    14
18160   8954  8931  8974    14
18161   9003  8974  9017    14
18162   8974  9003  8954    14
18163   8905  8931  8954    14
18164   8974  8955  8995    14
18165   8992  8954  9003    14
18166   9003  9035  8992    14
18167   9088  9062  9107    14
18168   9048  9035  9003    14
18169   9062  9048  9017    14
18170   9048  9003  9017    14
18171   9076  9048  9088    14
18172   9062  9017  9036    14
18173   9118  9088  9134    14
18174   9088  9048  9062    14
18175   9035  9048  9076    14
18176   9068  9099  9053    14
18177   9023  9068  9053    14
18178   9053  9008  9023    14
18179   9062  9036  9080    14
18180   9080  9036  9053    14
18181   9129  9107  9080    14
18182   9042  9025  9059    14
18183   9080  9053  9099    14
18184   9042  9002  9025    14
18185   9068  9023  9042    14
18186   9131  9117  9092    14
18187   9059  9092  9083    14
18188   9092  9117  9083    14
18189   9086  9075  9055    14
18190   9099  9068  9113    14
18191   9136  9131  9106    14
18192   9099  9145  9129    14
18193   9083  9113  9068    14
18194   9113  9145  9099    14
18195   9083  9117  9113    14
18196   9195  9171  9145    14
18197   9219  9178  9184    14
18198   9219  9195  9178    14
18199   9155  9184  9146    14
18200   9155  9146  9117    14
18201   9243  9211  9229    14
18202   9178  9145  9146    14
18203   9211  9213  9186    14
18204   9219  9184  9213    14
18205   9265  9310  9303    14
18206   9178  9146  9184    14
18207   9223  9195  9239    14
18208   9195  9145  9178    14
18209   9129  9145  9171    14
18210   9239  9195  9219    14
18211   9265  9223  9239    14
18212   9134  9107  9154    14
18213   9195  9223  9171    14
18214   9134  9154  9180    14
18215   9221  9180  9197    14
18216   9134  9088  9107    14
18217   9165  9118  9134    14
18218   9154  9129  9171    14
18219   9107  9129  9154    14
18220   9221  9205  9180    14
18221   9240  9257  9221    14
18222   9240  9221  9197    14
18223   9265  9280  9240    14
18224   9257  9280  9290    14
18225   9240  9280  9257    14
18226   9279  9321  9310    14
18227   9265  9239  9279    14
18228   9303  9280  9265    14
18229   9315  9340  9355    14
18230   9310  9265  9279    14
18231   9340  9303  9345    14
18232   9315  9280  9303    14
18233   9290  9280  9315    14
18234   9340  9315  9303    14
18235   9331  9315  9355    14
18236   9355  9340  9375    14
18237   9364  9331  9374    14
18238   9374  9417  9403    14
18239   9331  9355  9374    14
18240   9492  9460  9443    14
18241   9364  9374  9403    14
18242   9345  9346  9387    14
18243   9437  9414  9457    14
18244   9395  9414  9437    14
18245   9355  9375  9395    14
18246   9346  9384  9387    14
18247   9303  9310  9345    14
18248   9346  9359  9384    14
18249   9345  9310  9346    14
18250   9390  9401  9363    14
18251   9350  9363  9323    14
18252   9359  9398  9384    14
18253   9321  9339  9359    14
18254   9398  9447  9423    14
18255   9378  9419  9398    14
18256   9313  9343  9350    14
18257   9419  9378  9401    14
18258   9363  9350  9390    14
18259   9448  9419  9401    14
18260   9343  9377  9350    14
18261   9249  9261  9219    14
18262   9363  9401  9378    14
18263   9313  9350  9323    14
18264   9311  9343  9313    14
18265   9278  9284  9249    14
18266   9321  9346  9310    14
18267   9323  9284  9313    14
18268   9261  9284  9297    14
18269   9321  9297  9339    14
18270   9261  9239  9219    14
18271   9321  9279  9297    14
18272   9297  9323  9339    14
18273   9279  9261  9297    14
18274   9263  9291  9278    14
18275   9219  9213  9249    14
18276   9284  9278  9313    14
18277   9261  9249  9284    14
18278   9243  9278  9249    14
18279   9249  9213  9243    14
18280   9174  9204  9193    14
18281   9186  9213  9184    14
18282   9214  9204  9232    14
18283   9263  9229  9246    14
18284   9274  9258  9287    14
18285   9263  9246  9274    14
18286   9263  9274  9291    14
18287   9243  9229  9263    14
18288   9278  9311  9313    14
18289   9243  9263  9278    14
18290   9311  9330  9343    14
18291   9278  9291  9311    14
18292   9377  9390  9350    14
18293   9330  9368  9343    14
18294   9493  9453  9452    14
18295   9343  9368  9377    14
18296   9402  9444  9439    14
18297   9379  9412  9370    14
18298   9404  9418  9377    14
18299   9368  9402  9404    14
18300   9318  9352  9342    14
18301   9291  9274  9309    14
18302   9330  9370  9368    14
18303   9291  9309  9330    14
18304   9318  9324  9352    14
18305   9330  9309  9342    14
18306   9379  9342  9352    14
18307   9402  9370  9412    14
18308   9412  9444  9402    14
18309   9465  9451  9420    14
18310   9353  9352  9324    14
18311   9394  9376  9366    14
18312   9382  9376  9405    14
18313   9352  9353  9382    14
18314   9318  9299  9324    14
18315   9271  9299  9287    14
18316   9304  9308  9325    14
18317   9353  9324  9327    14
18318   9304  9324  9299    14
18319   9276  9267  9256    14
18320   9224  9217  9237    14
18321   9232  9245  9258    14
18322   9287  9258  9271    14
18323   9309  9274  9287    14
18324   9224  9237  9245    14
18325   9232  9224  9245    14
18326   9258  9245  9271    14
18327   9246  9232  9258    14
18328   9237  9262  9245    14
18329   9187  9202  9204    14
18330   9247  9267  9262    14
18331   9191  9208  9189    14
18332   9133  9152  9159    14
18333   9097  9115  9086    14
18334   9152  9173  9159    14
18335   9074  9089  9069    14
18336   9139  9163  9152    14
18337   9108  9127  9133    14
18338   9167  9136  9144    14
18339   9232  9204  9224    14
18340   9167  9144  9174    14
18341   9246  9214  9232    14
18342   9204  9174  9187    14
18343   9214  9193  9204    14
18344   9214  9194  9193    14
18345   9246  9229  9214    14
18346   9194  9214  9229    14
18347   9136  9167  9160    14
18348   9211  9186  9194    14
18349   9243  9213  9211    14
18350   9131  9092  9106    14
18351   9186  9155  9160    14
18352   9186  9160  9194    14
18353   9184  9155  9186    14
18354   9167  9193  9194    14
18355   9131  9136  9160    14
18356   9167  9194  9160    14
18357   9174  9193  9167    14
18358   9119  9133  9144    14
18359   9108  9133  9119    14
18360   9037  9061  9046    14
18361   9075  9086  9106    14
18362   9115  9097  9119    14
18363   9106  9086  9115    14
18364   9055  9075  9040    14
18365   9072  9061  9084    14
18366   9075  9059  9040    14
18367   9106  9092  9075    14
18368   9046  9061  9072    14
18369   9029  9019  9046    14
18370   9072  9055  9046    14
18371   9097  9086  9072    14
18372   9037  9047  9061    14
18373   9012  9022  9037    14
18374   9084  9097  9072    14
18375   9052  9069  9047    14
18376   9084  9061  9069    14
18377   9119  9097  9108    14
18378   9089  9091  9111    14
18379   9097  9084  9108    14
18380   9127  9139  9152    14
18381   9089  9111  9108    14
18382   9047  9069  9061    14
18383   9031  9052  9047    14
18384   9089  9084  9069    14
18385   9127  9108  9111    14
18386   9038  9060  9052    14
18387   9028  9045  9038    14
18388   9060  9074  9052    14
18389   9079  9074  9060    14
18390   9079  9060  9063    14
18391   9110  9091  9095    14
18392   9128  9111  9110    14
18393   9166  7852  9183    14
18394   9091  9074  9079    14
18395   9089  9074  9091    14
18396   9111  9128  9127    14
18397   9091  9110  9111    14
18398   9139  9127  9128    14
18399   9173  9152  9163    14
18400   9189  9202  9173    14
18401   9150  9170  9163    14
18402   9189  9173  9163    14
18403   9237  9217  9228    14
18404   9191  9203  9208    14
18405   9170  9183  9191    14
18406   9220  9236  9228    14
18407   9183  9203  9191    14
18408   9150  9139  9128    14
18409   9163  9139  9150    14
18410   9170  9189  9163    14
18411   9149  9166  9150    14
18412   7750  7784  9132    14
18413   7719  9114  9095    14
18414   9166  9183  9170    14
18415   7883  9183  7852    14
18416   9203  9220  9208    14
18417   7977  9236  7949    14
18418   7883  9203  9183    14
18419   9203  7883  7914    14
18420   9166  9149  7818    14
18421   7852  9166  7818    14
18422   7784  7818  9149    14
18423   7685  7719  9095    14
18424   9132  7784  9149    14
18425   9114  7750  9132    14
18426   9095  9091  9079    14
18427   7750  9114  7719    14
18428   9114  9110  9095    14
18429   9128  9110  9114    14
18430   7653  9063  7620    14
18431   9079  9063  7653    14
18432   9256  8010  9276    14
18433   8095  9341  9320    14
18434   9436  8218  8248    14
18435   9436  9456  9422    14
18436   8153  8184  9385    14
18437   9325  9341  9349    14
18438   8125  8153  9361    14
18439   9256  7977  8010    14
18440   9267  9247  9256    14
18441   8038  9295  9276    14
18442   8038  8069  9295    14
18443   9325  9308  9320    14
18444   9361  9341  8125    14
18445   9286  9304  9281    14
18446   9276  9295  9286    14
18447   9220  9228  9208    14
18448   7949  9236  9220    14
18449   9228  9217  9208    14
18450   9256  9247  9236    14
18451   9217  9202  9208    14
18452   9224  9202  9217    14
18453   9247  9237  9228    14
18454   9262  9237  9247    14
18455   9267  9281  9262    14
18456   9276  9286  9267    14
18457   9304  9299  9281    14
18458   9325  9327  9304    14
18459   9308  9295  9320    14
18460   9353  9349  9376    14
18461   9308  9286  9295    14
18462   9304  9286  9308    14
18463   9341  9325  9320    14
18464   9327  9349  9353    14
18465   9385  9408  9394    14
18466   9341  9361  9366    14
18467   9385  8184  9408    14
18468   9366  9361  9385    14
18469   9349  9341  9366    14
18470   9327  9325  9349    14
18471   9376  9382  9353    14
18472   9394  9405  9376    14
18473   9452  9499  9493    14
18474   9402  9439  9404    14
18475   9474  9499  9452    14
18476   9519  9486  9535    14
18477   9486  9519  9474    14
18478   9412  9451  9444    14
18479   6530  6505  9572    14
18480   9516  9538  9495    14
18481   9474  9439  9444    14
18482   9519  9499  9474    14
18483   9486  9444  9451    14
18484   9474  9444  9486    14
18485   9606  9534  9578    14
18486   6481  9595  9583    14
18487   9547  9519  9583    14
18488   9499  9519  9547    14
18489   6437  9578  6460    14
18490   6505  6481  9583    14
18491   9572  9535  9593    14
18492   9572  9519  9535    14
18493   6505  9583  9572    14
18494   9593  9535  9538    14
18495   6619  6588  9598    14
18496   9567  9538  9516    14
18497   9598  9567  9553    14
18498   6588  9567  9598    14
18499   6555  9593  9567    14
18500   9525  9512  9561    14
18501   6691  6652  9561    14
18502   9592  6619  9598    14
18503   6652  6619  9592    14
18504   9546  9505  9552    14
18505   9498  9525  9553    14
18506   9553  9516  9498    14
18507   9567  9516  9553    14
18508   9512  9489  9546    14
18509   9456  9489  9468    14
18510   9465  9498  9516    14
18511   9486  9451  9495    14
18512   9525  9468  9512    14
18513   9592  9553  9525    14
18514   9420  9405  9441    14
18515   9379  9382  9420    14
18516   9465  9495  9451    14
18517   9441  9498  9465    14
18518   9427  9441  9405    14
18519   9468  9441  9427    14
18520   9468  9525  9498    14
18521   9427  9456  9468    14
18522   9436  9408  8218    14
18523   9422  9408  9436    14
18524   8319  8363  9552    14
18525   9408  8184  8218    14
18526   8319  9505  8281    14
18527   9505  8319  9552    14
18528   9489  9466  9505    14
18529   8363  6779  9604    14
18530   9552  8363  9604    14
18531   9602  6734  6691    14
18532   6555  9567  6588    14
18533   6530  9593  6555    14
18534   6372  9597  6393    14
18535   9606  9578  6437    14
18536   6415  9606  6437    14
18537   9595  6481  6460    14
18538   9558  9534  9606    14
18539   6415  9605  9606    14
18540   6393  9605  6415    14
18541   9558  9606  9605    14
18542   9487  9500  9537    14
18543   9464  9510  9500    14
18544   9605  9554  9558    14
18545   9578  9540  9595    14
18546   9534  9540  9578    14
18547   9534  9493  9540    14
18548   9453  9493  9491    14
18549   9453  9424  9418    14
18550   9404  9452  9418    14
18551   9424  9390  9418    14
18552   9510  9534  9558    14
18553   9424  9401  9390    14
18554   9448  9401  9424    14
18555   9464  9424  9453    14
18556   9554  9500  9510    14
18557   9491  9493  9534    14
18558   9464  9453  9491    14
18559   9510  9558  9554    14
18560   9464  9491  9510    14
18561   9500  9448  9464    14
18562   9455  9448  9487    14
18563   9447  9398  9419    14
18564   9500  9487  9448    14
18565   9487  9490  9455    14
18566   9530  9490  9487    14
18567   9423  9387  9384    14
18568   9457  9483  9437    14
18569   9447  9419  9455    14
18570   9461  9423  9447    14
18571   9483  9479  9514    14
18572   9387  9423  9426    14
18573   9488  9490  9536    14
18574   9447  9490  9488    14
18575   9542  9565  9509    14
18576   9461  9488  9509    14
18577   9537  9500  9554    14
18578   9530  9487  9537    14
18579   9581  9580  6352    14
18580   9542  9536  9591    14
18581   9597  9605  6393    14
18582   9537  9554  9597    14
18583   9580  9597  6372    14
18584   9536  9581  9591    14
18585   9591  9581  6327    14
18586   9461  9479  9426    14
18587   9586  6230  6205    14
18588   9483  9457  9479    14
18589   9559  6230  9586    14
18590   9509  9479  9461    14
18591   9544  9601  9559    14
18592   9565  9601  9544    14
18593   9565  6280  9601    14
18594   9542  9591  9565    14
18595   9509  9565  9544    14
18596   9488  9542  9509    14
18597   9426  9423  9461    14
18598   9414  9387  9426    14
18599   9479  9509  9544    14
18600   9437  9482  9443    14
18601   9414  9375  9387    14
18602   9395  9375  9414    14
18603   9457  9426  9479    14
18604   9414  9426  9457    14
18605   9514  9532  9483    14
18606   9544  9514  9479    14
18607   9532  9482  9483    14
18608   9544  9559  9514    14
18609   9482  9532  9526    14
18610   9395  9417  9374    14
18611   9443  9482  9492    14
18612   9395  9437  9443    14
18613   9482  9526  9492    14
18614   9437  9483  9482    14
18615   9417  9442  9403    14
18616   9395  9443  9417    14
18617   9460  9492  9506    14
18618   9364  9403  9396    14
18619   9460  9417  9443    14
18620   9485  9442  9460    14
18621   9485  9460  9506    14
18622   9508  9484  9539    14
18623   9582  9599  9543    14
18624   9543  9599  9555    14
18625   9532  9574  9526    14
18626   9559  9586  9532    14
18627   9543  9526  9582    14
18628   9506  9492  9543    14
18629   9532  9586  9574    14
18630   6127  6102  9589    14
18631   9529  9539  9484    14
18632   9599  6127  9589    14
18633   6152  9599  9582    14
18634   6127  9599  6152    14
18635   6180  9574  6205    14
18636   6152  9582  6180    14
18637   9559  6256  6230    14
18638   6280  6256  9601    14
18639   9564  9518  9566    14
18640   9523  9568  9590    14
18641   5588  9585  5620    14
18642   5718  9566  5751    14
18643   9541  9551  9584    14
18644   5686  5652  9568    14
18645   5489  5455  9584    14
18646   5557  9562  5588    14
18647   9594  9584  9551    14
18648   5523  5489  9594    14
18649   5523  9600  5557    14
18650   9562  9585  5588    14
18651   5523  9594  9600    14
18652   9585  9590  5620    14
18653   9511  9524  9562    14
18654   9551  9550  9600    14
18655   9511  9562  9550    14
18656   9397  9413  9373    14
18657   9562  5557  9600    14
18658   9590  9585  9549    14
18659   9524  9585  9562    14
18660   9373  9413  9381    14
18661   9550  9562  9600    14
18662   9467  9511  9501    14
18663   9524  9549  9585    14
18664   9523  9497  9475    14
18665   9564  5686  9568    14
18666   9472  9432  9425    14
18667   9523  9590  9549    14
18668   9472  9517  9475    14
18669   9568  9523  9517    14
18670   5718  5686  9564    14
18671   9568  5652  9590    14
18672   9517  9564  9568    14
18673   9563  9515  9531    14
18674   5751  9566  9563    14
18675   9566  9515  9563    14
18676   5718  9564  9566    14
18677   9478  9513  9531    14
18678   9517  9472  9518    14
18679   9518  9471  9515    14
18680   9564  9517  9518    14
18681   9513  9560  9531    14
18682   9496  9545  9513    14
18683   9522  9545  9496    14
18684   9575  9522  9527    14
18685   9575  9570  9522    14
18686   9528  9571  9527    14
18687   9575  5909  9570    14
18688   9571  5939  9575    14
18689   9545  9560  9513    14
18690   9522  9570  9545    14
18691   9587  9563  9531    14
18692   9596  5848  9560    14
18693   9587  9531  9560    14
18694   5782  9563  9587    14
18695   9596  9560  9545    14
18696   5816  9560  5848    14
18697   5782  9587  5816    14
18698   9596  9570  5877    14
18699   5877  9570  5909    14
18700   5848  9596  5877    14
18701   5939  5909  9575    14
18702   9588  6019  5989    14
18703   5964  5939  9571    14
18704   9577  6019  9588    14
18705   6102  9579  9589    14
18706   9579  6102  6075    14
18707   9555  9589  9529    14
18708   9579  6075  9577    14
18709   9577  9556  9539    14
18710   6075  6047  9577    14
18711   9556  9504  9508    14
18712   9577  9588  9556    14
18713   9576  5964  9571    14
18714   9504  9533  9480    14
18715   9528  9527  9494    14
18716   9588  9576  9533    14
18717   9533  9576  9528    14
18718   9556  9588  9533    14
18719   9529  9589  9579    14
18720   9506  9555  9529    14
18721   9539  9556  9508    14
18722   9529  9579  9539    14
18723   9484  9442  9485    14
18724   9403  9442  9438    14
18725   9396  9403  9438    14
18726   9458  9421  9463    14
18727   9438  9442  9484    14
18728   9421  9396  9438    14
18729   9421  9372  9396    14
18730   9367  9392  9410    14
18731   9463  9484  9508    14
18732   9421  9438  9463    14
18733   9480  9528  9494    14
18734   9458  9504  9480    14
18735   9473  9450  9429    14
18736   9522  9496  9473    14
18737   9478  9531  9515    14
18738   9425  9433  9471    14
18739   9478  9471  9433    14
18740   9515  9471  9478    14
18741   9393  9362  9400    14
18742   9391  9354  9393    14
18743   9469  9513  9478    14
18744   9393  9400  9435    14
18745   9454  9410  9428    14
18746   9473  9429  9454    14
18747   9469  9450  9496    14
18748   9478  9435  9469    14
18749   9369  9344  9389    14
18750   9328  9344  9369    14
18751   9288  9302  9328    14
18752   9225  9215  9181    14
18753   9391  9393  9433    14
18754   9317  9351  9305    14
18755   9283  9317  9275    14
18756   9260  9215  9225    14
18757   9317  9322  9354    14
18758   9264  9305  9294    14
18759   9288  9322  9283    14
18760   9344  9328  9302    14
18761   9289  9326  9302    14
18762   9259  9260  9225    14
18763   9326  9344  9302    14
18764   9290  9250  9257    14
18765   9367  9389  9344    14
18766   9332  9347  9307    14
18767   9392  9428  9410    14
18768   9347  9392  9367    14
18769   9347  9367  9326    14
18770   9332  9372  9347    14
18771   9392  9372  9421    14
18772   9347  9372  9392    14
18773   9298  9270  9250    14
18774   9331  9332  9298    14
18775   9307  9326  9289    14
18776   9298  9332  9307    14
18777   9270  9231  9250    14
18778   9290  9298  9250    14
18779   9259  9225  9231    14
18780   9307  9289  9259    14
18781   9231  9205  9250    14
18782   9307  9259  9270    14
18783   9181  9143  9190    14
18784   9177  9181  9215    14
18785   9205  9231  9190    14
18786   9221  9250  9205    14
18787   9231  9225  9190    14
18788   9270  9259  9231    14
18789   9165  9153  9118    14
18790   9180  9205  9165    14
18791   9076  9088  9118    14
18792   9027  9035  9067    14
18793   9153  9165  9190    14
18794   9109  9118  9153    14
18795   9057  9014  9027    14
18796   9118  9109  9076    14
18797   9109  9101  9067    14
18798   9143  9101  9109    14
18799   9181  9137  9143    14
18800   9153  9190  9143    14
18801   9181  9177  9137    14
18802   9190  9225  9181    14
18803   9135  9098  9096    14
18804   9177  9135  9137    14
18805   9056  9030  9015    14
18806   9087  9120  9125    14
18807   9057  9067  9101    14
18808   9056  9014  9057    14
18809   9071  9030  9056    14
18810   9018  9030  9051    14
18811   9120  9087  9071    14
18812   9137  9135  9096    14
18813   9120  9135  9164    14
18814   9071  9098  9120    14
18815   9135  9120  9098    14
18816   9177  9164  9135    14
18817   9196  9158  9164    14
18818   9168  9182  9198    14
18819   9207  9196  9164    14
18820   9215  9207  9177    14
18821   9244  9233  9207    14
18822   9288  9248  9260    14
18823   9248  9244  9207    14
18824   9289  9260  9259    14
18825   9260  9248  9215    14
18826   9302  9288  9260    14
18827   9248  9288  9283    14
18828   9196  9207  9233    14
18829   9248  9207  9215    14
18830   9283  9244  9248    14
18831   9233  9264  9218    14
18832   9244  9275  9233    14
18833   9294  9273  9253    14
18834   9233  9275  9264    14
18835   9306  9337  9300    14
18836   9227  9253  9241    14
18837   9201  9179  9209    14
18838   9251  9269  9285    14
18839   9198  9179  9168    14
18840   9233  9218  9196    14
18841   9218  9227  9198    14
18842   9253  9227  9218    14
18843   9182  9142  9158    14
18844   9218  9198  9182    14
18845   9051  9030  9071    14
18846   9032  9018  9051    14
18847   9066  9032  9051    14
18848   9044  9032  9066    14
18849   9044  9010  9032    14
18850   9065  9043  9044    14
18851   9065  9044  9081    14
18852   9049  9043  9073    14
18853   9103  9116  9081    14
18854   9142  9116  9103    14
18855   9147  9142  9168    14
18856   9094  9116  9121    14
18857   9179  9147  9168    14
18858   9227  9209  9198    14
18859   9094  9065  9081    14
18860   9126  9100  9121    14
18861   9121  9116  9147    14
18862   9100  9094  9121    14
18863   9049  9024  9043    14
18864   9078  9054  9049    14
18865   9073  9043  9065    14
18866   9100  9078  9073    14
18867   9151  9147  9179    14
18868   9121  9147  9151    14
18869   9172  9192  9169    14
18870   9151  9179  9172    14
18871   9201  9172  9179    14
18872   9254  9238  9266    14
18873   9209  9179  9198    14
18874   9192  9201  9212    14
18875   9226  9251  9238    14
18876   9201  9209  9226    14
18877   9241  9253  9273    14
18878   9209  9227  9241    14
18879   9269  9273  9300    14
18880   9226  9241  9251    14
18881   9251  9266  9238    14
18882   9241  9269  9251    14
18883   9348  9358  9329    14
18884   9269  9300  9285    14
18885   9319  9301  9285    14
18886   9285  9300  9319    14
18887   9337  9333  9365    14
18888   9319  9300  9337    14
18889   9348  9381  9358    14
18890   9337  9373  9348    14
18891   9549  9524  9497    14
18892   9337  9365  9373    14
18893   9306  9333  9337    14
18894   9300  9273  9306    14
18895   9365  9399  9397    14
18896   9333  9371  9365    14
18897   9294  9338  9333    14
18898   9275  9305  9264    14
18899   9294  9333  9306    14
18900   9371  9338  9388    14
18901   9305  9338  9294    14
18902   9275  9317  9305    14
18903   9351  9388  9338    14
18904   9354  9391  9351    14
18905   9388  9432  9409    14
18906   9351  9391  9388    14
18907   9338  9371  9333    14
18908   9305  9351  9338    14
18909   9432  9475  9449    14
18910   9365  9371  9399    14
18911   9409  9371  9388    14
18912   9397  9434  9431    14
18913   9425  9471  9472    14
18914   9388  9391  9425    14
18915   9432  9388  9425    14
18916   9449  9409  9432    14
18917   9449  9497  9477    14
18918   9399  9409  9449    14
18919   9475  9517  9523    14
18920   9432  9472  9475    14
18921   9477  9524  9511    14
18922   9399  9449  9434    14
18923   9497  9449  9475    14
18924   9524  9477  9497    14
18925   9467  9501  9459    14
18926   9477  9511  9467    14
18927   9431  9413  9397    14
18928   9477  9467  9434    14
18929   9434  9467  9431    14
18930   9449  9477  9434    14
18931   9415  9386  9381    14
18932   9431  9459  9413    14
18933   9415  9381  9413    14
18934   9551  9503  9501    14
18935   9501  9503  9459    14
18936   9511  9550  9501    14
18937   9445  9446  9476    14
18938   9551  9541  9503    14
18939   9329  9358  9335    14
18940   9319  9348  9329    14
18941   9301  9329  9312    14
18942   9285  9301  9282    14
18943   9312  9292  9282    14
18944   9319  9329  9301    14
18945   9296  9293  9277    14
18946   9254  9282  9268    14
18947   9312  9329  9335    14
18948   9282  9301  9312    14
18949   9316  9312  9335    14
18950   9357  9334  9356    14
18951   9335  9336  9316    14
18952   9296  9316  9314    14
18953   9334  9316  9336    14
18954   3518  9272  9293    14
18955   3574  3546  9314    14
18956   9292  9268  9282    14
18957   9296  9314  9293    14
18958   9292  9316  9296    14
18959   3546  3518  9293    14
18960   9334  3574  9314    14
18961   9272  3489  9252    14
18962   9292  9296  9277    14
18963   9242  9268  9255    14
18964   3518  3489  9272    14
18965   9216  9210  9234    14
18966   3379  9200  3403    14
18967   9235  9216  9234    14
18968   3403  9216  3433    14
18969   9234  9210  9222    14
18970   9272  9255  9277    14
18971   9252  9235  9234    14
18972   3460  9235  9252    14
18973   9242  9234  9222    14
18974   9252  9234  9255    14
18975   9255  9268  9277    14
18976   9234  9242  9255    14
18977   9268  9242  9254    14
18978   9292  9277  9268    14
18979   9238  9212  9226    14
18980   9192  9212  9206    14
18981   9266  9282  9254    14
18982   9251  9285  9266    14
18983   9212  9201  9226    14
18984   9188  9192  9206    14
18985   9230  9212  9238    14
18986   9242  9222  9230    14
18987   9140  9148  9162    14
18988   9161  9156  9175    14
18989   9123  9140  9138    14
18990   9161  9138  9156    14
18991   9206  9199  9188    14
18992   9230  9222  9206    14
18993   9123  9104  9124    14
18994   9085  9090  9070    14
18995   9148  9169  9162    14
18996   9123  9124  9140    14
18997   9148  9172  9169    14
18998   9124  9126  9148    14
18999   9104  9102  9124    14
19000   9070  9090  9077    14
19001   9041  9033  9021    14
19002   9054  9064  9041    14
19003   9102  9126  9124    14
19004   9078  9100  9102    14
19005   9085  9082  9104    14
19006   9064  9082  9085    14
19007   9122  9112  9105    14
19008   9104  9105  9085    14
19009   9105  9104  9123    14
19010   9122  9123  9138    14
19011   9090  9105  9112    14
19012   3267  3240  9112    14
19013   9141  9130  9122    14
19014   9039  3129  9026    14
19015   3159  3129  9039    14
19016   9077  3184  9058    14
19017   9050  9070  9058    14
19018   3184  3159  9058    14
19019   9093  3215  9077    14
19020   9093  9090  9112    14
19021   9077  9090  9093    14
19022   3240  9093  9112    14
19023   3296  3267  9130    14
19024   3296  9130  9141    14
19025   3350  9176  3379    14
19026   9157  3296  9141    14
19027   9176  3325  9157    14
19028   9185  9199  9200    14
19029   9157  9161  9176    14
19030   9185  9200  9176    14
19031   9175  9199  9185    14
19032   9210  9199  9222    14
19033   9200  9199  9210    14
19034   3325  3296  9157    14
19035   3267  9112  9130    14
19036   3240  3215  9093    14
19037   9077  3215  3184    14
19038   3433  9216  9235    14
19039   3546  9293  9314    14
19040   9462  3743  9430    14
19041   3606  3574  9334    14
19042   9357  9356  9380    14
19043   3606  9334  9357    14
19044   3637  9357  9380    14
19045   3606  9357  3637    14
19046   9406  9430  3704    14
19047   3637  9380  3668    14
19048   9430  9406  9411    14
19049   3743  3704  9430    14
19050   9356  9360  9383    14
19051   9334  9336  9356    14
19052   9406  9380  9411    14
19053   3704  3668  9406    14
19054   9383  9416  9411    14
19055   9335  9360  9336    14
19056   9360  9386  9383    14
19057   9335  9358  9360    14
19058   9445  9440  9416    14
19059   9358  9381  9386    14
19060   9415  9416  9386    14
19061   9413  9446  9415    14
19062   9445  9476  9470    14
19063   9503  9481  9459    14
19064   9416  9440  9411    14
19065   9415  9445  9416    14
19066   9440  9430  9411    14
19067   9445  9470  9440    14
19068   9520  9507  9476    14
19069   9503  9541  9481    14
19070   9446  9413  9459    14
19071   9445  9415  9446    14
19072   9481  9476  9446    14
19073   9520  9476  9481    14
19074   9573  9520  9541    14
19075   5421  9607  9573    14
19076   9584  5455  9573    14
19077   9594  5489  9584    14
19078   9520  9481  9541    14
19079   9470  9502  9462    14
19080   9569  9521  9557    14
19081   9573  9607  9557    14
19082   9569  9607  5378    14
19083   9557  9607  9569    14
19084   9507  9520  9557    14
19085   9470  9476  9507    14
19086   9521  9470  9507    14
19087   9569  9548  9521    14
19088   9502  9521  9548    14
19089   3743  9462  3776    14
19090   9502  3817  3776    14
19091   9470  9521  9502    14
19092   3817  9502  9548    14
19093   9569  9603  9548    14
19094   9603  9569  5337    14
19095   9603  5337  3915    14
19096   9603  3915  3866    14
19097   9569  5378  5337    14
19098   9950  9946  9917    15
19099   9629  9673  9679    15
19100   10680  10715  10665    15
19101   9913  9886  9928    15
19102   10681  10644  10648    15
19103   9933  9890  9909    15
19104   9840  9810  9854    15
19105   8414  9753  8415    15
19106   9637  9689  9659    15
19107   9791  9809  9822    15
19108   9774  9807  9769    15
19109   9940  9979  9943    15
19110   9858  9898  9891    15
19111   10032  10073  10063    15
19112   9735  9745  9777    15
19113   10101  10120  10083    15
19114   9616  9656  9669    15
19115   9657  9686  9617    15
19116   9829  9872  9855    15
19117   9789  9756  9752    15
19118   3976  9927  3975    15
19119   9725  9749  9697    15
19120   9956  9914  9924    15
19121   9715  9673  9697    15
19122   9778  9820  9795    15
19123   9772  9724  9730    15
19124   10062  10044  10052    15
19125   10203  10200  10220    15
19126   10778  6875  10773    15
19127   10589  10575  10606    15
19128   10612  10568  10573    15
19129   6842  10752  10741    15
19130   10020  10058  10034    15
19131   10575  10599  10606    15
19132   10508  10473  10493    15
19133   9871  9855  9896    15
19134   10535  10530  10571    15
19135   10061  10070  10054    15
19136   10518  10483  10505    15
19137   10701  10727  10681    15
19138   10547  10576  10533    15
19139   9875  9901  8419    15
19140   9833  9869  9838    15
19141   8430  8429  10089    15
19142   10238  10219  10225    15
19143   9898  9902  9936    15
19144   10065  10088  10081    15
19145   10082  10125  10095    15
19146   10286  10323  10294    15
19147   9721  9771  9741    15
19148   8417  9845  8418    15
19149   9972  9957  9949    15
19150   10059  10086  10074    15
19151   9745  9793  9777    15
19152   9856  9816  9828    15
19153   9787  9748  9794    15
19154   10456  10471  10426    15
19155   10701  10751  10727    15
19156   9924  9890  9933    15
19157   9854  9886  9840    15
19158   9941  9928  9899    15
19159   9985  9941  9956    15
19160   9655  9609  9660    15
19161   9810  9816  9854    15
19162   9638  9635  2415    15
19163   9685  9727  9683    15
19164   2411  2412  9644    15
19165   9609  9635  9660    15
19166   9699  9709  9745    15
19167   9655  9644  2412    15
19168   9639  2409  2410    15
19169   9743  9703  9748    15
19170   9629  2418  9648    15
19171   2410  2411  9642    15
19172   9638  2415  2416    15
19173   9684  9731  9708    15
19174   9849  9843  9815    15
19175   9630  9678  9671    15
19176   9682  9719  9690    15
19177   9622  9672  9619    15
19178   3970  9789  3969    15
19179   9939  9909  9900    15
19180   9702  9717  9746    15
19181   9912  9937  9897    15
19182   9954  9927  3976    15
19183   10147  10146  10129    15
19184   10255  10275  10291    15
19185   10092  10091  10115    15
19186   10078  10101  10056    15
19187   9738  9716  9766    15
19188   9874  9905  9895    15
19189   9802  9839  9831    15
19190   9973  9964  9986    15
19191   9874  9865  9839    15
19192   9969  9938  9965    15
19193   9802  9788  9762    15
19194   10003  10034  10007    15
19195   9885  9868  9844    15
19196   10096  10138  10126    15
19197   10109  10092  10115    15
19198   10110  10132  10145    15
19199   9991  10006  10035    15
19200   10525  10564  10537    15
19201   10614  10596  10567    15
19202   6851  10744  6852    15
19203   10097  10073  10122    15
19204   10488  10499  10463    15
19205   10646  10642  10600    15
19206   10360  10387  10359    15
19207   10298  10332  10339    15
19208   9962  9969  10006    15
19209   10422  10454  10417    15
19210   10630  10661  10616    15
19211   10474  10506  10517    15
19212   10127  10136  10112    15
19213   10203  10179  10200    15
19214   10222  10233  10194    15
19215   10246  10234  10259    15
19216   10246  10279  10275    15
19217   10361  10340  10364    15
19218   10568  10578  10543    15
19219   10661  10670  10709    15
19220   10491  10468  4005    15
19221   10651  10693  10657    15
19222   10731  10715  10695    15
19223   10731  6872  10769    15
19224   6864  6863  10770    15
19225   10654  10612  10656    15
19226   10616  10656  10612    15
19227   10493  10534  10508    15
19228   10674  10633  10632    15
19229   10371  10355  10329    15
19230   10542  10516  10503    15
19231   6847  10761  6848    15
19232   10763  6845  10774    15
19233   10684  10686  10721    15
19234   10648  10617  10627    15
19235   10570  10621  10603    15
19236   10608  10617  10644    15
19237   10461  10503  10476    15
19238   10385  10378  10363    15
19239   10113  10145  10137    15
19240   10407  10416  10371    15
19241   10621  10570  10593    15
19242   10502  10460  10484    15
19243   10150  10143  10157    15
19244   10297  10294  10320    15
19245   10311  10314  10342    15
19246   10476  10433  10461    15
19247   10345  10358  10372    15
19248   10347  10370  10366    15
19249   10719  10701  10672    15
19250   10347  10327  10348    15
19251   10208  10189  10191    15
19252   10315  10335  10338    15
19253   10267  10282  10289    15
19254   8441  10283  10302    15
19255   10264  10283  8440    15
19256   10526  10561  10549    15
19257   8455  8454  10549    15
19258   10547  10507  10528    15
19259   10489  10528  10507    15
19260   10446  10464  10478    15
19261   6834  10780  6835    15
19262   9753  9754  9791    15
19263   9612  9620  2397    15
19264   9637  9620  9668    15
19265   9661  9701  9710    15
19266   9799  9771  9759    15
19267   9784  9812  9809    15
19268   9713  9754  9753    15
19269   9754  9784  9791    15
19270   9670  9713  8413    15
19271   9689  9741  9707    15
19272   9668  9721  9689    15
19273   9713  9670  9707    15
19274   9615  9659  9670    15
19275   9791  8415  9753    15
19276   10141  10151  10128    15
19277   9982  8424  8423    15
19278   10061  10046  10065    15
19279   10029  8427  8426    15
19280   8432  8431  10128    15
19281   10061  10081  10070    15
19282   10186  10175  10201    15
19283   9978  9997  9971    15
19284   10018  10029  8426    15
19285   10141  10130  10150    15
19286   10208  10191  10215    15
19287   10018  9999  10005    15
19288   9875  8419  8418    15
19289   9990  10014  10010    15
19290   9923  9949  9932    15
19291   9971  9970  9948    15
19292   9891  9893  9864    15
19293   9910  9935  9919    15
19294   9830  9833  9792    15
19295   8420  9901  9919    15
19296   9845  9870  9875    15
19297   8415  9791  8416    15
19298   9910  9901  9887    15
19299   9799  9838  9812    15
19300   9710  9759  9721    15
19301   9894  9906  9879    15
19302   9870  9859  9887    15
19303   9902  9898  9861    15
19304   9710  9747  9759    15
19305   9663  9674  9711    15
19306   9747  9757  9792    15
19307   9757  9711  9723    15
19308   9917  9891  9925    15
19309   9785  9826  9823    15
19310   9830  9864  9862    15
19311   9830  9792  9797    15
19312   9799  9792  9833    15
19313   9807  9823  9858    15
19314   9830  9797  9836    15
19315   9862  9869  9833    15
19316   9917  9893  9891    15
19317   9946  9948  9918    15
19318   9918  9917  9946    15
19319   9997  10026  10014    15
19320   10036  10017  10011    15
19321   10094  10084  10113    15
19322   10195  10235  10216    15
19323   10135  10104  10121    15
19324   10215  10236  10208    15
19325   10017  9988  10011    15
19326   10023  10043  10060    15
19327   10100  10104  10123    15
19328   10076  10059  10050    15
19329   9943  9936  9902    15
19330   10082  10108  10125    15
19331   10011  10013  10049    15
19332   10049  10036  10011    15
19333   10094  10064  10084    15
19334   10135  10121  10154    15
19335   10177  10193  10149    15
19336   10161  10177  10131    15
19337   10122  10105  10149    15
19338   10224  10269  10244    15
19339   9996  10033  10032    15
19340   9941  9985  9967    15
19341   9996  10032  9985    15
19342   9981  10009  9979    15
19343   9853  9890  9889    15
19344   9748  9703  9708    15
19345   9821  9793  9829    15
19346   9861  9826  9871    15
19347   9872  9829  9840    15
19348   9896  9855  9872    15
19349   9694  9650  9698    15
19350   9739  9742  9785    15
19351   9797  9807  9836    15
19352   9703  9660  9708    15
19353   9629  9679  9640    15
19354   9853  9851  9819    15
19355   9786  9819  9794    15
19356   9693  9644  9655    15
19357   9786  9731  9765    15
19358   9765  9731  9724    15
19359   9739  9774  9732    15
19360   9634  9683  9677    15
19361   9626  9621  9662    15
19362   9639  9642  9685    15
19363   2410  9642  9639    15
19364   9696  9699  9735    15
19365   9701  9661  9651    15
19366   9674  9723  9711    15
19367   9732  9694  9739    15
19368   9674  9663  9631    15
19369   9634  2409  9639    15
19370   9699  9654  9626    15
19371   2417  2418  9629    15
19372   2423  9617  2422    15
19373   2421  9656  9616    15
19374   9684  9688  9731    15
19375   9725  9697  9669    15
19376   9808  9772  9767    15
19377   9820  9801  9842    15
19378   2427  9625  2426    15
19379   9627  9678  9630    15
19380   9755  9740  9779    15
19381   2425  9608  2424    15
19382   9610  2426  9625    15
19383   9760  9736  9780    15
19384   9726  9681  9671    15
19385   9768  9726  9760    15
19386   9678  9627  9690    15
19387   9788  9746  9762    15
19388   9692  9641  9665    15
19389   9834  9877  9852    15
19390   9667  9712  9700    15
19391   9618  9652  9665    15
19392   2431  2432  9632    15
19393   2434  9652  9618    15
19394   2434  2435  9652    15
19395   9610  9658  2425    15
19396   9623  9633  2442    15
19397   9623  3966  9680    15
19398   3966  3967  9680    15
19399   9818  9789  3970    15
19400   9633  9676  9675    15
19401   9695  9664  9647    15
19402   9752  9718  3968    15
19403   2438  9653  2437    15
19404   9614  9664  9653    15
19405   9717  9762  9746    15
19406   9675  9734  9695    15
19407   9728  9672  9702    15
19408   9763  9806  9790    15
19409   9888  9905  9874    15
19410   9814  9848  9839    15
19411   3971  9846  9818    15
19412   9874  9866  9888    15
19413   9934  9953  9930    15
19414   3974  9927  9903    15
19415   9994  9975  9973    15
19416   9888  9903  9911    15
19417   3975  9927  3974    15
19418   10116  10103  3985    15
19419   9993  9974  9998    15
19420   9964  9954  9977    15
19421   10052  10044  10031    15
19422   10093  10099  10111    15
19423   10146  10127  10129    15
19424   10200  10184  10205    15
19425   10134  3987  10155    15
19426   10133  10136  10158    15
19427   10203  10206  10183    15
19428   10090  10069  10058    15
19429   10188  10158  10183    15
19430   10114  10118  10152    15
19431   10080  10038  10045    15
19432   10090  10102  10069    15
19433   10115  10091  10112    15
19434   10020  10040  10058    15
19435   9976  10007  9965    15
19436   10124  10102  10090    15
19437   10188  10162  10158    15
19438   9959  9993  9984    15
19439   9825  9781  9811    15
19440   9857  9850  9817    15
19441   9915  9883  9895    15
19442   10022  10020  9993    15
19443   9915  9926  9892    15
19444   9942  9959  9926    15
19445   9959  9952  9926    15
19446   9952  9937  9912    15
19447   9877  9897  9852    15
19448   9976  9965  9937    15
19449   9959  9984  9952    15
19450   9965  9938  9920    15
19451   10045  10007  10034    15
19452   9882  9884  9922    15
19453   9962  9922  9931    15
19454   9800  9804  9768    15
19455   9920  9885  9897    15
19456   9803  9843  9827    15
19457   9737  9782  9750    15
19458   9900  9860  9881    15
19459   9725  9750  9778    15
19460   9808  9767  9795    15
19461   9847  9813  9808    15
19462   9907  9881  9867    15
19463   9804  9815  9761    15
19464   9916  9880  9882    15
19465   9904  9931  9884    15
19466   9963  9956  9924    15
19467   10039  10087  10068    15
19468   9958  9922  9962    15
19469   9938  9969  9931    15
19470   9963  9933  9966    15
19471   10114  10152  10138    15
19472   10035  10006  10053    15
19473   9991  10019  9983    15
19474   10038  10080  10077    15
19475   10078  10035  10053    15
19476   9916  9922  9958    15
19477   10012  10056  10047    15
19478   10001  10012  10047    15
19479   10087  10131  10105    15
19480   10168  10210  10185    15
19481   10153  10198  10169    15
19482   10261  10257  10298    15
19483   10194  10204  10174    15
19484   10207  10180  10232    15
19485   10291  10265  10255    15
19486   10349  10310  10336    15
19487   10411  10421  10450    15
19488   10261  10211  10227    15
19489   10165  10209  10181    15
19490   10257  10245  10290    15
19491   10451  10461  10416    15
19492   10376  10362  10400    15
19493   10313  10273  10300    15
19494   10430  10445  10400    15
19495   10332  10376  10339    15
19496   10543  10553  10517    15
19497   10333  10360  10330    15
19498   10336  10379  10349    15
19499   10504  10454  10470    15
19500   10430  10474  10445    15
19501   10306  10291  10275    15
19502   10376  10421  10411    15
19503   10490  10532  10506    15
19504   10390  10417  10430    15
19505   10359  10367  10331    15
19506   10188  10183  10206    15
19507   10402  10387  10419    15
19508   10333  10330  10307    15
19509   10367  10387  10402    15
19510   10521  10538  10563    15
19511   10321  10312  10292    15
19512   10203  10220  10226    15
19513   4002  10413  4001    15
19514   10292  10312  10287    15
19515   10247  10270  10259    15
19516   10260  10240  10242    15
19517   10204  10194  10233    15
19518   10265  10233  10255    15
19519   10307  10279  10287    15
19520   10270  10287  10259    15
19521   10217  10234  10246    15
19522   10174  10204  10197    15
19523   10234  10247  10259    15
19524   10255  10222  10246    15
19525   10136  10159  10158    15
19526   10190  10162  10188    15
19527   10206  10226  10234    15
19528   10190  10188  10217    15
19529   10260  10270  10247    15
19530   3990  10192  3989    15
19531   10240  10226  10220    15
19532   10321  10304  10326    15
19533   10365  10341  10352    15
19534   10281  10263  10266    15
19535   10223  10230  10242    15
19536   10270  10260  10280    15
19537   10192  10176  3989    15
19538   10242  10240  10220    15
19539   10266  10249  3993    15
19540   3994  10266  3993    15
19541   10270  10280  10292    15
19542   10354  10343  10341    15
19543   10449  10468  10477    15
19544   10301  10299  10318    15
19545   3994  10285  10266    15
19546   3997  3998  10334    15
19547   10326  10343  10321    15
19548   10301  10281  10299    15
19549   10365  10374  10383    15
19550   3998  10352  10334    15
19551   4003  4004  10448    15
19552   4000  4001  10395    15
19553   10382  10398  10403    15
19554   10472  10498  10455    15
19555   10567  10590  10614    15
19556   10639  10637  10676    15
19557   10739  10743  10694    15
19558   10631  10614  10590    15
19559   10678  10670  10634    15
19560   10492  10510  10521    15
19561   10731  10695  10758    15
19562   10560  10589  10551    15
19563   4013  4014  10723    15
19564   10492  10479  10510    15
19565   10575  10586  10599    15
19566   10598  10565  4009    15
19567   10660  10679  10699    15
19568   10717  10685  10728    15
19569   10758  10695  10717    15
19570   10660  10699  10676    15
19571   10765  10750  6877    15
19572   10762  10757  6869    15
19573   10702  10656  10661    15
19574   6870  10764  6871    15
19575   6868  10746  10762    15
19576   6868  10762  6869    15
19577   10754  10746  6867    15
19578   6865  10743  10739    15
19579   10739  10754  6866    15
19580   6866  6865  10739    15
19581   10743  10705  10694    15
19582   6864  10770  10743    15
19583   10568  10532  10573    15
19584   10619  10578  10602    15
19585   10530  10517  10553    15
19586   10743  10770  10705    15
19587   10760  10734  6861    15
19588   10738  10696  10755    15
19589   10553  10578  10594    15
19590   10535  10569  10534    15
19591   10620  10594  10641    15
19592   10574  10548  10534    15
19593   10609  10628  10659    15
19594   10605  10649  10651    15
19595   10658  10609  10659    15
19596   10697  10700  10742    15
19597   10671  10646  10629    15
19598   10588  10566  10548    15
19599   10697  10749  10708    15
19600   10693  10703  10657    15
19601   10747  6850  10732    15
19602   10737  10730  10698    15
19603   10774  10725  10720    15
19604   10741  10752  10691    15
19605   10647  10672  10627    15
19606   10662  10707  10691    15
19607   10667  10625  10655    15
19608   10690  10711  10653    15
19609   10691  10707  10741    15
19610   10648  10672  10701    15
19611   6844  6843  10767    15
19612   10725  10767  10707    15
19613   10748  10763  10712    15
19614   10677  10662  10633    15
19615   10667  10632  10625    15
19616   10741  10767  6843    15
19617   10671  10708  10704    15
19618   10689  10735  10706    15
19619   6849  10735  10732    15
19620   10566  10588  10609    15
19621   10610  10655  10625    15
19622   10688  10689  10642    15
19623   6851  10747  10744    15
19624   10564  10525  10559    15
19625   10667  10712  10674    15
19626   10610  10597  10642    15
19627   10625  10582  10610    15
19628   10662  10691  10647    15
19629   10556  10555  10519    15
19630   10595  10593  10555    15
19631   10537  10582  10556    15
19632   10597  10610  10564    15
19633   10377  10371  10337    15
19634   10556  10582  10595    15
19635   10461  10494  10503    15
19636   10555  10593  10570    15
19637   10537  10519  10502    15
19638   10439  10460  10412    15
19639   10211  10221  10177    15
19640   10519  10555  10529    15
19641   10484  10514  10525    15
19642   10145  10156  10178    15
19643   10297  10327  10303    15
19644   10251  10235  10277    15
19645   10303  10327  10328    15
19646   10409  10389  10375    15
19647   10389  10429  10401    15
19648   10533  10497  10507    15
19649   10409  10447  10429    15
19650   10467  10487  10458    15
19651   10348  10370  10347    15
19652   10272  10262  10294    15
19653   10267  10253  10243    15
19654   10345  10372  10348    15
19655   10311  10323  10286    15
19656   10241  10272  10250    15
19657   10167  10182  10154    15
19658   10415  10408  10394    15
19659   10397  10394  10370    15
19660   10458  10434  10441    15
19661   10467  10441  10446    15
19662   10434  10415  10441    15
19663   10487  10511  10481    15
19664   10465  10475  10453    15
19665   10447  10476  10489    15
19666   10487  10467  10497    15
19667   10520  10511  10487    15
19668   10467  10478  10497    15
19669   10576  10557  10533    15
19670   10516  10528  10489    15
19671   10644  10690  10653    15
19672   10547  10572  10576    15
19673   10533  10520  10497    15
19674   10507  10547  10533    15
19675   10650  10615  10622    15
19676   10653  10624  10608    15
19677   10434  10408  10415    15
19678   10427  10444  8449    15
19679   10350  10368  8445    15
19680   8446  10386  8447    15
19681   10453  10475  10466    15
19682   10350  8444  10338    15
19683   10293  10278  10289    15
19684   10353  10369  10350    15
19685   10328  10309  10303    15
19686   10363  10366  10385    15
19687   10344  10347  10363    15
19688   10253  10238  10243    15
19689   10297  10276  10272    15
19690   10208  10225  10201    15
19691   10236  10225  10208    15
19692   10243  10238  10225    15
19693   10276  10250  10272    15
19694   10278  10293  10271    15
19695   10324  10309  10328    15
19696   10293  10283  10271    15
19697   10338  10335  10350    15
19698   10322  8443  8442    15
19699   10335  10324  10344    15
19700   10264  8440  8439    15
19701   8438  10248  8439    15
19702   10435  10414  10420    15
19703   10420  10443  10435    15
19704   10500  10509  10485    15
19705   8448  8447  10406    15
19706   10444  10427  10435    15
19707   8456  8455  10580    15
19708   10526  8454  8453    15
19709   10485  10475  10500    15
19710   10561  10558  10585    15
19711   10520  10545  10511    15
19712   10458  10487  10481    15
19713   10669  10652  10624    15
19714   10775  10724  10726    15
19715   10549  10580  8455    15
19716   10562  10558  10531    15
19717   9659  9611  9637    15
19718   9637  2396  9620    15
19719   2398  9612  2397    15
19720   9613  2400  9631    15
19721   9651  9612  2398    15
19722   9701  9747  9710    15
19723   9613  9651  2399    15
19724   9668  9661  9710    15
19725   9612  9661  9620    15
19726   9620  9661  9668    15
19727   2396  2397  9620    15
19728   9689  9707  9659    15
19729   9637  9668  9689    15
19730   9659  9707  9670    15
19731   2395  9637  9611    15
19732   2396  9637  2395    15
19733   9611  2394  2395    15
19734   9615  2394  9611    15
19735   2394  9615  2393    15
19736   9615  8412  2393    15
19737   9611  9659  9615    15
19738   8414  8413  9713    15
19739   9670  8412  9615    15
19740   9713  9753  8414    15
19741   8418  9845  9875    15
19742   8417  8416  9822    15
19743   9822  9809  9837    15
19744   8416  9791  9822    15
19745   9809  9812  9837    15
19746   9791  9784  9809    15
19747   9707  9754  9713    15
19748   9721  9741  9689    15
19749   9759  9771  9721    15
19750   9668  9710  9721    15
19751   9741  9754  9707    15
19752   9784  9754  9741    15
19753   9759  9792  9799    15
19754   9747  9792  9759    15
19755   9833  9838  9799    15
19756   9830  9862  9833    15
19757   9771  9784  9741    15
19758   9812  9784  9771    15
19759   9838  9859  9837    15
19760   9771  9799  9812    15
19761   9859  9870  9837    15
19762   9910  9906  9932    15
19763   9838  9837  9812    15
19764   9869  9859  9838    15
19765   9879  9887  9859    15
19766   9862  9894  9869    15
19767   9894  9879  9869    15
19768   9917  9918  9893    15
19769   9918  9923  9894    15
19770   9948  9923  9918    15
19771   9879  9859  9869    15
19772   9910  9887  9906    15
19773   9906  9894  9923    15
19774   9887  9879  9906    15
19775   9932  9957  9935    15
19776   9906  9923  9932    15
19777   9845  9822  9837    15
19778   9887  9875  9870    15
19779   9919  8421  8420    15
19780   9945  8421  9919    15
19781   9845  9837  9870    15
19782   8417  9822  9845    15
19783   8419  9901  8420    15
19784   9901  9910  9919    15
19785   9875  9887  9901    15
19786   9945  8422  8421    15
19787   8413  8412  9670    15
19788   8424  9999  8425    15
19789   9982  9999  8424    15
19790   10054  8427  10029    15
19791   8431  10107  10128    15
19792   10054  10070  8428    15
19793   10041  10054  10029    15
19794   10107  10098  10119    15
19795   8430  10089  10107    15
19796   10081  10098  10089    15
19797   10074  10088  10065    15
19798   10098  10088  10106    15
19799   10107  10089  10098    15
19800   10150  10130  10143    15
19801   10098  10106  10119    15
19802   8431  8430  10107    15
19803   10173  8435  8434    15
19804   10107  10119  10128    15
19805   10151  10173  8434    15
19806   8432  10128  8433    15
19807   10151  10150  10163    15
19808   10175  10157  10189    15
19809   8435  10173  10187    15
19810   10163  10175  10186    15
19811   10187  10173  10186    15
19812   10186  10173  10163    15
19813   10202  10187  10186    15
19814   10141  10128  10119    15
19815   8433  10128  10151    15
19816   10151  8434  8433    15
19817   10163  10173  10151    15
19818   10150  10175  10163    15
19819   10151  10141  10150    15
19820   10143  10148  10157    15
19821   10117  10130  10106    15
19822   10189  10208  10201    15
19823   10150  10157  10175    15
19824   10189  10157  10172    15
19825   10201  10175  10189    15
19826   10172  10148  10171    15
19827   10189  10172  10191    15
19828   10148  10172  10157    15
19829   10123  10148  10143    15
19830   10154  10171  10135    15
19831   10123  10135  10148    15
19832   10037  10059  10055    15
19833   10143  10117  10123    15
19834   10074  10100  10088    15
19835   10119  10106  10130    15
19836   10130  10117  10143    15
19837   10141  10119  10130    15
19838   10074  10055  10059    15
19839   10117  10100  10123    15
19840   10088  10098  10081    15
19841   10117  10106  10100    15
19842   10086  10104  10100    15
19843   10064  10076  10050    15
19844   10100  10074  10086    15
19845   10106  10088  10100    15
19846   10028  10014  10037    15
19847   10074  10065  10055    15
19848   10014  10026  10037    15
19849   9971  9997  9990    15
19850   10028  10037  10055    15
19851   10010  10014  10028    15
19852   9972  9989  9987    15
19853   10046  10028  10055    15
19854   10010  10028  10025    15
19855   10065  10046  10055    15
19856   10081  10061  10065    15
19857   10041  10046  10061    15
19858   10028  10046  10025    15
19859   10070  8429  8428    15
19860   10041  10061  10054    15
19861   10070  10089  8429    15
19862   10081  10089  10070    15
19863   10018  10025  10029    15
19864   8425  10018  8426    15
19865   10054  8428  8427    15
19866   10025  10041  10029    15
19867   9989  10005  9987    15
19868   10025  10046  10041    15
19869   9987  10005  9999    15
19870   10005  10025  10018    15
19871   9982  9972  9987    15
19872   9982  9961  9972    15
19873   9999  9982  9987    15
19874   10018  8425  9999    15
19875   9945  9957  9961    15
19876   8423  8422  9945    15
19877   8423  9961  9982    15
19878   9935  9910  9932    15
19879   9945  9919  9935    15
19880   9961  9957  9972    15
19881   8423  9945  9961    15
19882   9970  9989  9972    15
19883   9923  9948  9949    15
19884   9957  9932  9949    15
19885   9945  9935  9957    15
19886   10005  10010  10025    15
19887   9989  10010  10005    15
19888   9971  9990  9970    15
19889   9960  9978  9950    15
19890   9990  10010  9989    15
19891   9997  10014  9990    15
19892   9948  9970  9949    15
19893   9946  9971  9948    15
19894   9970  9972  9949    15
19895   9990  9989  9970    15
19896   9757  9797  9792    15
19897   9701  9711  9747    15
19898   9757  9769  9797    15
19899   9747  9711  9757    15
19900   9769  9807  9797    15
19901   9757  9723  9769    15
19902   9823  9861  9858    15
19903   9774  9785  9823    15
19904   9742  9783  9785    15
19905   9769  9732  9774    15
19906   9807  9858  9836    15
19907   9774  9823  9807    15
19908   9654  9699  9696    15
19909   9687  9636  9645    15
19910   9798  9840  9829    15
19911   9662  9709  9699    15
19912   9758  9798  9793    15
19913   9742  9735  9783    15
19914   9783  9826  9785    15
19915   9735  9777  9783    15
19916   9821  9829  9855    15
19917   9783  9777  9821    15
19918   9826  9821  9871    15
19919   9783  9821  9826    15
19920   9861  9871  9902    15
19921   9823  9826  9861    15
19922   9871  9908  9902    15
19923   9858  9861  9898    15
19924   9896  9908  9871    15
19925   9821  9855  9871    15
19926   9896  9940  9908    15
19927   9872  9913  9896    15
19928   9940  9955  9981    15
19929   9896  9913  9940    15
19930   9908  9943  9902    15
19931   9940  9943  9908    15
19932   9936  9960  9925    15
19933   9980  9960  9936    15
19934   9960  9950  9925    15
19935   10011  9988  9980    15
19936   9864  9836  9858    15
19937   9862  9864  9893    15
19938   9898  9925  9891    15
19939   9936  9925  9898    15
19940   9864  9858  9891    15
19941   9830  9836  9864    15
19942   9893  9894  9862    15
19943   9918  9894  9893    15
19944   9950  9917  9925    15
19945   9971  9946  9978    15
19946   9978  9946  9950    15
19947   10026  9997  10017    15
19948   10026  10050  10037    15
19949   10036  10050  10017    15
19950   9988  9978  9960    15
19951   9997  9978  9988    15
19952   10017  9997  9988    15
19953   10050  10026  10017    15
19954   10064  10036  10049    15
19955   10050  10036  10064    15
19956   10059  10076  10086    15
19957   10037  10050  10059    15
19958   10076  10104  10086    15
19959   10064  10094  10076    15
19960   10104  10135  10123    15
19961   10076  10094  10104    15
19962   10154  10137  10167    15
19963   10148  10135  10171    15
19964   10171  10191  10172    15
19965   10215  10196  10228    15
19966   10167  10137  10145    15
19967   10171  10154  10182    15
19968   10196  10191  10171    15
19969   10167  10199  10182    15
19970   10121  10094  10113    15
19971   10104  10094  10121    15
19972   10137  10121  10113    15
19973   10154  10121  10137    15
19974   10042  10060  10075    15
19975   10064  10049  10084    15
19976   10178  10199  10167    15
19977   10095  10110  10075    15
19978   10153  10169  10125    15
19979   10167  10145  10178    15
19980   10132  10156  10145    15
19981   10084  10110  10113    15
19982   10277  10235  10252    15
19983   10165  10122  10149    15
19984   10095  10125  10132    15
19985   10060  10082  10095    15
19986   10110  10145  10113    15
19987   10095  10132  10110    15
19988   9980  9979  10013    15
19989   10084  10075  10110    15
19990   10042  10049  10013    15
19991   10084  10049  10075    15
19992   10075  10060  10095    15
19993   10049  10042  10075    15
19994   9980  9936  9943    15
19995   9988  9960  9980    15
19996   9979  10009  10013    15
19997   10011  9980  10013    15
19998   9979  9980  9943    15
19999   10042  10013  10009    15
20000   10023  10060  10042    15
20001   10043  10023  9995    15
20002   9955  9995  9981    15
20003   9979  9940  9981    15
20004   9955  9940  9913    15
20005   10016  9995  9967    15
20006   9967  9985  10016    15
20007   9928  9941  9967    15
20008   10043  9995  10016    15
20009   10082  10060  10043    15
20010   9995  9955  9967    15
20011   10009  9981  10023    15
20012   10023  9981  9995    15
20013   10042  10009  10023    15
20014   10169  10156  10132    15
20015   10108  10153  10125    15
20016   10169  10132  10125    15
20017   10169  10198  10212    15
20018   10212  10195  10169    15
20019   10244  10252  10212    15
20020   10142  10153  10108    15
20021   10181  10153  10142    15
20022   10181  10198  10153    15
20023   10142  10165  10181    15
20024   10063  10043  10016    15
20025   10082  10043  10063    15
20026   10108  10097  10142    15
20027   10082  10063  10108    15
20028   10097  10108  10063    15
20029   10039  10033  10000    15
20030   10122  10165  10142    15
20031   10063  10073  10097    15
20032   10122  10073  10105    15
20033   10142  10097  10122    15
20034   10193  10165  10149    15
20035   10210  10168  10170    15
20036   10357  10356  10325    15
20037   10177  10221  10193    15
20038   10047  10087  10039    15
20039   9939  9966  9933    15
20040   10068  10105  10073    15
20041   10087  10105  10068    15
20042   10000  9963  9966    15
20043   10033  9996  10000    15
20044   10032  10063  10016    15
20045   10068  10073  10033    15
20046   10033  10073  10032    15
20047   10039  10068  10033    15
20048   9956  9963  9996    15
20049   9889  9924  9914    15
20050   9985  10032  10016    15
20051   9956  9996  9985    15
20052   9963  9924  9933    15
20053   10000  9996  9963    15
20054   10001  10039  10000    15
20055   9939  9968  9966    15
20056   9890  9847  9873    15
20057   9939  9933  9909    15
20058   9847  9835  9873    15
20059   9851  9878  9828    15
20060   9890  9873  9909    15
20061   9813  9853  9819    15
20062   9819  9851  9828    15
20063   9751  9786  9794    15
20064   9853  9847  9890    15
20065   9813  9847  9853    15
20066   9889  9878  9851    15
20067   9890  9924  9889    15
20068   9914  9899  9878    15
20069   9956  9941  9914    15
20070   9928  9955  9913    15
20071   9914  9941  9899    15
20072   9886  9854  9899    15
20073   9967  9955  9928    15
20074   9886  9872  9840    15
20075   9856  9899  9854    15
20076   9886  9913  9872    15
20077   9899  9928  9886    15
20078   9878  9856  9828    15
20079   9853  9889  9851    15
20080   9878  9899  9856    15
20081   9889  9914  9878    15
20082   9810  9775  9816    15
20083   9856  9854  9816    15
20084   9677  9621  9634    15
20085   9777  9793  9821    15
20086   9770  9775  9810    15
20087   9840  9798  9810    15
20088   9770  9810  9798    15
20089   9709  9729  9758    15
20090   9793  9798  9829    15
20091   9745  9758  9793    15
20092   9634  9639  9683    15
20093   9798  9758  9770    15
20094   9748  9787  9743    15
20095   9727  9733  9775    15
20096   9787  9816  9775    15
20097   9703  9693  9655    15
20098   9748  9708  9751    15
20099   9775  9743  9787    15
20100   9787  9828  9816    15
20101   9751  9794  9748    15
20102   9786  9813  9819    15
20103   9688  9638  9640    15
20104   9794  9828  9787    15
20105   9819  9828  9794    15
20106   9765  9813  9786    15
20107   9808  9813  9772    15
20108   9772  9730  9767    15
20109   9813  9765  9772    15
20110   9730  9673  9715    15
20111   9724  9679  9730    15
20112   9688  9640  9679    15
20113   9772  9765  9724    15
20114   9731  9751  9708    15
20115   9786  9751  9731    15
20116   9684  9708  9660    15
20117   9724  9731  9688    15
20118   9638  2416  9640    15
20119   2414  2415  9635    15
20120   9688  9679  9724    15
20121   9684  9638  9688    15
20122   9616  9649  2420    15
20123   2417  9629  9640    15
20124   9609  9655  2413    15
20125   2416  2417  9640    15
20126   9635  9684  9660    15
20127   2413  2414  9609    15
20128   9635  9609  2414    15
20129   9638  9684  9635    15
20130   9685  9642  9693    15
20131   2411  9644  9642    15
20132   2413  9655  2412    15
20133   9634  2408  2409    15
20134   9626  2407  9621    15
20135   9727  9770  9729    15
20136   2408  9621  2407    15
20137   9683  9729  9677    15
20138   9639  9685  9683    15
20139   9693  9642  9644    15
20140   9733  9685  9693    15
20141   9703  9655  9660    15
20142   9743  9693  9703    15
20143   9733  9743  9775    15
20144   9693  9743  9733    15
20145   9727  9775  9770    15
20146   9685  9733  9727    15
20147   9729  9770  9758    15
20148   9683  9727  9729    15
20149   9709  9758  9745    15
20150   9677  9729  9709    15
20151   9662  9699  9626    15
20152   9677  9709  9662    15
20153   9654  2406  9626    15
20154   9745  9735  9699    15
20155   9646  2404  2405    15
20156   9742  9696  9735    15
20157   9698  9646  9696    15
20158   9742  9698  9696    15
20159   2404  9650  2403    15
20160   9645  9694  9687    15
20161   9739  9785  9774    15
20162   9698  9742  9739    15
20163   9701  9663  9711    15
20164   9613  9663  9651    15
20165   9732  9769  9723    15
20166   9698  9650  9646    15
20167   9651  9661  9612    15
20168   9663  9701  9651    15
20169   9687  9732  9723    15
20170   9613  9631  9663    15
20171   9631  9636  9674    15
20172   9723  9674  9687    15
20173   9694  9732  9687    15
20174   9698  9739  9694    15
20175   9645  2402  2403    15
20176   2401  2402  9636    15
20177   9636  9687  9674    15
20178   2400  2401  9631    15
20179   9636  2402  9645    15
20180   9631  2401  9636    15
20181   9651  2398  2399    15
20182   2400  9613  2399    15
20183   9645  2403  9650    15
20184   9646  9654  9696    15
20185   2405  9654  9646    15
20186   9650  2404  9646    15
20187   9694  9645  9650    15
20188   2406  2407  9626    15
20189   9621  9677  9662    15
20190   2408  9634  9621    15
20191   2405  2406  9654    15
20192   9657  2423  9608    15
20193   9669  9704  9725    15
20194   2421  2422  9656    15
20195   2418  2419  9648    15
20196   9648  9697  9673    15
20197   2420  9649  2419    15
20198   9649  9648  2419    15
20199   9616  2420  2421    15
20200   9725  9704  9750    15
20201   9686  9704  9656    15
20202   2422  9617  9656    15
20203   9669  9649  9616    15
20204   9715  9697  9749    15
20205   9673  9629  9648    15
20206   9730  9679  9673    15
20207   9697  9649  9669    15
20208   9648  9649  9697    15
20209   9767  9749  9795    15
20210   9730  9715  9767    15
20211   9795  9749  9778    15
20212   9847  9808  9835    15
20213   9750  9801  9778    15
20214   9740  9755  9706    15
20215   9801  9820  9778    15
20216   9755  9782  9737    15
20217   9706  9737  9686    15
20218   9669  9656  9704    15
20219   9749  9767  9715    15
20220   9725  9778  9749    15
20221   9737  9750  9704    15
20222   9658  9608  2425    15
20223   9782  9801  9750    15
20224   9706  9755  9737    15
20225   9782  9827  9801    15
20226   9803  9827  9782    15
20227   9779  9740  9761    15
20228   9782  9755  9803    15
20229   9843  9867  9827    15
20230   9755  9779  9803    15
20231   9691  9740  9706    15
20232   9761  9740  9705    15
20233   9705  9740  9691    15
20234   9671  9681  9624    15
20235   9658  9705  9691    15
20236   2426  9610  2425    15
20237   9657  9691  9706    15
20238   9658  9691  9608    15
20239   9686  9737  9704    15
20240   9657  9706  9686    15
20241   9617  9686  9656    15
20242   2423  9657  9617    15
20243   9608  2423  2424    15
20244   9691  9657  9608    15
20245   9666  9705  9658    15
20246   9681  9666  9625    15
20247   9666  9658  9610    15
20248   2428  9624  2427    15
20249   9625  2427  9624    15
20250   9624  9681  9625    15
20251   9627  2429  2430    15
20252   9627  2430  9643    15
20253   9624  2428  9630    15
20254   9630  9671  9624    15
20255   9714  9671  9678    15
20256   9666  9610  9625    15
20257   9761  9815  9779    15
20258   9720  9705  9666    15
20259   9726  9720  9681    15
20260   9720  9666  9681    15
20261   9761  9705  9720    15
20262   9768  9760  9800    15
20263   9761  9720  9768    15
20264   9760  9726  9714    15
20265   9841  9868  9884    15
20266   9736  9719  9764    15
20267   9800  9760  9780    15
20268   9690  9736  9678    15
20269   9632  2432  9641    15
20270   9726  9671  9714    15
20271   9768  9720  9726    15
20272   9736  9714  9678    15
20273   9692  9682  9632    15
20274   9736  9760  9714    15
20275   9764  9780  9736    15
20276   9764  9719  9738    15
20277   9824  9780  9805    15
20278   9667  9672  9712    15
20279   9764  9738  9781    15
20280   9781  9738  9766    15
20281   9805  9764  9781    15
20282   9692  9716  9738    15
20283   9618  9665  9641    15
20284   9682  9692  9738    15
20285   9736  9690  9719    15
20286   2432  2433  9641    15
20287   9692  9632  9641    15
20288   9643  9690  9627    15
20289   9682  9690  9643    15
20290   9682  9643  9632    15
20291   9738  9719  9682    15
20292   2431  9632  9643    15
20293   2428  2429  9630    15
20294   9643  2430  2431    15
20295   2433  9618  9641    15
20296   2433  2434  9618    15
20297   2429  9627  9630    15
20298   2437  9622  2436    15
20299   2437  9653  9622    15
20300   2439  9614  2438    15
20301   9675  9647  9628    15
20302   9647  9614  2439    15
20303   9633  9628  2441    15
20304   2443  3966  9623    15
20305   9718  9676  9680    15
20306   3967  9718  9680    15
20307   9718  9722  9676    15
20308   3968  3969  9752    15
20309   9718  9756  9722    15
20310   3967  3968  9718    15
20311   9796  9756  9789    15
20312   3969  9789  9752    15
20313   9776  9756  9796    15
20314   9832  9796  9818    15
20315   9796  9814  9776    15
20316   3971  9818  3970    15
20317   9762  9717  9734    15
20318   9814  9802  9776    15
20319   9763  9728  9773    15
20320   9831  9817  9788    15
20321   9762  9776  9802    15
20322   9734  9776  9762    15
20323   9722  9734  9675    15
20324   9776  9734  9756    15
20325   9756  9718  9752    15
20326   9734  9722  9756    15
20327   9676  9722  9675    15
20328   9623  9680  9676    15
20329   2442  9633  2441    15
20330   2443  9623  2442    15
20331   9628  2440  2441    15
20332   9623  9676  9633    15
20333   9647  2439  2440    15
20334   9633  9675  9628    15
20335   9647  2440  9628    15
20336   9664  9614  9647    15
20337   9664  9717  9702    15
20338   9675  9695  9647    15
20339   9695  9717  9664    15
20340   9734  9717  9695    15
20341   9622  9653  9672    15
20342   9652  9619  9667    15
20343   9622  9619  2436    15
20344   9702  9672  9653    15
20345   9653  9664  9702    15
20346   2438  9614  9653    15
20347   2435  2436  9619    15
20348   9652  9700  9665    15
20349   2435  9619  9652    15
20350   9667  9700  9652    15
20351   9619  9672  9667    15
20352   9700  9716  9665    15
20353   9746  9728  9702    15
20354   9744  9790  9766    15
20355   9692  9665  9716    15
20356   9744  9716  9700    15
20357   9817  9773  9788    15
20358   9728  9712  9672    15
20359   9763  9712  9728    15
20360   9763  9744  9712    15
20361   9781  9766  9811    15
20362   9773  9746  9788    15
20363   9728  9746  9773    15
20364   9744  9700  9712    15
20365   9766  9716  9744    15
20366   9790  9806  9834    15
20367   9744  9763  9790    15
20368   9814  9839  9802    15
20369   9832  9848  9814    15
20370   9832  9814  9796    15
20371   9874  9848  9866    15
20372   9866  9832  9846    15
20373   9848  9832  9866    15
20374   9930  9905  9911    15
20375   9905  9930  9921    15
20376   9888  9911  9905    15
20377   9951  9921  9930    15
20378   9911  9934  9930    15
20379   9947  9921  9951    15
20380   10008  10021  9994    15
20381   9975  9951  9973    15
20382   10052  3982  10066    15
20383   10008  9994  9986    15
20384   10020  10022  10040    15
20385   9964  9977  9986    15
20386   9994  9973  9986    15
20387   9977  3978  9992    15
20388   10008  9986  10004    15
20389   9954  9953  9934    15
20390   9986  9992  10004    15
20391   9964  9953  9954    15
20392   9973  9953  9964    15
20393   9977  9992  9986    15
20394   3976  3977  9954    15
20395   10024  10008  10004    15
20396   3978  3979  9992    15
20397   10015  3980  10031    15
20398   10004  9992  10015    15
20399   10015  9992  3979    15
20400   10015  3979  3980    15
20401   9927  9934  9911    15
20402   9954  9934  9927    15
20403   9903  9876  3973    15
20404   9903  9888  9876    15
20405   9903  9927  9911    15
20406   3973  3974  9903    15
20407   9818  9796  9789    15
20408   9846  9832  9818    15
20409   9846  9876  9866    15
20410   3971  3972  9846    15
20411   3972  9876  9846    15
20412   9876  3972  3973    15
20413   9888  9866  9876    15
20414   9977  9954  3977    15
20415   3977  3978  9977    15
20416   10031  3980  3981    15
20417   10031  3981  10052    15
20418   10134  10116  3986    15
20419   3986  10116  3985    15
20420   3988  10155  3987    15
20421   10176  3988  3989    15
20422   10192  10205  10184    15
20423   10147  10155  10166    15
20424   10184  10166  10176    15
20425   10213  10205  10192    15
20426   10134  10155  10147    15
20427   3987  10134  3986    15
20428   10176  10155  3988    15
20429   10085  10066  3983    15
20430   3985  10103  3984    15
20431   3981  3982  10052    15
20432   10004  10015  10024    15
20433   10062  10057  10044    15
20434   3982  3983  10066    15
20435   10085  3983  3984    15
20436   10129  10116  10134    15
20437   10085  10099  10079    15
20438   3984  10103  10085    15
20439   10024  10031  10044    15
20440   10015  10031  10024    15
20441   10030  10008  10024    15
20442   10079  10062  10066    15
20443   10091  10093  10112    15
20444   10024  10044  10030    15
20445   10057  10030  10044    15
20446   10058  10071  10090    15
20447   10062  10052  10066    15
20448   10067  10072  10091    15
20449   10079  10066  10085    15
20450   10057  10062  10072    15
20451   10111  10099  10116    15
20452   10159  10146  10164    15
20453   10099  10085  10103    15
20454   10093  10079  10099    15
20455   10116  10099  10103    15
20456   10147  10129  10134    15
20457   10184  10179  10164    15
20458   10155  10176  10166    15
20459   10184  10176  10192    15
20460   10159  10179  10183    15
20461   10129  10111  10116    15
20462   10112  10111  10127    15
20463   10164  10166  10184    15
20464   10147  10166  10164    15
20465   10179  10159  10164    15
20466   10203  10183  10179    15
20467   10127  10111  10129    15
20468   10115  10112  10136    15
20469   10146  10147  10164    15
20470   10136  10127  10146    15
20471   10133  10109  10115    15
20472   10124  10140  10160    15
20473   10136  10133  10115    15
20474   10146  10159  10136    15
20475   10158  10159  10183    15
20476   10109  10140  10124    15
20477   10162  10133  10158    15
20478   10222  10217  10246    15
20479   10190  10160  10162    15
20480   10174  10160  10194    15
20481   10194  10190  10222    15
20482   10160  10190  10194    15
20483   10102  10080  10069    15
20484   10109  10124  10090    15
20485   10144  10160  10174    15
20486   10162  10160  10140    15
20487   10124  10144  10102    15
20488   10160  10144  10124    15
20489   10140  10133  10162    15
20490   10109  10133  10140    15
20491   10021  10030  10048    15
20492   10021  10027  9998    15
20493   10071  10040  10051    15
20494   10109  10090  10071    15
20495   10092  10071  10067    15
20496   10109  10071  10092    15
20497   10034  10058  10069    15
20498   9984  10020  10003    15
20499   10045  10034  10069    15
20500   10053  10038  10077    15
20501   10022  10027  10051    15
20502   9975  9998  9974    15
20503   10040  10071  10058    15
20504   10022  10051  10040    15
20505   10048  10067  10051    15
20506   10008  10030  10021    15
20507   10067  10048  10072    15
20508   10071  10051  10067    15
20509   10072  10093  10091    15
20510   10092  10067  10091    15
20511   10072  10062  10079    15
20512   10048  10057  10072    15
20513   10093  10111  10112    15
20514   10072  10079  10093    15
20515   10021  9998  9994    15
20516   10048  10027  10021    15
20517   10048  10030  10057    15
20518   10051  10027  10048    15
20519   9947  9951  9975    15
20520   9959  9942  9974    15
20521   9993  10020  9984    15
20522   9998  10022  9993    15
20523   9998  10027  10022    15
20524   9975  9994  9998    15
20525   9974  9947  9975    15
20526   9993  9959  9974    15
20527   9947  9915  9921    15
20528   9974  9942  9947    15
20529   9951  9953  9973    15
20530   9930  9953  9951    15
20531   9895  9883  9865    15
20532   9905  9921  9895    15
20533   9839  9865  9831    15
20534   9848  9874  9839    15
20535   9865  9883  9857    15
20536   9874  9895  9865    15
20537   9817  9831  9857    15
20538   9763  9773  9806    15
20539   9831  9865  9857    15
20540   9788  9802  9831    15
20541   9892  9850  9857    15
20542   9921  9915  9895    15
20543   9915  9892  9883    15
20544   9947  9942  9915    15
20545   9850  9834  9806    15
20546   9892  9877  9850    15
20547   9806  9817  9850    15
20548   9773  9817  9806    15
20549   9834  9811  9790    15
20550   9912  9926  9952    15
20551   9811  9766  9790    15
20552   9852  9825  9811    15
20553   9852  9811  9834    15
20554   9920  9897  9937    15
20555   9863  9825  9852    15
20556   9780  9824  9800    15
20557   9877  9834  9850    15
20558   9863  9852  9897    15
20559   9897  9877  9912    15
20560   9885  9863  9897    15
20561   9892  9857  9883    15
20562   9912  9877  9892    15
20563   9926  9915  9942    15
20564   9912  9892  9926    15
20565   10007  10002  9965    15
20566   9952  9984  9976    15
20567   10003  10020  10034    15
20568   9976  9984  10003    15
20569   9937  9965  9920    15
20570   9952  9976  9937    15
20571   10007  9976  10003    15
20572   10038  10002  10007    15
20573   9938  9904  9920    15
20574   9962  9931  9969    15
20575   9884  9868  9904    15
20576   9938  9931  9904    15
20577   10006  9991  9962    15
20578   9965  10002  9969    15
20579   9882  9843  9849    15
20580   9931  9922  9884    15
20581   9824  9868  9841    15
20582   9882  9849  9884    15
20583   9844  9825  9863    15
20584   9920  9904  9885    15
20585   9844  9863  9885    15
20586   9764  9805  9780    15
20587   9805  9825  9844    15
20588   9781  9825  9805    15
20589   9841  9804  9800    15
20590   9805  9844  9824    15
20591   9804  9841  9849    15
20592   9761  9768  9804    15
20593   9815  9804  9849    15
20594   9803  9779  9815    15
20595   9841  9800  9824    15
20596   9884  9849  9841    15
20597   9868  9885  9904    15
20598   9824  9844  9868    15
20599   9880  9867  9843    15
20600   9916  9907  9880    15
20601   9843  9882  9880    15
20602   9803  9815  9843    15
20603   9842  9801  9827    15
20604   9944  9958  9983    15
20605   9820  9835  9795    15
20606   9867  9842  9827    15
20607   9835  9808  9795    15
20608   9860  9873  9835    15
20609   9860  9835  9820    15
20610   9939  9929  9968    15
20611   9860  9820  9842    15
20612   9909  9873  9900    15
20613   9860  9842  9881    15
20614   9873  9860  9900    15
20615   9881  9842  9867    15
20616   9939  9900  9929    15
20617   9907  9867  9880    15
20618   9900  9881  9929    15
20619   9916  9882  9922    15
20620   9929  9907  9944    15
20621   9958  9962  9991    15
20622   9907  9916  9944    15
20623   9929  9944  9968    15
20624   9881  9907  9929    15
20625   9944  9983  9968    15
20626   9916  9958  9944    15
20627   10001  9966  9968    15
20628   10000  9966  10001    15
20629   10019  10056  10012    15
20630   10039  10001  10047    15
20631   10120  10131  10087    15
20632   10161  10185  10211    15
20633   10019  10035  10056    15
20634   10087  10047  10083    15
20635   10012  10001  9968    15
20636   9958  9991  9983    15
20637   10056  10083  10047    15
20638   9968  9983  10012    15
20639   10019  9991  10035    15
20640   10012  9983  10019    15
20641   10006  10038  10053    15
20642   9969  10002  10006    15
20643   10038  10007  10045    15
20644   10006  10002  10038    15
20645   10096  10078  10053    15
20646   10118  10114  10080    15
20647   10080  10045  10069    15
20648   10114  10077  10080    15
20649   10056  10101  10083    15
20650   10035  10078  10056    15
20651   10114  10138  10096    15
20652   10053  10077  10096    15
20653   10138  10180  10170    15
20654   10078  10096  10126    15
20655   10118  10144  10152    15
20656   10096  10077  10114    15
20657   10118  10102  10144    15
20658   10080  10102  10118    15
20659   10152  10174  10197    15
20660   10144  10174  10152    15
20661   10180  10207  10170    15
20662   10152  10197  10180    15
20663   10138  10170  10126    15
20664   10152  10180  10138    15
20665   10170  10168  10126    15
20666   10245  10210  10207    15
20667   10139  10101  10126    15
20668   10161  10139  10185    15
20669   10120  10087  10083    15
20670   10078  10126  10101    15
20671   10139  10161  10120    15
20672   10126  10168  10139    15
20673   10120  10161  10131    15
20674   10101  10139  10120    15
20675   10131  10149  10105    15
20676   10177  10149  10131    15
20677   10161  10211  10177    15
20678   10227  10211  10185    15
20679   10185  10210  10227    15
20680   10139  10168  10185    15
20681   10180  10197  10232    15
20682   10227  10210  10257    15
20683   10257  10210  10245    15
20684   10261  10227  10257    15
20685   10274  10310  10319    15
20686   10298  10257  10290    15
20687   10274  10268  10310    15
20688   10290  10245  10274    15
20689   10207  10210  10170    15
20690   10274  10245  10232    15
20691   10232  10197  10237    15
20692   10245  10207  10232    15
20693   10268  10232  10237    15
20694   10336  10296  10317    15
20695   10204  10237  10197    15
20696   10265  10237  10233    15
20697   10233  10222  10255    15
20698   10237  10204  10233    15
20699   10291  10296  10265    15
20700   10331  10317  10291    15
20701   10268  10237  10265    15
20702   10359  10331  10330    15
20703   10268  10265  10296    15
20704   10274  10232  10268    15
20705   10310  10268  10296    15
20706   10290  10274  10319    15
20707   10336  10310  10296    15
20708   10390  10349  10379    15
20709   10317  10296  10291    15
20710   10351  10336  10317    15
20711   10402  10422  10388    15
20712   10331  10367  10351    15
20713   10388  10379  10351    15
20714   10459  10452  10479    15
20715   10379  10422  10417    15
20716   10336  10351  10379    15
20717   10388  10422  10379    15
20718   10351  10367  10388    15
20719   10390  10379  10417    15
20720   10319  10349  10362    15
20721   10319  10310  10349    15
20722   10298  10290  10332    15
20723   10362  10349  10390    15
20724   10290  10319  10332    15
20725   10332  10362  10376    15
20726   10319  10362  10332    15
20727   10339  10376  10380    15
20728   10261  10298  10300    15
20729   10380  10376  10411    15
20730   10256  10221  10211    15
20731   10400  10445  10421    15
20732   10362  10390  10400    15
20733   10530  10499  10488    15
20734   10376  10400  10421    15
20735   10430  10417  10457    15
20736   10400  10390  10430    15
20737   10463  10450  10421    15
20738   10457  10474  10430    15
20739   10474  10488  10445    15
20740   10543  10517  10506    15
20741   10450  10463  10493    15
20742   10425  10391  10380    15
20743   10499  10534  10493    15
20744   10421  10445  10463    15
20745   10569  10574  10534    15
20746   10499  10535  10534    15
20747   10620  10605  10571    15
20748   10535  10571  10569    15
20749   10574  10588  10548    15
20750   10605  10611  10569    15
20751   10530  10553  10571    15
20752   10445  10488  10463    15
20753   10553  10594  10571    15
20754   10543  10578  10553    15
20755   10488  10517  10530    15
20756   10474  10517  10488    15
20757   10499  10493  10463    15
20758   10530  10535  10499    15
20759   10532  10568  10543    15
20760   10474  10457  10506    15
20761   10490  10504  10532    15
20762   10543  10506  10532    15
20763   10573  10532  10544    15
20764   10602  10568  10612    15
20765   10552  10513  10524    15
20766   10573  10544  10584    15
20767   10584  10544  10552    15
20768   10616  10573  10584    15
20769   10513  10470  10482    15
20770   10552  10544  10513    15
20771   10524  10513  10482    15
20772   10590  10563  10601    15
20773   10504  10490  10454    15
20774   10367  10402  10388    15
20775   10490  10506  10457    15
20776   10544  10532  10504    15
20777   10504  10513  10544    15
20778   10470  10513  10504    15
20779   10454  10457  10417    15
20780   10455  10498  10482    15
20781   10454  10490  10457    15
20782   10422  10470  10454    15
20783   10438  10470  10422    15
20784   10482  10498  10524    15
20785   10438  10422  10402    15
20786   10482  10470  10438    15
20787   10387  10410  10419    15
20788   10438  10402  10419    15
20789   10431  10404  10428    15
20790   10459  10437  10431    15
20791   10410  10404  10431    15
20792   10438  10419  10455    15
20793   10455  10437  10472    15
20794   10546  10498  10521    15
20795   10455  10419  10437    15
20796   10482  10438  10455    15
20797   10472  10459  10492    15
20798   10437  10459  10472    15
20799   10498  10546  10524    15
20800   10472  10492  10498    15
20801   10567  10552  10524    15
20802   10492  10521  10498    15
20803   10567  10524  10546    15
20804   10584  10552  10596    15
20805   10590  10567  10546    15
20806   10551  10523  10560    15
20807   10579  10601  10563    15
20808   10631  10601  10645    15
20809   10521  10563  10546    15
20810   10579  10563  10538    15
20811   10486  10512  10496    15
20812   10521  10510  10538    15
20813   10510  10523  10538    15
20814   10459  10479  10492    15
20815   10551  10579  10538    15
20816   10469  10452  10442    15
20817   10551  10589  10579    15
20818   10538  10523  10551    15
20819   10589  10623  10579    15
20820   10512  10539  10523    15
20821   10565  10598  10586    15
20822   10565  10586  10554    15
20823   10539  10560  10523    15
20824   10540  10515  4007    15
20825   10539  10575  10560    15
20826   10515  10501  10491    15
20827   10486  10469  10462    15
20828   10491  4006  10515    15
20829   10496  10523  10510    15
20830   10486  10496  10469    15
20831   10496  10510  10479    15
20832   10512  10523  10496    15
20833   10428  10404  10403    15
20834   10459  10431  10452    15
20835   10452  10469  10479    15
20836   10431  10428  10452    15
20837   10436  10449  10462    15
20838   10452  10428  10442    15
20839   10469  10496  10479    15
20840   10442  10462  10469    15
20841   10418  10436  10442    15
20842   10442  10428  10418    15
20843   10364  10340  10343    15
20844   10382  10364  10373    15
20845   10365  10383  10373    15
20846   10403  10398  10418    15
20847   10312  10321  10340    15
20848   10398  10383  10405    15
20849   10382  10381  10364    15
20850   10428  10403  10418    15
20851   10403  10381  10382    15
20852   10404  10381  10403    15
20853   10410  10384  10404    15
20854   10387  10384  10410    15
20855   10387  10367  10359    15
20856   10437  10419  10410    15
20857   10410  10431  10437    15
20858   10381  10404  10384    15
20859   10333  10312  10340    15
20860   10381  10361  10364    15
20861   10384  10361  10381    15
20862   10387  10360  10384    15
20863   10340  10321  10343    15
20864   10360  10333  10361    15
20865   10361  10333  10340    15
20866   10384  10360  10361    15
20867   10275  10279  10306    15
20868   10330  10306  10307    15
20869   10330  10331  10306    15
20870   10360  10359  10330    15
20871   10331  10291  10306    15
20872   10351  10317  10331    15
20873   10217  10206  10234    15
20874   10222  10190  10217    15
20875   10279  10307  10306    15
20876   10255  10246  10275    15
20877   10206  10217  10188    15
20878   10247  10234  10226    15
20879   10279  10259  10287    15
20880   10246  10259  10279    15
20881   10226  10240  10247    15
20882   10206  10203  10226    15
20883   10280  10301  10304    15
20884   10287  10270  10292    15
20885   10312  10307  10287    15
20886   10333  10307  10312    15
20887   10280  10304  10292    15
20888   10240  10260  10247    15
20889   10304  10321  10292    15
20890   10318  10316  10334    15
20891   10205  10223  10220    15
20892   10179  10184  10200    15
20893   10263  10281  10280    15
20894   10223  10242  10220    15
20895   10242  10263  10260    15
20896   3993  10249  3992    15
20897   10205  10220  10200    15
20898   10230  10223  10213    15
20899   10205  10213  10223    15
20900   10249  10242  10230    15
20901   10263  10242  10249    15
20902   10263  10280  10260    15
20903   10249  10266  10263    15
20904   10301  10326  10304    15
20905   10266  10285  10281    15
20906   10301  10280  10281    15
20907   10334  10316  3997    15
20908   10354  10365  10373    15
20909   10364  10343  10354    15
20910   10373  10364  10354    15
20911   10398  10382  10373    15
20912   10341  10318  10334    15
20913   10343  10326  10341    15
20914   10352  10374  10365    15
20915   10354  10341  10365    15
20916   3996  3997  10316    15
20917   10285  3995  10299    15
20918   10318  10326  10301    15
20919   10341  10326  10318    15
20920   3995  3996  10299    15
20921   10318  10299  10316    15
20922   3998  3999  10352    15
20923   10352  10341  10334    15
20924   10374  10352  3999    15
20925   3996  10316  10299    15
20926   10285  10299  10281    15
20927   3994  3995  10285    15
20928   10213  3991  10230    15
20929   10192  3990  10213    15
20930   3991  10213  3990    15
20931   10230  3991  3992    15
20932   10249  10230  3992    15
20933   10540  4007  4008    15
20934   10540  4008  10565    15
20935   4010  10598  4009    15
20936   10679  4013  10723    15
20937   10565  4008  4009    15
20938   10522  10540  10554    15
20939   10477  10501  10486    15
20940   10449  10477  10462    15
20941   10413  10395  4001    15
20942   10424  10432  10449    15
20943   10405  10383  10395    15
20944   10462  10477  10486    15
20945   10413  4002  10432    15
20946   10448  4004  10468    15
20947   4002  4003  10432    15
20948   10449  10432  10448    15
20949   10442  10436  10462    15
20950   10374  4000  10395    15
20951   3999  4000  10374    15
20952   10432  4003  10448    15
20953   10405  10413  10424    15
20954   10383  10374  10395    15
20955   10398  10373  10383    15
20956   10405  10395  10413    15
20957   10418  10398  10405    15
20958   10424  10413  10432    15
20959   10418  10405  10424    15
20960   10436  10424  10449    15
20961   10418  10424  10436    15
20962   10491  10501  10477    15
20963   10448  10468  10449    15
20964   10468  10491  10477    15
20965   4004  4005  10468    15
20966   10522  10539  10512    15
20967   4005  4006  10491    15
20968   10515  4006  4007    15
20969   10501  10515  10522    15
20970   10522  10554  10539    15
20971   10515  10540  10522    15
20972   10501  10512  10486    15
20973   10522  10512  10501    15
20974   10554  10540  10565    15
20975   10575  10539  10554    15
20976   10623  10601  10579    15
20977   10728  10685  10722    15
20978   10589  10606  10623    15
20979   10560  10575  10589    15
20980   10606  10639  10623    15
20981   10626  10637  10599    15
20982   10668  10645  10623    15
20983   10676  10685  10639    15
20984   10645  10601  10623    15
20985   10680  10645  10695    15
20986   10668  10623  10639    15
20987   10695  10645  10668    15
20988   10695  10668  10717    15
20989   10631  10665  10614    15
20990   10717  10773  10758    15
20991   10773  10717  10728    15
20992   10758  6874  6873    15
20993   10778  10765  6876    15
20994   10685  10668  10639    15
20995   10717  10668  10685    15
20996   10778  10773  10728    15
20997   6876  6875  10778    15
20998   10722  10676  10699    15
20999   10778  10728  10722    15
21000   10750  6878  6877    15
21001   10778  10722  10765    15
21002   10777  4015  6878    15
21003   6876  10765  6877    15
21004   10699  10750  10765    15
21005   10750  10723  10777    15
21006   10699  10723  10750    15
21007   10660  10626  10638    15
21008   10660  10638  10679    15
21009   10637  10626  10660    15
21010   10722  10685  10676    15
21011   10699  10765  10722    15
21012   10679  10723  10699    15
21013   10599  10637  10606    15
21014   10598  10626  10586    15
21015   10637  10639  10606    15
21016   10660  10676  10637    15
21017   10586  10575  10554    15
21018   10626  10599  10586    15
21019   10638  4012  10679    15
21020   10626  10598  10638    15
21021   10638  10598  4011    15
21022   10598  4010  4011    15
21023   4012  4013  10679    15
21024   10638  4011  4012    15
21025   10777  6878  10750    15
21026   4014  10777  10723    15
21027   10777  4014  4015    15
21028   10773  6875  6874    15
21029   10731  10758  6873    15
21030   10773  6874  10758    15
21031   10709  10762  10746    15
21032   6873  6872  10731    15
21033   6872  6871  10769    15
21034   10757  10718  10714    15
21035   10757  6870  6869    15
21036   6871  10764  10769    15
21037   10718  10670  10678    15
21038   10762  10709  10718    15
21039   10757  10764  6870    15
21040   10762  10718  10757    15
21041   10764  10715  10769    15
21042   10757  10714  10764    15
21043   10715  10714  10665    15
21044   10731  10769  10715    15
21045   10590  10601  10631    15
21046   10546  10563  10590    15
21047   10680  10695  10715    15
21048   10631  10645  10680    15
21049   10634  10596  10614    15
21050   10665  10634  10614    15
21051   10670  10630  10634    15
21052   10665  10678  10634    15
21053   10665  10714  10678    15
21054   10631  10680  10665    15
21055   10714  10718  10678    15
21056   10715  10764  10714    15
21057   10670  10718  10709    15
21058   10596  10634  10630    15
21059   10596  10552  10567    15
21060   10616  10584  10630    15
21061   10630  10584  10596    15
21062   10656  10616  10661    15
21063   10602  10578  10568    15
21064   10683  10640  10654    15
21065   10612  10573  10616    15
21066   10654  10602  10612    15
21067   10702  10694  10656    15
21068   10630  10670  10661    15
21069   10694  10654  10656    15
21070   10705  10654  10694    15
21071   10710  10683  10729    15
21072   10664  10687  10641    15
21073   10702  10661  10709    15
21074   10739  10694  10702    15
21075   10746  10702  10709    15
21076   10739  10702  10754    15
21077   10754  6867  6866    15
21078   10702  10746  10754    15
21079   6867  10746  6868    15
21080   10683  10705  10729    15
21081   6864  10743  6865    15
21082   10771  10770  6863    15
21083   10710  10729  10771    15
21084   6861  10734  6862    15
21085   10734  10710  10771    15
21086   6860  10760  6861    15
21087   10687  10710  10734    15
21088   10696  10716  10755    15
21089   10687  10734  10760    15
21090   10620  10649  10605    15
21091   10729  10770  10771    15
21092   10641  10687  10666    15
21093   10729  10705  10770    15
21094   10654  10705  10683    15
21095   10640  10602  10654    15
21096   10664  10640  10683    15
21097   10640  10619  10602    15
21098   10664  10619  10640    15
21099   10664  10683  10710    15
21100   10594  10619  10641    15
21101   10594  10620  10571    15
21102   10578  10619  10594    15
21103   10605  10569  10571    15
21104   10664  10641  10619    15
21105   10641  10666  10620    15
21106   10716  10666  10687    15
21107   10687  10760  10716    15
21108   10664  10710  10687    15
21109   10692  10736  10693    15
21110   10666  10696  10649    15
21111   10611  10574  10569    15
21112   10666  10649  10620    15
21113   10651  10611  10605    15
21114   10716  10696  10666    15
21115   10611  10618  10574    15
21116   10692  10651  10649    15
21117   10657  10618  10611    15
21118   6855  10745  10753    15
21119   10657  10611  10651    15
21120   10658  10659  10697    15
21121   10693  10651  10692    15
21122   10618  10663  10628    15
21123   10753  10745  10703    15
21124   10736  10740  10693    15
21125   10696  10692  10649    15
21126   10736  10692  10738    15
21127   10703  10693  10740    15
21128   10738  6859  6858    15
21129   10692  10696  10738    15
21130   10755  10760  6860    15
21131   10716  10760  10755    15
21132   10740  10753  10703    15
21133   6856  10753  10740    15
21134   10742  10700  10745    15
21135   6856  6855  10753    15
21136   10740  6857  6856    15
21137   6857  10736  6858    15
21138   10740  10736  6857    15
21139   10736  10738  6858    15
21140   6859  10755  6860    15
21141   10738  10755  6859    15
21142   10734  10771  6862    15
21143   6863  6862  10771    15
21144   6854  10745  6855    15
21145   10706  10735  10761    15
21146   6836  6835  10737    15
21147   10720  10725  10677    15
21148   10763  6846  6845    15
21149   10725  10774  10767    15
21150   10741  10707  10767    15
21151   10741  6843  6842    15
21152   10759  10719  10752    15
21153   6841  10759  10752    15
21154   10759  6841  6840    15
21155   10691  10752  10719    15
21156   10752  6842  6841    15
21157   10751  10759  6840    15
21158   10733  6838  6837    15
21159   6838  10779  6839    15
21160   10733  10779  6838    15
21161   10780  10772  10730    15
21162   10766  6836  10737    15
21163   6834  10772  10780    15
21164   10766  10737  10711    15
21165   6837  6836  10766    15
21166   10751  6840  6839    15
21167   10766  10733  6837    15
21168   10733  10727  10779    15
21169   10711  10690  10733    15
21170   10737  10698  10711    15
21171   10733  10766  10711    15
21172   10698  10669  10711    15
21173   6835  10780  10737    15
21174   10652  10622  10624    15
21175   10730  10686  10698    15
21176   10698  10652  10669    15
21177   10650  10652  10686    15
21178   10644  10653  10608    15
21179   10701  10681  10648    15
21180   10624  10576  10608    15
21181   10711  10669  10653    15
21182   10681  10690  10644    15
21183   10733  10690  10727    15
21184   10727  10690  10681    15
21185   10759  10751  10701    15
21186   10751  10779  10727    15
21187   6839  10779  10751    15
21188   10672  10647  10691    15
21189   10759  10701  10719    15
21190   10725  10707  10677    15
21191   6844  10767  10774    15
21192   10662  10647  10621    15
21193   10677  10707  10662    15
21194   10672  10691  10719    15
21195   10603  10647  10627    15
21196   10633  10662  10621    15
21197   10674  10677  10633    15
21198   10642  10646  10688    15
21199   10597  10600  10642    15
21200   10655  10642  10689    15
21201   10610  10642  10655    15
21202   10706  10667  10655    15
21203   10688  10732  10689    15
21204   10674  10720  10677    15
21205   10712  10720  10674    15
21206   10706  10761  10748    15
21207   10655  10689  10706    15
21208   10720  10763  10774    15
21209   6845  6844  10774    15
21210   6846  10748  6847    15
21211   10712  10667  10706    15
21212   6846  10763  10748    15
21213   10761  6847  10748    15
21214   6849  6848  10735    15
21215   10712  10763  10720    15
21216   10706  10748  10712    15
21217   10735  6848  10761    15
21218   10689  10732  10735    15
21219   10646  10671  10704    15
21220   10732  10688  10747    15
21221   10747  10704  10744    15
21222   6849  10732  6850    15
21223   6850  10747  6851    15
21224   10749  6852  10744    15
21225   6853  6852  10749    15
21226   6853  10742  6854    15
21227   10742  10749  10697    15
21228   6853  10749  10742    15
21229   10745  10700  10703    15
21230   6854  10742  10745    15
21231   10659  10663  10700    15
21232   10697  10659  10700    15
21233   10704  10747  10688    15
21234   10697  10708  10658    15
21235   10708  10744  10704    15
21236   10749  10744  10708    15
21237   10646  10704  10688    15
21238   10600  10629  10646    15
21239   10671  10658  10708    15
21240   10629  10658  10671    15
21241   10663  10703  10700    15
21242   10566  10541  10527    15
21243   10663  10657  10703    15
21244   10618  10657  10663    15
21245   10628  10663  10659    15
21246   10548  10566  10527    15
21247   10508  10534  10548    15
21248   10411  10425  10380    15
21249   10588  10618  10628    15
21250   10574  10618  10588    15
21251   10541  10581  10559    15
21252   10495  10541  10514    15
21253   10566  10581  10541    15
21254   10628  10609  10588    15
21255   10609  10581  10566    15
21256   10658  10629  10609    15
21257   10559  10581  10600    15
21258   10582  10564  10610    15
21259   10625  10595  10582    15
21260   10674  10632  10667    15
21261   10632  10595  10625    15
21262   10633  10595  10632    15
21263   10570  10542  10529    15
21264   10556  10595  10555    15
21265   10564  10582  10537    15
21266   10559  10525  10514    15
21267   10559  10597  10564    15
21268   10600  10597  10559    15
21269   10581  10629  10600    15
21270   10609  10629  10581    15
21271   10514  10541  10559    15
21272   10502  10484  10525    15
21273   10502  10519  10480    15
21274   10525  10537  10502    15
21275   10519  10529  10494    15
21276   10537  10556  10519    15
21277   10451  10494  10461    15
21278   10502  10480  10460    15
21279   10480  10494  10451    15
21280   10519  10494  10480    15
21281   10440  10407  10412    15
21282   10480  10451  10440    15
21283   10460  10439  10484    15
21284   10480  10440  10460    15
21285   10439  10426  10471    15
21286   10356  10396  10412    15
21287   10471  10495  10514    15
21288   10484  10439  10471    15
21289   10495  10527  10541    15
21290   10484  10471  10514    15
21291   10495  10508  10527    15
21292   10473  10508  10495    15
21293   10508  10548  10527    15
21294   10450  10493  10473    15
21295   10456  10495  10471    15
21296   10411  10450  10425    15
21297   10473  10425  10450    15
21298   10495  10456  10473    15
21299   10426  10391  10425    15
21300   10473  10456  10425    15
21301   10346  10339  10380    15
21302   10377  10356  10412    15
21303   10426  10439  10396    15
21304   10425  10456  10426    15
21305   10357  10313  10346    15
21306   10426  10396  10391    15
21307   10346  10391  10357    15
21308   10298  10339  10300    15
21309   10391  10346  10380    15
21310   10396  10357  10391    15
21311   10273  10221  10256    15
21312   10339  10346  10300    15
21313   10221  10239  10193    15
21314   10261  10256  10211    15
21315   10273  10239  10221    15
21316   10261  10300  10256    15
21317   10209  10165  10193    15
21318   10325  10284  10313    15
21319   10273  10256  10300    15
21320   10308  10356  10337    15
21321   10284  10239  10273    15
21322   10209  10239  10254    15
21323   10313  10300  10346    15
21324   10284  10273  10313    15
21325   10254  10308  10269    15
21326   10239  10284  10254    15
21327   10209  10224  10181    15
21328   10193  10239  10209    15
21329   10224  10244  10198    15
21330   10209  10254  10224    15
21331   10198  10181  10224    15
21332   10277  10252  10288    15
21333   10295  10288  10244    15
21334   10337  10295  10308    15
21335   10269  10308  10295    15
21336   10224  10254  10269    15
21337   10295  10337  10329    15
21338   10244  10269  10295    15
21339   10325  10356  10308    15
21340   10254  10284  10308    15
21341   10325  10313  10357    15
21342   10308  10284  10325    15
21343   10356  10377  10337    15
21344   10357  10396  10356    15
21345   10371  10329  10337    15
21346   10439  10412  10396    15
21347   10412  10407  10377    15
21348   10460  10440  10412    15
21349   10392  10355  10371    15
21350   10440  10451  10407    15
21351   10407  10371  10377    15
21352   10392  10371  10416    15
21353   10392  10375  10355    15
21354   10461  10433  10416    15
21355   10345  10323  10358    15
21356   10392  10409  10375    15
21357   10358  10342  10375    15
21358   10415  10423  10441    15
21359   10355  10375  10342    15
21360   10286  10277  10311    15
21361   10288  10295  10329    15
21362   10311  10277  10314    15
21363   10355  10314  10329    15
21364   10342  10314  10355    15
21365   10288  10314  10277    15
21366   10329  10314  10288    15
21367   10212  10198  10244    15
21368   10156  10169  10195    15
21369   10252  10244  10288    15
21370   10195  10212  10235    15
21371   10195  10178  10156    15
21372   10199  10178  10216    15
21373   10216  10178  10195    15
21374   10286  10251  10277    15
21375   10235  10212  10252    15
21376   10229  10216  10251    15
21377   10251  10216  10235    15
21378   10262  10229  10251    15
21379   10262  10251  10286    15
21380   10214  10229  10241    15
21381   10199  10214  10182    15
21382   10216  10229  10199    15
21383   10214  10199  10229    15
21384   10191  10196  10215    15
21385   10196  10182  10214    15
21386   10171  10182  10196    15
21387   10228  10236  10215    15
21388   10196  10214  10228    15
21389   10241  10229  10262    15
21390   10228  10214  10241    15
21391   10276  10282  10258    15
21392   10228  10241  10250    15
21393   10272  10294  10297    15
21394   10241  10262  10272    15
21395   10294  10323  10320    15
21396   10262  10286  10294    15
21397   10323  10345  10320    15
21398   10311  10342  10323    15
21399   10345  10348  10320    15
21400   10389  10372  10358    15
21401   10358  10375  10389    15
21402   10323  10342  10358    15
21403   10327  10320  10348    15
21404   10297  10320  10327    15
21405   10397  10415  10394    15
21406   10348  10372  10370    15
21407   10397  10372  10401    15
21408   10370  10372  10397    15
21409   10423  10446  10441    15
21410   10415  10397  10423    15
21411   10467  10446  10478    15
21412   10458  10441  10467    15
21413   10507  10464  10489    15
21414   10497  10478  10507    15
21415   10401  10372  10389    15
21416   10423  10397  10401    15
21417   10447  10464  10429    15
21418   10423  10429  10446    15
21419   10429  10389  10409    15
21420   10423  10401  10429    15
21421   10433  10409  10392    15
21422   10407  10451  10416    15
21423   10433  10392  10416    15
21424   10447  10409  10433    15
21425   10516  10489  10476    15
21426   10494  10529  10503    15
21427   10516  10542  10550    15
21428   10476  10503  10516    15
21429   10464  10446  10429    15
21430   10433  10476  10447    15
21431   10464  10507  10478    15
21432   10447  10489  10464    15
21433   10550  10572  10528    15
21434   10647  10603  10621    15
21435   10542  10503  10529    15
21436   10592  10577  10627    15
21437   10570  10529  10555    15
21438   10550  10577  10592    15
21439   10593  10633  10621    15
21440   10595  10633  10593    15
21441   10577  10542  10570    15
21442   10648  10627  10672    15
21443   10577  10570  10603    15
21444   10550  10542  10577    15
21445   10627  10577  10603    15
21446   10617  10592  10627    15
21447   10617  10648  10644    15
21448   10572  10592  10617    15
21449   10528  10572  10547    15
21450   10516  10550  10528    15
21451   10572  10617  10608    15
21452   10550  10592  10572    15
21453   10557  10583  10545    15
21454   10576  10591  10557    15
21455   10576  10624  10591    15
21456   10572  10608  10576    15
21457   10622  10583  10591    15
21458   10561  10585  10580    15
21459   10624  10622  10591    15
21460   10653  10669  10624    15
21461   10481  10511  10505    15
21462   10443  10458  10465    15
21463   10443  10434  10458    15
21464   10408  10434  10420    15
21465   10465  10458  10481    15
21466   10453  10443  10465    15
21467   10420  10434  10443    15
21468   10363  10378  10353    15
21469   10435  10443  10453    15
21470   10386  10406  8447    15
21471   10483  10518  10500    15
21472   10465  10481  10483    15
21473   10475  10485  10466    15
21474   10465  10483  10475    15
21475   10485  8452  8451    15
21476   10483  10500  10475    15
21477   10509  8452  10485    15
21478   10531  10505  10511    15
21479   10427  10406  10414    15
21480   8449  8448  10427    15
21481   10466  10485  8451    15
21482   10444  10453  10466    15
21483   10414  10435  10427    15
21484   10408  10399  10385    15
21485   10444  8450  8449    15
21486   10435  10453  10444    15
21487   10406  10427  8448    15
21488   10420  10399  10408    15
21489   10393  10414  10406    15
21490   10350  10369  10368    15
21491   10350  8445  8444    15
21492   10368  10386  8446    15
21493   10338  8443  10322    15
21494   10353  10350  10335    15
21495   10368  8446  8445    15
21496   10369  10386  10368    15
21497   10378  10393  10369    15
21498   10353  10378  10369    15
21499   10393  10386  10369    15
21500   10394  10366  10370    15
21501   10393  10406  10386    15
21502   10420  10414  10399    15
21503   10399  10393  10378    15
21504   10394  10408  10385    15
21505   10399  10378  10385    15
21506   10414  10393  10399    15
21507   10344  10363  10353    15
21508   10303  10282  10276    15
21509   10366  10363  10347    15
21510   10394  10385  10366    15
21511   10328  10347  10344    15
21512   10327  10347  10328    15
21513   10335  10315  10324    15
21514   10328  10344  10324    15
21515   10335  10344  10353    15
21516   10305  10324  10315    15
21517   10305  10293  10289    15
21518   10302  10293  10315    15
21519   10289  10278  10267    15
21520   10324  10305  10309    15
21521   10309  10282  10303    15
21522   10305  10289  10309    15
21523   10276  10258  10250    15
21524   10297  10303  10276    15
21525   10258  10267  10243    15
21526   10228  10250  10236    15
21527   10258  10236  10250    15
21528   10243  10236  10258    15
21529   10202  10186  10201    15
21530   10236  10243  10225    15
21531   10219  10201  10225    15
21532   10264  10248  10271    15
21533   10253  10267  10278    15
21534   10231  10238  10248    15
21535   10282  10267  10258    15
21536   10309  10289  10282    15
21537   10271  10253  10278    15
21538   10248  10253  10271    15
21539   8436  8435  10187    15
21540   10231  10218  10219    15
21541   10219  10202  10201    15
21542   10218  10202  10219    15
21543   8436  10187  10202    15
21544   8439  10248  10264    15
21545   10231  10219  10238    15
21546   8437  10218  10231    15
21547   10248  10238  10253    15
21548   8438  10231  10248    15
21549   10322  10302  10315    15
21550   10283  10264  10271    15
21551   8441  8440  10283    15
21552   10302  10283  10293    15
21553   8442  8441  10302    15
21554   10315  10293  10305    15
21555   10338  10322  10315    15
21556   8442  10302  10322    15
21557   10338  8444  8443    15
21558   10202  10218  8436    15
21559   8437  10231  8438    15
21560   8436  10218  8437    15
21561   8450  10466  8451    15
21562   10444  10466  8450    15
21563   10526  8453  10509    15
21564   10585  10604  10580    15
21565   8459  8458  10675    15
21566   6829  10756  6830    15
21567   10636  10675  8458    15
21568   10526  10549  8454    15
21569   10509  8453  8452    15
21570   10500  10526  10509    15
21571   10561  10580  10549    15
21572   10531  10558  10536    15
21573   10607  10604  10585    15
21574   10675  10636  10673    15
21575   10604  8456  10580    15
21576   10775  10768  6832    15
21577   10518  10526  10500    15
21578   10561  10526  10536    15
21579   10536  10518  10531    15
21580   10526  10518  10536    15
21581   10505  10483  10481    15
21582   10531  10518  10505    15
21583   10545  10562  10531    15
21584   10497  10520  10487    15
21585   10545  10531  10511    15
21586   10533  10557  10520    15
21587   10545  10583  10562    15
21588   10520  10557  10545    15
21589   10583  10557  10591    15
21590   10558  10562  10587    15
21591   10558  10561  10536    15
21592   10587  10585  10558    15
21593   10587  10607  10585    15
21594   10562  10583  10587    15
21595   10613  10615  10643    15
21596   10587  10613  10607    15
21597   10615  10650  10643    15
21598   10587  10615  10613    15
21599   10615  10583  10622    15
21600   10587  10583  10615    15
21601   10650  10622  10652    15
21602   10726  10768  10775    15
21603   10686  10652  10698    15
21604   10684  10650  10686    15
21605   10684  10643  10650    15
21606   10682  10643  10684    15
21607   10721  10730  10772    15
21608   10726  10684  10721    15
21609   10635  10613  10643    15
21610   10713  10673  10724    15
21611   10607  10635  10604    15
21612   10613  10635  10607    15
21613   10635  10673  10636    15
21614   10643  10682  10635    15
21615   10604  8457  8456    15
21616   10636  8457  10604    15
21617   10636  10604  10635    15
21618   8458  8457  10636    15
21619   10713  8459  10675    15
21620   10635  10682  10673    15
21621   10713  10675  10673    15
21622   8460  8459  10713    15
21623   10724  10673  10682    15
21624   8460  10756  6829    15
21625   10776  10724  10775    15
21626   10713  10724  10776    15
21627   6831  10776  10775    15
21628   10726  10682  10684    15
21629   10724  10682  10726    15
21630   6831  10775  6832    15
21631   6830  10776  6831    15
21632   10768  10726  10721    15
21633   10730  10737  10780    15
21634   10721  10686  10730    15
21635   10772  10768  10721    15
21636   6832  10768  6833    15
21637   10768  10772  6833    15
21638   10772  6834  6833    15
21639   10756  10776  6830    15
21640   10756  10713  10776    15
21641   8460  10713  10756    15
# Generated by ./tetgen -pq1.1a0.01 -Y -V -k Input.poly 
